index,Order ID,Cust ID,Gender,Age,Date,Status,Channel ,SKU,Category,Size,Qty,currency,Amount,ship-city,ship-postal-code,ship-country,B2B
1,171-1029312-3038738,1029312,Women,44,12/04/2022,Delivered,Myntra,JNE1233-BLUE-KR-031-XXL,kurta,XXL,1,INR,376,MOHALI,140301,IN,FALSE
2,405-2183842-2225946,2183842,Women,29,12/04/2022,Delivered,Ajio,SET414-KR-NP-L,Set,L,1,INR,1449,GURUGRAM,122002,IN,FALSE
3,171-1641533-8921966,1641533,Women,67,12/04/2022,Delivered,Myntra,SET261-KR-PP-S,Set,S,1,INR,453,KOLKATA,700029,IN,FALSE
4,404-7490807-6300351,7490807,Women,20,12/04/2022,Delivered,Amazon,SET110-KR-PP-M,Set,M,1,INR,729,THANJAVUR,613007,IN,FALSE
5,403-9293516-4577154,9293516,Women,62,12/04/2022,Delivered,Myntra,JNE2294-KR-A-XXL,kurta,XXL,1,INR,544,GURUGRAM,122001,IN,FALSE
6,407-1298130-0368305,1298130,Men,49,12/04/2022,Delivered,Flipkart,JNE3797-KR-XXL,Western Dress,XXL,One,INR,735,SANGLI MIRAJ KUPWAD,416436,IN,FALSE
7,407-1298130-0368305,1298130,W,23,12/04/2022,Delivered,Meesho,JNE3801-KR-XXL,kurta,XXL,One,INR,735,BENGALURU,560029,IN,FALSE
8,171-5561216-3398711,5561216,W,70,12/04/2022,Delivered,Others,JNE3405-KR-M,kurta,M,One,INR,435,GURUGRAM,122001,IN,FALSE
9,408-2935263-2935550,2935263,W,75,12/04/2022,Delivered,Amazon,JNE3474-KR-E-XL,kurta,XL,One,INR,385,BENGALURU,562149,IN,FALSE
10,404-2648970-9042715,2648970,W,43,12/04/2022,Delivered,Myntra,JNE3466-KR-L,kurta,L,One,INR,771,VIJAYAWADA,520002,IN,FALSE
11,404-2648970-9042715,2648970,W,76,12/04/2022,Delivered,Amazon,JNE3795-KR-S,kurta,S,One,INR,517,THIRUVANANTHAPURAM,695018,IN,FALSE
12,404-2648970-9042715,2648970,Women,45,12/04/2022,Delivered,Myntra,J0181-TP-M,Top,M,1,INR,399,ARAKONAM,631003,IN,FALSE
13,408-0265357-4939534,265357,Women,18,12/04/2022,Delivered,Amazon,SET217-KR-PP-XL,Set,XL,1,INR,786,GUWAHATI,781017,IN,FALSE
14,403-9268874-7296313,9268874,Men,44,12/04/2022,Delivered,Myntra,SET185-KR-NP-M,Set,M,1,INR,911,BENGALURU,562125,IN,FALSE
15,407-0442660-2736366,442660,Women,52,12/04/2022,Delivered,Amazon,SET333-KR-DPT-M,Set,M,1,INR,967,HYDERABAD,500098,IN,FALSE
16,406-7482261-1657136,7482261,Women,18,12/04/2022,Delivered,Nalli,J0124-TP-L,Top,L,1,INR,523,NEW DELHI,110062,IN,FALSE
17,407-7039962-7080347,7039962,Men,30,12/04/2022,Delivered,Meesho,SET304-KR-DPT-XL,Set,XL,1,INR,1115,Bhubaneswar,751022,IN,FALSE
18,407-3422488-7373923,3422488,Women,48,12/04/2022,Delivered,Others,SET184-KR-PP-XS,Set,XS,1,INR,563,SIROHI,307001,IN,FALSE
19,171-8974687-6745940,8974687,Men,24,12/04/2022,Delivered,Myntra,J0161-DR-XXL,Western Dress,XXL,1,INR,473,MUMBAI,400097,IN,FALSE
20,406-0244536-2177175,244536,Women,46,12/04/2022,Delivered,Amazon,SET233-KR-PP-M,Set,M,1,INR,545,AMRITSAR,143001,IN,FALSE
21,404-4376789-3345166,4376789,Women,43,12/04/2022,Delivered,Nalli,J0231-SKD-XXXL,Set,3XL,1,INR,1164,LUCKNOW,226024,IN,FALSE
22,408-1943310-9789160,1943310,Men,31,12/04/2022,Refunded,Myntra,J0339-DR-XXL,Western Dress,XXL,1,INR,743,NEW DELHI,110087,IN,FALSE
23,403-0950590-5005155,950590,Men,30,12/04/2022,Delivered,Myntra,SET210-KR-PP-XXXL,Set,3XL,1,INR,575,MADURAI,625014,IN,FALSE
24,406-3935670-5720350,3935670,Women,19,12/04/2022,Delivered,Ajio,SET110-KR-PP-XS,Set,XS,1,INR,788,Meerut,250002,IN,FALSE
25,402-0398999-0011565,398999,Women,37,12/04/2022,Delivered,Amazon,SET273-KR-NP-M,Set,M,1,INR,612,HYDERABAD,500060,IN,FALSE
26,403-5438780-7231546,5438780,Women,37,12/04/2022,Delivered,Others,MEN5025-KR-XXL,kurta,XXL,1,INR,533,INDORE,452014,IN,FALSE
27,406-8343960-8137102,8343960,Women,62,12/04/2022,Delivered,Flipkart,JNE3690-TU-XL,Top,XL,1,INR,484,DAVANAGERE,577004,IN,FALSE
28,406-0986513-0498758,986513,Men,20,12/04/2022,Delivered,Flipkart,SET184-KR-PP-XXXL,Set,3XL,1,INR,563,RUDRAPUR,263153,IN,FALSE
29,406-0947452-6044339,947452,Men,77,12/04/2022,Delivered,Flipkart,JNE3797-KR-XXL,Western Dress,XXL,1,INR,735,CHENNAI,600103,IN,FALSE
30,406-1326018-3426760,1326018,Men,26,12/04/2022,Delivered,Amazon,SET183-KR-DH-XS,Set,XS,1,INR,759,PRAYAGRAJ,230304,IN,FALSE
31,406-9281717-2212317,9281717,Men,40,12/04/2022,Delivered,Amazon,JNE3797-KR-XXL,Western Dress,XXL,1,INR,715,GREAT NICOBAR,744302,IN,FALSE
32,408-6866119-6793128,6866119,Men,52,12/04/2022,Delivered,Amazon,J0414-DR-XXL,Western Dress,XXL,1,INR,885,AHMEDABAD,380058,IN,FALSE
33,403-9400852-1350710,9400852,Women,38,12/04/2022,Delivered,Others,JNE3601-KR-M,kurta,M,1,INR,301,SALEM,636007,IN,FALSE
34,408-2606836-0473931,2606836,Men,39,12/04/2022,Delivered,Myntra,J0231-SKD-XL,Set,XL,1,INR,1238,GUWAHATI,781020,IN,FALSE
35,405-8481179-1130753,8481179,Men,37,12/04/2022,Delivered,Amazon,SET320-KR-NP-S,Set,S,1,INR,856,CHENNAI,600119,IN,FALSE
36,406-9686095-5057139,9686095,Women,73,12/04/2022,Delivered,Flipkart,J0351-SET-L,Set,L,1,INR,650,VADODARA,390021,IN,FALSE
37,404-9033015-7527503,9033015,Women,41,12/04/2022,Delivered,Amazon,JNE3368-KR-XL,kurta,XL,1,INR,449,Payyannur,670309,IN,FALSE
38,402-6932218-7744338,6932218,Women,41,12/04/2022,Delivered,Myntra,SET333-KR-DPT-XS,Set,XS,1,INR,967,CHANDIGARH,160036,IN,FALSE
39,408-8796291-5026713,8796291,Women,35,12/04/2022,Delivered,Amazon,JNE3423-KR-XL,kurta,XL,1,INR,399,GURUGRAM,122001,IN,FALSE
40,407-9654105-3225150,9654105,Women,72,12/04/2022,Delivered,Flipkart,J0230-SKD-M,Set,M,1,INR,969,MOHALI,160062,IN,FALSE
41,402-0637532-2672317,637532,Men,39,12/04/2022,Delivered,Flipkart,J0159-DR-L,Western Dress,L,1,INR,599,BENGALURU,560061,IN,FALSE
42,402-0637532-2672317,637532,Women,39,12/04/2022,Delivered,Amazon,J0334-TP-S,Top,S,1,INR,545,PUNE,411051,IN,FALSE
43,404-3393819-5081930,3393819,Women,44,12/04/2022,Delivered,Myntra,SET397-KR-NP-XS,Set,XS,1,INR,1115,PUNE,412207,IN,FALSE
44,406-5673590-1054739,5673590,Women,22,12/04/2022,Delivered,Meesho,SET389-KR-NP-XL,Set,XL,1,INR,648,SONIPAT,131001,IN,FALSE
45,403-5846829-5098742,5846829,Women,64,12/04/2022,Delivered,Flipkart,J0248-KR-DPT-S,Set,S,1,INR,999,NELLORE,524002,IN,FALSE
46,171-4087298-3807569,4087298,Women,30,12/04/2022,Delivered,Amazon,NW001-TP-PJ-XXL,Set,XXL,1,INR,563,TIRUCHIRAPPALLI,620101,IN,FALSE
47,408-7694743-7590732,7694743,Women,46,12/04/2022,Delivered,Myntra,J0092-SET-S,Set,S,1,INR,833,BENGALURU,562107,IN,FALSE
48,406-8068610-1108329,8068610,Women,48,12/04/2022,Delivered,Nalli,JNE3770-KR-S,kurta,S,1,INR,487,PUNE,411014,IN,FALSE
49,171-7917674-9759550,7917674,Women,25,12/04/2022,Delivered,Myntra,JNE3703-KR-M,kurta,M,1,INR,292,VARANASI,221010,IN,FALSE
50,406-2709798-4585159,2709798,M,35,12/04/2022,Delivered,Others,SET210-KR-PP-M,Set,M,1,INR,558,UDUPI,574118,IN,FALSE
51,405-4213846-6141157,4213846,Women,27,12/04/2022,Delivered,Amazon,J0003-SET-M,Set,M,1,INR,664,HYDERABAD,500039,IN,FALSE
52,407-7381557-9088310,7381557,Women,21,12/04/2022,Delivered,Others,J0230-SKD-M,Set,M,1,INR,1112,Allahabad,211001,IN,FALSE
53,403-0817885-3061963,817885,Women,43,12/04/2022,Delivered,Others,J0113-TP-S,Top,S,1,INR,540,SOUTH DELHI,110017,IN,FALSE
54,171-2439278-5433152,2439278,M,39,12/04/2022,Delivered,Myntra,SET268-KR-NP-XS,Set,XS,1,INR,698,KHALILABAD,272175,IN,FALSE
55,405-8874360-4913961,8874360,M,23,12/04/2022,Delivered,Others,J0004-SKD-XXL,Set,XXL,1,INR,1115,NEW DELHI,110016,IN,FALSE
56,408-4675134-5301129,4675134,Women,58,12/04/2022,Delivered,Meesho,SET209-KR-PP-XXL,Set,XXL,1,INR,507,HYDERABAD,500008,IN,FALSE
57,402-9907523-6175562,9907523,M,27,12/04/2022,Delivered,Amazon,SET343-KR-NP-XS,Set,XS,1,INR,916,SULTANPUR,228001,IN,FALSE
58,402-9907523-6175562,9907523,Women,38,12/04/2022,Delivered,Amazon,SAR008,Saree,Free,1,INR,737,MURWARA KATNI,483501,IN,FALSE
59,407-7643005-7856329,7643005,M,75,12/04/2022,Delivered,Flipkart,SET402-KR-NP-XXXL,Set,3XL,1,INR,988,MUMBAI,400063,IN,FALSE
60,407-0381223-7065145,381223,M,47,12/04/2022,Delivered,Meesho,J0095-SET-XL,Set,XL,1,INR,633,CHENNAI,600066,IN,FALSE
61,407-8538186-6616316,8538186,Women,62,12/04/2022,Delivered,Amazon,SET348-KR-NP-M,Set,M,1,INR,899,MAHENDRAGARH,123029,IN,FALSE
62,403-1785530-0119510,1785530,Women,42,12/04/2022,Delivered,Amazon,PJNE2100-KR-N-6XL,kurta,6XL,1,INR,764,BENGALURU,560103,IN,FALSE
63,403-0824767-1871567,824767,Women,34,12/04/2022,Delivered,Others,MEN5004-KR-XXXL,kurta,3XL,1,INR,688,CHENNAI,600061,IN,FALSE
64,404-8169153-4411563,8169153,Women,20,12/04/2022,Delivered,Amazon,JNE3567-KR-L,kurta,L,1,INR,399,Bangalore,560054,IN,FALSE
65,406-5169174-3536336,5169174,Women,44,12/04/2022,Cancelled,Myntra,JNE3568-KR-XL,kurta,XL,1,INR,399,KALYAN,421306,IN,FALSE
66,402-2130722-4734768,2130722,Women,24,12/04/2022,Delivered,Myntra,J0090-TP-S,Top,S,1,INR,563,AHMEDABAD,382470,IN,FALSE
67,404-8399604-8880365,8399604,Women,31,12/04/2022,Delivered,Amazon,JNE3461-KR-XL,kurta,XL,1,INR,363,KOLKATA,700028,IN,FALSE
68,403-8213196-3804353,8213196,M,75,12/04/2022,Delivered,Myntra,SET218-KR-NP-S,Set,S,1,INR,667,BOKARO STEEL CITY,827001,IN,FALSE
69,408-3286680-0659521,3286680,Women,46,12/04/2022,Delivered,Myntra,SAR006,Saree,Free,1,INR,685,Panchkula,134116,IN,FALSE
70,403-6014983-8111514,6014983,Men,48,12/04/2022,Delivered,Myntra,SET272-KR-PP-S,Set,S,1,INR,852,PUNE,411021,IN,FALSE
71,403-6950860-5590722,6950860,Women,26,12/04/2022,Delivered,Amazon,SAR018,Saree,Free,1,INR,1075,PATNA,801113,IN,FALSE
72,406-7030051-2742704,7030051,Women,36,12/04/2022,Delivered,Myntra,J0094-KR-XXL,kurta,XXL,1,INR,563,NEW DELHI,110084,IN,FALSE
73,404-6041386-2803516,6041386,Men,23,12/04/2022,Delivered,Flipkart,J0283-SET-XXL,Set,XXL,1,INR,1072,KALYAN,421201,IN,FALSE
74,404-7958450-6860328,7958450,Men,32,12/04/2022,Delivered,Amazon,SET339-KR-NP-XS,Set,XS,1,INR,702,Bengaluru,560095,IN,FALSE
75,408-7814128-2203552,7814128,Women,26,12/04/2022,Delivered,Nalli,SAR003,Saree,Free,1,INR,476,NAVI MUMBAI,400705,IN,FALSE
76,403-9793483-6877106,9793483,Men,45,12/04/2022,Delivered,Myntra,SET324-KR-NP-XL,Set,XL,1,INR,597,BENGALURU,560021,IN,FALSE
77,402-5297818-3665137,5297818,Women,49,12/04/2022,Delivered,Flipkart,SET403-KR-NP-XL,Set,XL,1,INR,969,VARKALA,695141,IN,FALSE
78,171-2070545-3786767,2070545,Women,21,12/04/2022,Delivered,Flipkart,J0349-SET-XS,Set,XS,1,INR,801,BIKANER,334001,IN,FALSE
79,406-1756314-4546723,1756314,Women,39,12/04/2022,Delivered,Myntra,JNE3560-KR-XL,kurta,XL,1,INR,481,GURUGRAM,122001,IN,FALSE
80,404-8786932-9447520,8786932,Men,55,12/04/2022,Delivered,Ajio,NW034-TP-PJ-M,Set,M,1,INR,595,BHARUCH,392001,IN,FALSE
81,408-8573929-1921943,8573929,Women,30,12/04/2022,Delivered,Flipkart,JNE3518-KR-XXL,kurta,XXL,1,INR,458,MUMBAI,400097,IN,FALSE
82,408-8573929-1921943,8573929,Women,46,12/04/2022,Delivered,Amazon,JNE3160-KR-M,kurta,M,1,INR,729,kolkata,700082,IN,FALSE
83,407-8980704-1408352,8980704,Women,59,12/04/2022,Cancelled,Myntra,JNE3487-KR-M,kurta,M,1,INR,345,NOIDA,201304,IN,FALSE
84,171-2516658-6849136,2516658,Women,55,12/04/2022,Delivered,Flipkart,JNE3560-KR-M,kurta,M,1,INR,481,CHENNAI,600077,IN,FALSE
85,404-0105497-2446747,105497,Women,37,12/04/2022,Refunded,Amazon,JNE3373-KR-S,kurta,S,1,INR,382,BHANDARA,441701,IN,FALSE
86,406-6468339-1490707,6468339,Men,19,12/04/2022,Delivered,Amazon,SET377-KR-NP-XS,Set,XS,1,INR,1036,MUMBAI,400093,IN,FALSE
87,402-6702100-7257107,6702100,Women,49,12/04/2022,Returned,Myntra,JNE3620-KR-S,kurta,S,1,INR,322,NEW DELHI,110084,IN,FALSE
88,404-6243782-8199521,6243782,Women,33,12/04/2022,Delivered,Amazon,JNE3822-KR-L,kurta,L,1,INR,449,BHATKAL,581320,IN,FALSE
89,403-3641651-0348348,3641651,Men,22,12/04/2022,Delivered,Amazon,SET184-KR-PP-L,Set,L,1,INR,573,MUMBAI,400098,IN,FALSE
90,402-7662369-2719545,7662369,Women,18,12/04/2022,Delivered,Myntra,SET366-KR-NP-S,Set,S,1,INR,1163,RANCHI,834008,IN,FALSE
91,403-8575376-3341124,8575376,Women,32,12/04/2022,Delivered,Flipkart,SET253-KR-NP-L,Set,L,1,INR,737,HYDERABAD,500020,IN,FALSE
92,403-7384618-1017125,7384618,Women,48,12/04/2022,Delivered,Flipkart,SET203-KR-DPT-L,Set,L,1,INR,429,CHENNAI,600051,IN,FALSE
93,403-7384618-1017125,7384618,Women,36,12/04/2022,Delivered,Myntra,JNE3368-KR-XL,kurta,XL,1,INR,471,VISAKHAPATNAM,530003,IN,FALSE
94,403-3542194-2527546,3542194,W,20,12/04/2022,Delivered,Amazon,SAR028,Saree,Free,1,INR,307,Perambra,673524,IN,FALSE
95,405-6859790-7125127,6859790,W,48,12/04/2022,Delivered,Meesho,SET024-KR-SP-A-M,kurta,M,1,INR,631,GURUGRAM,122002,IN,FALSE
96,403-0347306-1283554,347306,W,66,12/04/2022,Delivered,Amazon,JNE3794-KR-M,kurta,M,1,INR,517,HYDERABAD,500090,IN,FALSE
97,406-7048232-6973930,7048232,W,60,12/04/2022,Delivered,Myntra,JNE3781-KR-S,kurta,S,1,INR,427,HAMIRPUR,177005,IN,FALSE
98,404-5516090-4385135,5516090,Men,47,12/04/2022,Delivered,Others,J0338-DR-S,Western Dress,S,1,INR,855,Nayagarh,752069,IN,FALSE
99,403-0294848-6612317,294848,W,19,12/04/2022,Delivered,Flipkart,JNE3365-KR-1052-A-XXL,kurta,XXL,1,INR,376,BENGALURU,560075,IN,FALSE
100,408-6522716-9753142,6522716,Men,48,12/04/2022,Delivered,Amazon,JNE3805-KR-L,kurta,L,1,INR,487,BENGALURU,562125,IN,FALSE
101,408-6522716-9753142,6522716,Men,78,12/04/2022,Delivered,Myntra,SET319-KR-NP-M,Set,M,1,INR,852,NEW DELHI,110034,IN,FALSE
102,408-3094141-6564325,3094141,W,40,12/04/2022,Delivered,Amazon,JNE3466-KR-XXL,kurta,XXL,1,INR,771,TIRUCHIRAPPALLI,620017,IN,FALSE
103,405-8966819-1579535,8966819,W,38,12/04/2022,Delivered,Flipkart,JNE3805-KR-M,kurta,M,1,INR,487,PUDUVAYAL,630108,IN,FALSE
104,404-2716293-0209115,2716293,W,21,12/04/2022,Delivered,Amazon,MEN5019-KR-XL,kurta,XL,1,INR,472,HYDERABAD,500045,IN,FALSE
105,403-9848998-6793100,9848998,Women,38,12/04/2022,Delivered,Amazon,SAR015,Saree,Free,1,INR,790,UDAIPUR,313001,IN,FALSE
106,171-6592212-4665122,6592212,Women,25,12/04/2022,Delivered,Amazon,JNE3794-KR-XS,kurta,XS,1,INR,517,PUDUCHERRY,605004,IN,FALSE
107,404-5467416-2849910,5467416,Women,35,12/04/2022,Delivered,Flipkart,SET135-KR-PP-XXXL,Set,3XL,1,INR,646,GREATER NOIDA,201310,IN,FALSE
108,408-1265802-4542716,1265802,Women,23,12/04/2022,Delivered,Amazon,J0338-DR-XL,Western Dress,XL,1,INR,743,SECUNDERABAD,500011,IN,FALSE
109,171-9585512-1214755,9585512,Women,61,12/04/2022,Delivered,Myntra,JNE2251-KR-537-XXL,kurta,XXL,1,INR,399,new delhi,110063,IN,FALSE
110,405-6513430-0509918,6513430,Women,40,12/04/2022,Delivered,Flipkart,SET272-KR-PP-M,Set,M,1,INR,852,GREATER NOIDA,201306,IN,FALSE
111,406-7694216-8034754,7694216,Men,32,12/04/2022,Delivered,Flipkart,SET197-KR-NP-M,Set,M,1,INR,759,MYSURU,570034,IN,FALSE
112,408-5911668-5550717,5911668,Women,31,12/04/2022,Delivered,Nalli,J0301-TP-XL,Top,XL,1,INR,493,NEW DELHI,110059,IN,FALSE
113,404-5364170-6523532,5364170,Women,29,12/04/2022,Delivered,Amazon,JNE3518-KR-XXL,kurta,XXL,1,INR,458,JAIPUR,303002,IN,FALSE
114,405-3614770-5449966,3614770,Women,27,12/04/2022,Delivered,Amazon,JNE3405-KR-M,kurta,M,1,INR,435,BIDAR,585401,IN,FALSE
115,404-1246579-1197122,1246579,Women,48,12/04/2022,Delivered,Amazon,SET251-KR-PP-XS,Set,XS,1,INR,759,BABUGARH,245201,IN,FALSE
116,406-6695683-9996343,6695683,Men,30,12/04/2022,Cancelled,Myntra,SET282-KR-PP-L,Set,L,1,INR,1043,THANE,400606,IN,FALSE
117,404-1994186-3865941,1994186,Men,71,12/04/2022,Delivered,Myntra,SET268-KR-NP-M,Set,M,1,INR,698,UDAIPUR,313001,IN,FALSE
118,404-0172471-1609129,172471,Women,41,12/04/2022,Delivered,Flipkart,JNE3648-TP-N-S,Top,S,1,INR,518,DOHAD,389151,IN,FALSE
119,406-0681598-4591519,681598,Men,28,12/04/2022,Delivered,Myntra,J0308-DR-XXL,Western Dress,XXL,1,INR,625,Barasat,700124,IN,FALSE
120,407-1388772-0703516,1388772,Women,19,12/04/2022,Delivered,Flipkart,MEN5026-KR-XXXL,kurta,3XL,1,INR,499,INDORE,452001,IN,FALSE
121,408-3131740-5067529,3131740,Women,25,12/04/2022,Delivered,Myntra,JNE3642-TP-XS,Top,XS,1,INR,321,MUMBAI,400053,IN,FALSE
122,402-5496750-0331528,5496750,Women,57,12/04/2022,Delivered,Nalli,SET229-KR-PP-XS,Set,XS,1,INR,845,NAGAUR,341305,IN,FALSE
123,402-5496750-0331528,5496750,Women,73,12/04/2022,Delivered,Amazon,J0132-KR-XS,kurta,XS,1,INR,358,NEW DELHI,110085,IN,FALSE
124,403-0816846-6852364,816846,Women,50,12/04/2022,Delivered,Flipkart,JNE1234-MULTI-KR-032-XL,kurta,XL,1,INR,307,Coimbatore,641031,IN,FALSE
125,408-0278400-0572330,278400,Women,31,12/04/2022,Delivered,Ajio,PJNE3068-KR-6XL,kurta,6XL,1,INR,692,NAVI MUMBAI,400701,IN,FALSE
126,403-8079606-6799503,8079606,Men,33,12/04/2022,Delivered,Ajio,SET313-KR-NP-XS,Set,XS,1,INR,1099,NEW DELHI,110003,IN,FALSE
127,171-4636514-5082740,4636514,Women,31,12/04/2022,Delivered,Myntra,SET282-KR-PP-M,Set,M,1,INR,1033,BARASAT,700124,IN,FALSE
128,406-9847734-4402766,9847734,Women,44,12/04/2022,Delivered,Myntra,JNE1525-KR-UDF19BLACK-XS,kurta,XS,1,INR,301,COIMBATORE,641027,IN,FALSE
129,403-8860022-0290733,8860022,Women,26,12/04/2022,Delivered,Myntra,JNE3691-TU-L,Top,L,1,INR,625,RANCHI,834002,IN,FALSE
130,408-1669205-3638714,1669205,Women,25,12/04/2022,Delivered,Myntra,JNE3399-KR-M,kurta,M,1,INR,435,SANGAREDDY,502001,IN,FALSE
131,406-6737238-3993139,6737238,Women,49,12/04/2022,Delivered,Amazon,JNE3790-KR-XXXL,kurta,3XL,1,INR,307,PUNE,411041,IN,FALSE
132,402-9605076-2885164,9605076,Men,59,12/04/2022,Delivered,Amazon,SET268-KR-NP-L,Set,L,1,INR,788,Buxar,802133,IN,FALSE
133,406-9542566-5579564,9542566,Women,21,12/04/2022,Delivered,Amazon,SET393-KR-NP-M,Set,M,1,INR,999,KANJIKODE INDUSTRIAL AREA,678623,IN,FALSE
134,408-1540604-8952365,1540604,Women,31,12/04/2022,Delivered,Amazon,J0329-KR-XS,kurta,XS,1,INR,852,HYDERABAD,508126,IN,FALSE
135,405-9367631-7902714,9367631,Women,34,12/04/2022,Delivered,Amazon,SET397-KR-NP  -M,Set,M,1,INR,999,ALLAHABAD,211002,IN,FALSE
136,403-0595996-9383507,595996,Men,72,12/04/2022,Delivered,Amazon,J0008-SKD-M,Set,M,1,INR,1075,DIU,362520,IN,FALSE
137,407-8256896-7645127,8256896,Men,22,12/04/2022,Delivered,Amazon,SET320-KR-NP-S,Set,S,1,INR,845,PATNA,801505,IN,FALSE
138,407-1064158-5677135,1064158,Men,35,12/04/2022,Delivered,Myntra,J0003-SET-S,Set,S,1,INR,664,Yacharam,501509,IN,FALSE
139,407-2727693-8699567,2727693,Women,31,12/04/2022,Delivered,Flipkart,SET304-KR-DPT-M,Set,M,1,INR,1186,Kannur,670304,IN,FALSE
140,171-6844452-3288337,6844452,Men,34,12/04/2022,Returned,Meesho,J0382-SKD-XXL,Set,XXL,1,INR,1258,Port blair,744103,IN,FALSE
141,171-6908439-1987505,6908439,Women,46,12/04/2022,Refunded,Amazon,JNE3405-KR-XXL,kurta,XXL,1,INR,399,MUZAFFARNAGAR,251001,IN,FALSE
142,406-9626742-4153157,9626742,Men,63,12/04/2022,Delivered,Amazon,JNE3797-KR-A-M,Western Dress,M,1,INR,771,MANMAD,423104,IN,FALSE
143,403-9383537-0791567,9383537,Women,33,12/04/2022,Delivered,Amazon,JNE3611-KR-XXL,kurta,XXL,1,INR,459,SURYAPET,508213,IN,FALSE
144,403-6048785-9857964,6048785,Women,58,12/04/2022,Delivered,Amazon,JNE3546-KR-L,kurta,L,1,INR,468,BENGALURU,560100,IN,FALSE
145,402-1040945-8225167,1040945,Women,27,12/04/2022,Delivered,Flipkart,MEN5007-KR-L,kurta,L,1,INR,475,PIMPRI CHINCHWAD,411033,IN,FALSE
146,171-8224545-5941925,8224545,Men,24,12/04/2022,Delivered,Flipkart,SET333-KR-DPT-M,Set,M,1,INR,967,Kollam,691601,IN,FALSE
147,405-8391201-0161964,8391201,Men,45,12/04/2022,Delivered,Flipkart,JNE3860-DR-L,Western Dress,L,1,INR,614,BENGALURU,560099,IN,FALSE
148,406-2036568-3507558,2036568,Women,22,12/04/2022,Delivered,Amazon,SET268-KR-NP-L,Set,L,1,INR,788,Vadodara,390024,IN,FALSE
149,407-0131231-1980322,131231,Women,42,12/04/2022,Returned,Nalli,J0382-SKD-XS,Set,XS,1,INR,1173,BENGALURU,560004,IN,FALSE
150,407-0131231-1980322,131231,Women,18,12/04/2022,Returned,Amazon,J0112-TP-M,Top,M,1,INR,359,lucknow,226010,IN,FALSE
151,402-5387048-4695525,5387048,Women,55,12/04/2022,Delivered,Nalli,J0201-TP-S,Top,S,1,INR,625,SECUNDERABAD,500017,IN,FALSE
152,402-4700322-7377926,4700322,Women,25,12/04/2022,Returned,Amazon,SET377-KR-NP-S,Set,S,1,INR,1238,JAIPUR,302017,IN,FALSE
153,405-4774074-9942741,4774074,Men,30,12/04/2022,Delivered,Amazon,SET321-KR-DPT-XXL,Set,XXL,1,INR,927,LUCKNOW,226021,IN,FALSE
154,408-4236224-6705913,4236224,Women,46,12/04/2022,Delivered,Amazon,JNE3510-KR-XL,kurta,XL,1,INR,424,GURUGRAM,122001,IN,FALSE
155,402-9698056-3215551,9698056,Men,27,12/04/2022,Delivered,Myntra,J0333-DR-L,Western Dress,L,1,INR,825,BENGALURU,560067,IN,FALSE
156,404-1092399-0229128,1092399,Women,46,12/04/2022,Returned,Amazon,SET328-KR-NP-L,Set,L,1,INR,545,BENGALURU,560037,IN,FALSE
157,408-1867708-9856317,1867708,Men,20,12/04/2022,Delivered,Amazon,J0134-SET-XL,Set,XL,1,INR,729,PUNE,412207,IN,FALSE
158,402-7163849-6357160,7163849,Women,26,12/04/2022,Returned,Myntra,J0088-TP-S,Top,S,1,INR,497,ERNAKULAM,682017,IN,FALSE
159,408-7372776-3077164,7372776,Men,49,12/04/2022,Delivered,Myntra,JNE3905-DR-M,Western Dress,M,1,INR,625,MUMBAI,400078,IN,FALSE
160,405-7757271-3277914,7757271,Women,32,12/04/2022,Delivered,Myntra,JNE3693-KR-S,kurta,S,1,INR,319,HARIDWAR,249405,IN,FALSE
161,407-6304030-7294757,6304030,Women,34,12/04/2022,Delivered,Myntra,SAR002,Saree,Free,1,INR,729,MAHNAR BAZAR,844506,IN,FALSE
162,407-6304030-7294757,6304030,Women,28,12/04/2022,Delivered,Flipkart,SAR029,Saree,Free,1,INR,365,LALITPUR,284403,IN,FALSE
163,408-7790665-4334734,7790665,Women,36,12/04/2022,Delivered,Ajio,BL113-XXL,Blouse,XXL,1,INR,563,BELAGAVI,590019,IN,FALSE
164,407-5595686-6100341,5595686,Women,73,12/04/2022,Delivered,Others,JNE3405-KR-L,kurta,L,1,INR,399,NEW DELHI,110067,IN,FALSE
165,405-8251665-3225166,8251665,Women,56,12/04/2022,Delivered,Flipkart,SET359-KR-NP-S,Set,S,1,INR,899,HYDERABAD,500049,IN,FALSE
166,171-7054852-3448331,7054852,Men,73,12/04/2022,Delivered,Meesho,NW020-ST-SR-XS,Set,XS,1,INR,525,BENGALURU,560025,IN,FALSE
167,403-1132538-4037168,1132538,Women,18,12/04/2022,Delivered,Amazon,JNE3475-KR-K-XL,kurta,XL,1,INR,323,CHENNAI,600014,IN,FALSE
168,402-2642921-6231538,2642921,Women,48,12/04/2022,Delivered,Ajio,J0012-SKD-L,Set,L,1,INR,1137,AHMEDABAD,380002,IN,FALSE
169,406-6293095-0239521,6293095,Women,28,12/04/2022,Delivered,Amazon,JNE3313-KR-XXL,kurta,XXL,1,INR,582,SECUNDERABAD,500056,IN,FALSE
170,402-2438137-5393935,2438137,Men,74,12/04/2022,Delivered,Others,J0108-SKD-XL,Set,XL,1,INR,1083,MOHALI,140307,IN,FALSE
171,407-6539984-2399543,6539984,Men,40,12/04/2022,Delivered,Flipkart,SET375-KR-NP-S,Set,S,1,INR,696,PUNE,411028,IN,FALSE
172,403-4740407-5307521,4740407,Men,71,12/04/2022,Delivered,Myntra,J0341-DR-XXL,Western Dress,XXL,1,INR,842,HYDERABAD,500089,IN,FALSE
173,408-9159866-0466729,9159866,Men,22,12/04/2022,Delivered,Myntra,SET355-KR-PP-XXL,Set,XXL,1,INR,1229,KANPUR,208011,IN,FALSE
174,403-1619866-3571523,1619866,Women,18,12/04/2022,Cancelled,Myntra,SET268-KR-NP-XL,Set,XL,1,INR,698,Hyderabad,500034,IN,FALSE
175,406-6502399-8558757,6502399,Women,48,12/04/2022,Delivered,Myntra,JNE3568-KR-XL,kurta,XL,1,INR,435,MEERUT,250001,IN,FALSE
176,408-7238770-6140358,7238770,Men,24,12/04/2022,Delivered,Nalli,J0285-SKD-L,Set,L,1,INR,1442,COIMBATORE,641018,IN,FALSE
177,407-1376871-0295557,1376871,Men,41,12/04/2022,Delivered,Others,J0005-DR-XL,Western Dress,XL,1,INR,899,HYDERABAD,500028,IN,FALSE
178,408-8257154-7073948,8257154,Men,53,12/04/2022,Delivered,Myntra,SET374-KR-NP-L,Set,L,1,INR,597,UDAIPUR,313001,IN,FALSE
179,404-4145340-2637920,4145340,Men,29,12/04/2022,Delivered,Flipkart,J0164-DR-S,Ethnic Dress,S,1,INR,362,Kolkata,700033,IN,FALSE
180,405-9073647-9045956,9073647,Women,37,12/04/2022,Delivered,Amazon,JNE3515-KR-XXXL,kurta,3XL,1,INR,453,HYDERABAD,500020,IN,FALSE
181,408-8882909-7090727,8882909,Women,73,12/04/2022,Delivered,Myntra,SET350-KR-NP-XXL,Set,XXL,1,INR,1299,Mumbai,400060,IN,FALSE
182,405-9353236-5655530,9353236,Men,42,12/04/2022,Delivered,Others,J0230-SKD-XL,Set,XL,1,INR,969,DIBRUGARH,786001,IN,FALSE
183,404-8519920-6090711,8519920,Women,33,12/04/2022,Delivered,Flipkart,J0373-KR-XXXL,kurta,3XL,1,INR,558,NUZVID,521201,IN,FALSE
184,408-9860710-2994745,9860710,Women,29,12/04/2022,Delivered,Myntra,JNE3806-KR-XXXL,kurta,3XL,1,INR,545,KOLHAPUR,416003,IN,FALSE
185,407-9474390-3484334,9474390,Women,39,12/04/2022,Delivered,Flipkart,JNE3463-KR-L,kurta,L,1,INR,561,CHENNAI,600087,IN,FALSE
186,407-5085571-9113956,5085571,Men,42,12/04/2022,Delivered,Myntra,JNE3797-KR-XXXL,Western Dress,3XL,1,INR,735,HYDERABAD,500013,IN,FALSE
187,405-9457709-1221161,9457709,Women,59,12/04/2022,Delivered,Myntra,J0104-KR-XS,kurta,XS,1,INR,446,KOZHIKODE,673580,IN,FALSE
188,171-2746120-7458740,2746120,Men,46,12/04/2022,Delivered,Amazon,SET348-KR-NP-XXXL,Set,3XL,1,INR,882,JAIPUR,302021,IN,FALSE
189,403-1878389-1237106,1878389,Women,48,12/04/2022,Delivered,Flipkart,J0230-SKD-XXL,Set,XXL,1,INR,1163,MUMBAI,400074,IN,FALSE
190,403-0476685-3465137,476685,Men,33,12/04/2022,Delivered,Others,J0002-SKD-XXL,Set,XXL,1,INR,1125,KOLKATA,700021,IN,FALSE
191,403-0476685-3465137,476685,Women,22,12/04/2022,Delivered,Amazon,JNE3708-TU-L,Top,L,1,INR,690,NEW DELHI,110025,IN,FALSE
192,171-1845045-0161128,1845045,Women,23,12/04/2022,Delivered,Flipkart,NW003-TP-PJ-XL,Set,XL,1,INR,495,AURANGABAD,431001,IN,FALSE
193,404-9933073-6187548,9933073,Women,42,12/04/2022,Delivered,Flipkart,JNE3440-KR-N-XXXL,kurta,3XL,1,INR,422,HYDERABAD,500085,IN,FALSE
194,404-5497347-2324338,5497347,Women,38,12/04/2022,Delivered,Amazon,JNE3423-KR-L,kurta,L,1,INR,399,CHHAPI,385210,IN,FALSE
195,408-7912532-3769108,7912532,Women,39,12/04/2022,Delivered,Myntra,JNE3568-KR-XXL,kurta,XXL,1,INR,399,Adilabad,504001,IN,FALSE
196,171-9766258-8979520,9766258,Women,50,12/04/2022,Delivered,Myntra,SET397-KR-NP-XS,Set,XS,1,INR,969,HYDERABAD,500037,IN,FALSE
197,406-1473140-7914743,1473140,Men,31,12/04/2022,Delivered,Flipkart,J0348-SET-M,Set,M,1,INR,499,NOIDA,201309,IN,FALSE
198,403-0524091-8412339,524091,Women,33,12/04/2022,Delivered,Ajio,PJNE3068-KR-4XL,kurta,4XL,1,INR,692,LUCKNOW,226001,IN,FALSE
199,402-6280655-6962731,6280655,Women,23,12/04/2022,Delivered,Myntra,J0301-TP-XXL,Top,XXL,1,INR,464,NOIDA,201301,IN,FALSE
200,405-1920070-1571501,1920070,Men,57,12/04/2022,Delivered,Meesho,SET332-KR-PP-S,Set,S,1,INR,525,TUNI,533401,IN,FALSE
201,406-2265901-9858750,2265901,Women,35,12/04/2022,Delivered,Meesho,SET268-KR-NP-L,Set,L,1,INR,788,Solapur,413004,IN,FALSE
202,406-0476593-3693958,476593,Women,29,12/04/2022,Returned,Myntra,SET277-KR-NP-M,Set,M,1,INR,1268,HYDERABAD,501505,IN,FALSE
203,406-0476593-3693958,476593,Women,69,12/04/2022,Delivered,Flipkart,SET219-KR-PP-XXXL,Set,3XL,1,INR,635,GWALIOR,474001,IN,FALSE
204,171-8490583-2352307,8490583,Women,49,12/04/2022,Delivered,Meesho,JNE3522-KR-L,kurta,L,1,INR,342,HYDERABAD,500072,IN,FALSE
205,404-5716384-0233143,5716384,Women,31,12/04/2022,Delivered,Myntra,SAR002,Saree,Free,1,INR,630,Chennai,600063,IN,FALSE
206,404-5226206-1753945,5226206,Women,38,12/04/2022,Delivered,Amazon,J0297-TP-M,Top,M,1,INR,574,SINGTAM,737134,IN,FALSE
207,405-3951365-4622755,3951365,Men,46,12/04/2022,Delivered,Flipkart,SET345-KR-NP-S,Set,S,1,INR,635,KOTTAYAM,686002,IN,FALSE
208,403-2485702-8968337,2485702,Women,46,12/04/2022,Delivered,Myntra,SET291-KR-PP-S,Set,S,1,INR,579,VASCO DA GAMA,403726,IN,FALSE
209,404-5716802-5805922,5716802,Men,68,12/04/2022,Delivered,Myntra,JNE3607-KR-XS,kurta,XS,1,INR,417,ITANAGAR,791111,IN,FALSE
210,408-8120045-5093125,8120045,Women,20,12/04/2022,Delivered,Amazon,J0003-SET-XXXL,Set,3XL,1,INR,655,ROORKEE,247667,IN,FALSE
211,408-7328394-2683533,7328394,Women,57,12/04/2022,Delivered,Ajio,SET339-KR-NP-M,Set,M,1,INR,688,GURUGRAM,122001,IN,FALSE
212,406-6875530-0340315,6875530,Men,21,12/04/2022,Cancelled,Myntra,J0203-TP-XS,Top,XS,1,INR,568,HYDERABAD,500059,IN,FALSE
213,171-3453298-1736319,3453298,Men,29,12/04/2022,Delivered,Amazon,SAR001,Saree,Free,1,INR,1176,BENGALURU,560064,IN,FALSE
214,406-6898340-9370767,6898340,Women,49,12/04/2022,Delivered,Nalli,SET374-KR-NP-XL,Set,XL,1,INR,635,AJMER,305005,IN,FALSE
215,171-9867216-3827533,9867216,Women,68,12/04/2022,Delivered,Others,J0094-KR-XL,kurta,XL,1,INR,568,MUMBAI,400053,IN,FALSE
216,407-5042032-5902761,5042032,Women,31,12/04/2022,Delivered,Others,SET401-KR-NP-M,Set,M,1,INR,1186,HYDERABAD,500055,IN,FALSE
217,402-0063406-6968362,63406,Women,19,12/04/2022,Delivered,Myntra,SET224-KR-NP-XXXL,Set,3XL,1,INR,1098,BENGALURU,560034,IN,FALSE
218,404-8307667-6071518,8307667,Men,30,12/04/2022,Delivered,Others,SET293-KR-NP-XL,Set,XL,1,INR,692,BENGALURU,560027,IN,FALSE
219,403-7968627-6588328,7968627,Women,26,12/04/2022,Delivered,Others,PJNE3068-KR-4XL,kurta,4XL,1,INR,1043,KALYAN,421306,IN,FALSE
220,408-5521742-2526737,5521742,Women,29,12/04/2022,Returned,Amazon,JNE3425-KR-L,kurta,L,1,INR,356,BENGALURU,560050,IN,FALSE
221,171-5834744-7793919,5834744,Women,66,12/04/2022,Delivered,Nalli,SET349-KR-NP-S,Set,S,1,INR,1093,GUNTUR,522019,IN,FALSE
222,408-7465655-2417933,7465655,Women,53,12/04/2022,Delivered,Amazon,SET183-KR-DH-M,Set,M,1,INR,759,PARGI,501501,IN,FALSE
223,403-3665568-5477149,3665568,Women,41,12/04/2022,Delivered,Ajio,JNE3566-KR-XL,kurta,XL,1,INR,368,THRISSUR,680022,IN,FALSE
224,405-7420219-7316315,7420219,Men,39,12/04/2022,Delivered,Amazon,J0341-DR-XL,Western Dress,XL,1,INR,744,Kolkata,700051,IN,FALSE
225,406-5160745-8578760,5160745,Women,36,12/04/2022,Delivered,Myntra,SAR027,Saree,Free,1,INR,597,INDORE,452001,IN,FALSE
226,408-8985896-3094744,8985896,Men,29,12/04/2022,Delivered,Amazon,J0137-SET-XXL,Set,XXL,1,INR,721,CHENNAI,600092,IN,FALSE
227,404-9796800-6627547,9796800,Women,47,12/04/2022,Delivered,Amazon,JNE3252-KR-XXXL,kurta,3XL,1,INR,479,Kozikode,673012,IN,FALSE
228,171-5617430-3197928,5617430,Women,20,12/04/2022,Delivered,Amazon,J0354-KR-M,kurta,M,1,INR,635,HYDERABAD,500084,IN,FALSE
229,402-8714035-8722711,8714035,Women,44,12/04/2022,Cancelled,Amazon,SET374-KR-NP-XS,Set,XS,1,INR,589,THUMBE,574143,IN,FALSE
230,404-1798937-4461134,1798937,Women,38,12/04/2022,Delivered,Others,SET144-KR-NP-S,Set,S,1,INR,788,JALANDHAR,144005,IN,FALSE
231,404-2448060-6133124,2448060,Women,28,12/04/2022,Delivered,Amazon,MEN5032-KR-XXXL,kurta,3XL,1,INR,811,GURUGRAM,122009,IN,FALSE
232,404-2448060-6133124,2448060,Women,35,12/04/2022,Delivered,Myntra,MEN5025-KR-S,kurta,S,1,INR,547,PATNA,801505,IN,FALSE
233,404-2448060-6133124,2448060,Women,21,12/04/2022,Delivered,Myntra,MEN5026-KR-XXL,kurta,XXL,1,INR,495,Gurgaon,122009,IN,FALSE
234,403-3863417-2662702,3863417,Women,56,12/04/2022,Delivered,Ajio,JNE3672-TU-L,Top,L,1,INR,574,Bangalore,560068,IN,FALSE
235,405-0282991-3215561,282991,Women,26,12/04/2022,Delivered,Myntra,J0346-SET-XS,Set,XS,1,INR,474,MUMBAI,400007,IN,FALSE
236,405-2276390-9797969,2276390,Men,37,12/04/2022,Delivered,Amazon,J0013-SKD-L,Set,L,1,INR,1099,MUMBAI,400076,IN,FALSE
237,404-0089951-1037143,89951,Men,63,12/04/2022,Delivered,Myntra,SET282-KR-PP-M,Set,M,1,INR,1099,KAITHAL,136027,IN,FALSE
238,407-2696952-4496353,2696952,Women,35,12/04/2022,Returned,Amazon,J0003-SET-XXXL,Set,3XL,1,INR,654,vikarabad,501101,IN,FALSE
239,406-9622079-6413136,9622079,Women,18,12/04/2022,Delivered,Amazon,MEN5027-KR-XXL,kurta,XXL,1,INR,606,BENGALURU,560100,IN,FALSE
240,407-8773331-0580350,8773331,Women,33,12/04/2022,Delivered,Amazon,SET062-KR-SP-XXXL,Set,3XL,1,INR,684,KANNUR,670005,IN,FALSE
241,402-1035887-0881935,1035887,Women,55,12/04/2022,Delivered,Amazon,SET287-KR-NP-M,Set,M,1,INR,542,TADONG,737102,IN,FALSE
242,407-8863009-7029160,8863009,Women,20,12/04/2022,Returned,Nalli,NW014-ST-SR-M,Set,M,1,INR,560,NAGPUR,440033,IN,FALSE
243,407-8863009-7029160,8863009,Women,48,12/04/2022,Returned,Amazon,NW037-TP-SR-XL,Set,XL,1,INR,449,HYDERABAD,500084,IN,FALSE
244,407-8863009-7029160,8863009,Women,48,12/04/2022,Returned,Ajio,PJ0096-KR-N-6XL,kurta,6XL,1,INR,1039,HYDERABAD,500081,IN,FALSE
245,407-5771983-6473156,5771983,Women,43,12/04/2022,Delivered,Flipkart,NW035-ST-CP-XXL,Set,XXL,1,INR,582,IMPHAL,795001,IN,FALSE
246,171-0442536-7993105,442536,Women,42,12/04/2022,Delivered,Flipkart,MEN5011-KR-L,kurta,L,1,INR,499,JABALPUR,483053,IN,FALSE
247,406-5850336-2669159,5850336,Women,35,12/04/2022,Delivered,Amazon,JNE3779-KR-XL,kurta,XL,1,INR,346,HYDERABAD (500034),500034,IN,FALSE
248,404-7926847-6820357,7926847,Women,32,12/04/2022,Delivered,Amazon,J0301-TP-XXL,Top,XXL,1,INR,487,PUNE,412307,IN,FALSE
249,407-1525291-4033115,1525291,Women,75,12/04/2022,Delivered,Myntra,J0391-TP-L,Top,L,1,INR,690,NEW DELHI,110092,IN,FALSE
250,402-4283278-7350709,4283278,Women,28,12/04/2022,Delivered,Myntra,SET341-KR-NP-M,Set,M,1,INR,857,Chennai,600015,IN,FALSE
251,408-4667355-3438769,4667355,Women,64,12/04/2022,Delivered,Others,J0340-TP-XS,Top,XS,1,INR,659,NEW DELHI,110064,IN,FALSE
252,407-0085101-4310729,85101,Women,29,12/04/2022,Delivered,Amazon,J0095-SET-L,Set,L,1,INR,647,NEW DELHI,110034,IN,FALSE
253,405-4215381-1387550,4215381,Women,41,12/04/2022,Delivered,Myntra,JNE3503-KR-S,kurta,S,1,INR,318,JAIPUR,302017,IN,FALSE
254,402-8558087-9373934,8558087,Women,40,12/04/2022,Delivered,Amazon,J0089-TP-XXL,Top,XXL,1,INR,360,Bangalore,560064,IN,FALSE
255,171-5827792-5989157,5827792,Women,18,12/04/2022,Delivered,Flipkart,SET333-KR-DPT-XL,Set,XL,1,INR,909,KOLKATA,700016,IN,TRUE
256,404-6723060-3710716,6723060,Women,31,12/04/2022,Delivered,Myntra,SET171-KR-NP-L,Set,L,1,INR,792,THOOTHUKKUDI,628002,IN,FALSE
257,407-2944135-5841949,2944135,Men,44,12/04/2022,Delivered,Myntra,JNE3797-KR-XXXL,Western Dress,3XL,1,INR,725,NARASINGAPURAM VELLORE DISTRICT,632406,IN,FALSE
258,403-5156440-5557142,5156440,Women,32,12/04/2022,Delivered,Amazon,MEN5027-KR-M,kurta,M,1,INR,625,EDATHIRUTHY,680687,IN,FALSE
259,171-0228693-4451506,228693,Women,41,12/04/2022,Delivered,Ajio,SET291-KR-PP-XL,Set,XL,1,INR,563,PUNE,411024,IN,FALSE
260,404-2147583-0438768,2147583,Women,21,12/04/2022,Delivered,Amazon,J0083-KR-M,kurta,M,1,INR,565,PUNE,411021,IN,FALSE
261,403-6048700-0847561,6048700,Women,36,12/04/2022,Delivered,Flipkart,NW015-TP-PJ-XXL,Set,XXL,1,INR,501,BHIMAVARAM,534202,IN,FALSE
262,402-6722174-1193131,6722174,Men,48,12/04/2022,Cancelled,Flipkart,J0339-DR-M,Western Dress,M,1,INR,744,BENGALURU,560062,IN,FALSE
263,403-9624470-3476324,9624470,Women,48,12/04/2022,Cancelled,Ajio,JNE3431-KR-XS,kurta,XS,1,INR,333,Tiruppur,641687,IN,FALSE
264,406-8164407-2451567,8164407,Men,21,12/04/2022,Delivered,Myntra,J0341-DR-XL,Western Dress,XL,1,INR,744,CUTTACK,753001,IN,FALSE
265,406-9640916-4101160,9640916,Women,46,12/04/2022,Delivered,Myntra,J0013-SKD-XXL,Set,XXL,1,INR,1085,Hissar,125005,IN,FALSE
266,404-0915050-8994707,915050,Men,40,12/04/2022,Returned,Flipkart,JNE3870-DR-XXXL,Western Dress,3XL,1,INR,721,RANBIRSINGHPORA,181102,IN,FALSE
267,408-9285338-0178748,9285338,Women,23,12/04/2022,Delivered,Amazon,SET345-KR-NP-S,Set,S,1,INR,666,Jalna,431203,IN,FALSE
268,406-0644445-0198740,644445,Women,43,12/04/2022,Delivered,Amazon,J0122-TP-XXXL,Top,3XL,1,INR,329,MUMBAI,400094,IN,FALSE
269,406-4997330-6723506,4997330,Women,23,12/04/2022,Delivered,Meesho,SET384-KR-NP-M,Set,M,1,INR,599,NOIDA,201301,IN,FALSE
270,406-3048145-0469117,3048145,Women,72,12/04/2022,Delivered,Amazon,MEN5011-KR-XL,kurta,XL,1,INR,698,BETTIAH,845438,IN,FALSE
271,407-7168499-5342708,7168499,Women,35,12/04/2022,Delivered,Myntra,J0160-TP-L,Top,L,1,INR,352,GHAZIABAD,201014,IN,FALSE
272,406-3180908-1826707,3180908,Women,28,12/04/2022,Delivered,Amazon,SAR022,Saree,Free,1,INR,627,CHENNAI,600064,IN,FALSE
273,406-2286700-9196347,2286700,Men,65,12/04/2022,Delivered,Nalli,SAR022,Saree,Free,1,INR,399,BENGALURU,560086,IN,FALSE
274,402-3305763-7175509,3305763,Men,36,12/04/2022,Delivered,Myntra,BL104-XL,Blouse,XL,1,INR,1149,PATNA,800023,IN,FALSE
275,171-5676727-5195556,5676727,Men,70,12/04/2022,Delivered,Meesho,BL087-S,Blouse,S,1,INR,647,BENGALURU,560076,IN,FALSE
276,406-8302065-7086738,8302065,Women,41,12/04/2022,Delivered,Amazon,SET357-KR-NP-L,Set,L,1,INR,725,BENGALURU,560078,IN,FALSE
277,404-7098912-5234706,7098912,Men,23,12/04/2022,Delivered,Ajio,BL103-L,Blouse,L,1,INR,665,NAVI MUMBAI,400706,IN,FALSE
278,407-3848348-8301958,3848348,Men,23,12/04/2022,Delivered,Amazon,J0005-DR-S,Western Dress,S,1,INR,1249,NEW DELHI,110047,IN,FALSE
279,405-9613429-2310750,9613429,Women,48,12/04/2022,Delivered,Others,SAR024,Saree,Free,1,INR,877,Mavelikkara,690558,IN,FALSE
280,405-9613429-2310750,9613429,Women,22,12/04/2022,Delivered,Amazon,SAR015,Saree,Free,1,INR,699,DABRA,475110,IN,FALSE
281,403-2921633-1318754,2921633,Women,22,12/04/2022,Delivered,Flipkart,J0230-SKD-XXL,Set,XXL,1,INR,1111,RANCHI,834003,IN,FALSE
282,402-1713822-0853144,1713822,Women,36,12/04/2022,Delivered,Myntra,SET331-KR-NP-XXXL,Set,3XL,1,INR,635,NEW DELHI,110092,IN,FALSE
283,402-9822747-1695509,9822747,Men,50,12/04/2022,Returned,Amazon,JNE3797-KR-XL,Western Dress,XL,1,INR,735,BENGALURU,560067,IN,FALSE
284,406-6548679-2663552,6548679,Women,40,12/04/2022,Delivered,Flipkart,SET299-KR-PP-L,Set,L,1,INR,825,BHUBANESWAR,751029,IN,FALSE
285,404-2406097-0070722,2406097,Women,22,12/04/2022,Delivered,Myntra,JNE3837-KR-XL,kurta,XL,1,INR,533,Bhupalpalle,506169,IN,FALSE
286,404-2406097-0070722,2406097,Women,48,12/04/2022,Delivered,Flipkart,SET389-KR-NP-S,Set,S,1,INR,680,MUMBAI,400081,IN,FALSE
287,171-9919199-2172366,9919199,Women,48,12/04/2022,Delivered,Amazon,JNE3806-KR-XXL,kurta,XXL,1,INR,545,Bhopal,462010,IN,FALSE
288,407-8024399-9735535,8024399,Women,39,12/04/2022,Delivered,Myntra,JNE3716-KR-M,kurta,M,1,INR,432,KOTA,324005,IN,FALSE
289,407-7721497-0677130,7721497,Women,44,12/04/2022,Delivered,Amazon,SET154-KR-NP-L,Set,L,1,INR,832,AHMEDABAD,380015,IN,FALSE
290,404-5590210-3310736,5590210,Women,66,12/04/2022,Refunded,Flipkart,JNE3404-KR-S,kurta,S,1,INR,487,NOIDA,201301,IN,FALSE
291,405-5326871-4946749,5326871,Women,27,12/04/2022,Delivered,Ajio,JNE3837-KR-M,kurta,M,1,INR,533,LUCKNOW,226012,IN,FALSE
292,403-0490720-7265113,490720,Women,23,12/04/2022,Delivered,Ajio,J0049-TP-XXL,Top,XXL,1,INR,321,INDORE,452012,IN,FALSE
293,408-0391103-2451522,391103,Women,45,12/04/2022,Delivered,Flipkart,JNE3437-KR-L,kurta,L,1,INR,486,SHIVAMOGGA,577201,IN,FALSE
294,406-8905689-1231505,8905689,Women,38,12/04/2022,Delivered,Amazon,JNE3567-KR-M,kurta,M,1,INR,399,MORADABAD,244102,IN,FALSE
295,406-4720373-1796308,4720373,Women,31,12/04/2022,Delivered,Amazon,JNE3522-KR-M,kurta,M,1,INR,342,BENGALURU,560023,IN,FALSE
296,171-0767351-4049960,767351,Women,35,12/04/2022,Delivered,Myntra,SET265-KR-NP-XL,Set,XL,1,INR,888,BENGALURU,560096,IN,FALSE
297,406-8967945-9865112,8967945,Women,38,12/04/2022,Delivered,Flipkart,JNE3818-KR-XXL,kurta,XXL,1,INR,461,KARJAT RAIGARH DISTRICT,410201,IN,FALSE
298,406-5675757-8121123,5675757,Women,19,12/04/2022,Delivered,Flipkart,J0337-TP-XXL,Top,XXL,1,INR,545,Agartala,799210,IN,FALSE
299,404-8218066-2747520,8218066,Men,30,12/04/2022,Delivered,Others,JNE3797-KR-XXXL,Western Dress,3XL,1,INR,725,AMBARNATH East,421501,IN,FALSE
300,406-0529992-7047502,529992,Women,39,12/04/2022,Delivered,Flipkart,SET392-KR-NP-XL,Set,XL,1,INR,799,GUWAHATI,781017,IN,FALSE
301,402-6630432-1486758,6630432,Men,66,12/04/2022,Delivered,Ajio,J0005-DR-S,Western Dress,S,1,INR,899,HOWRAH,711106,IN,FALSE
302,402-2194113-9960330,2194113,Women,42,12/04/2022,Delivered,Amazon,J0127-SKD-XL,Set,XL,1,INR,1186,DHANBAD,826001,IN,FALSE
303,408-7856161-4027511,7856161,Women,57,12/04/2022,Delivered,Amazon,J0113-TP-M,Top,M,1,INR,540,GURUGRAM,122004,IN,FALSE
304,406-0781206-8987568,781206,Women,26,12/04/2022,Delivered,Meesho,JNE3439-KR-XXL,kurta,XXL,1,INR,435,TIRUCHIRAPPALLI,620005,IN,FALSE
305,402-7780555-9142724,7780555,Women,36,12/04/2022,Refunded,Amazon,J0346-SET-XL,Set,XL,1,INR,478,AMBARNATH,421501,IN,FALSE
306,406-6047509-9643544,6047509,Women,27,12/04/2022,Delivered,Flipkart,J0003-SET-M,Set,M,1,INR,664,LUCKNOW,226018,IN,FALSE
307,404-6615959-0723530,6615959,Men,18,12/04/2022,Delivered,Flipkart,JNE3518-KR-S,kurta,S,1,INR,487,WANAPARTHY,509103,IN,FALSE
308,404-6615959-0723530,6615959,Women,24,12/04/2022,Delivered,Flipkart,SET345-KR-NP-M,Set,M,1,INR,641,BENGALURU,560068,IN,FALSE
309,407-4084518-2229124,4084518,Men,31,12/04/2022,Delivered,Amazon,JNE3461-KR-L,kurta,L,1,INR,399,HYDERABAD,500072,IN,FALSE
310,171-2902438-9165910,2902438,Women,33,12/04/2022,Delivered,Amazon,SET397-KR-NP-XL,Set,XL,1,INR,1115,KOLKATA,700084,IN,FALSE
311,404-6082959-9813962,6082959,Men,40,12/04/2022,Delivered,Myntra,SAR021,Saree,Free,1,INR,729,Kolkata,700132,IN,FALSE
312,403-0608880-2574737,608880,Women,48,12/04/2022,Delivered,Myntra,SET345-KR-NP-S,Set,S,1,INR,635,CHENNAI,600062,IN,FALSE
313,402-5815426-9929904,5815426,Men,28,12/04/2022,Delivered,Myntra,SAR020,Saree,Free,1,INR,729,MAKRONIA BUZURG,470004,IN,FALSE
314,408-4983896-0694703,4983896,Women,41,12/04/2022,Delivered,Ajio,SET319-KR-NP-XXL,Set,XXL,1,INR,877,KUNNATHUNAD,683562,IN,FALSE
315,405-0249073-8317935,249073,Women,35,12/04/2022,Delivered,Amazon,SET334-KR-NP-M,Set,M,1,INR,666,TIRUPATI,517502,IN,FALSE
316,171-0296282-8433917,296282,Women,27,12/04/2022,Delivered,Flipkart,SAR013,Saree,Free,1,INR,1442,SOUTH WEST DELHI,110070,IN,FALSE
317,171-1853947-2973900,1853947,Women,74,12/04/2022,Delivered,Myntra,SAR019,Saree,Free,1,INR,790,KOLKATA,700052,IN,FALSE
318,405-4651921-1784303,4651921,Women,65,12/04/2022,Delivered,Flipkart,SAR008,Saree,Free,1,INR,799,NAVI MUMBAI,400705,IN,FALSE
319,408-6987211-8854766,6987211,Women,53,12/04/2022,Delivered,Flipkart,J0236-SKD-XL,Set,XL,1,INR,950,PALI,306021,IN,FALSE
320,407-4835989-5602707,4835989,Women,48,12/04/2022,Delivered,Ajio,BL096-XXL,Blouse,XXL,1,INR,641,INDORE,452006,IN,FALSE
321,407-4835989-5602707,4835989,Women,24,12/04/2022,Delivered,Flipkart,SAR014,Saree,Free,1,INR,533,Kolkata,700079,IN,FALSE
322,403-9124078-0215546,9124078,Women,64,12/04/2022,Returned,Amazon,J0003-SET-S,Set,S,1,INR,655,HYDERABAD,500088,IN,FALSE
323,402-1781950-2669162,1781950,Women,30,12/04/2022,Delivered,Flipkart,SAR003,Saree,Free,1,INR,499,ZIRAKPUR,160104,IN,FALSE
324,402-3695347-2013126,3695347,Women,22,12/04/2022,Delivered,Amazon,SET233-KR-PP-XXL,Set,XXL,1,INR,529,ANJAR,370110,IN,FALSE
325,408-2332327-0487560,2332327,Women,23,12/04/2022,Delivered,Amazon,SET130-KR-NP-M,Set,M,1,INR,547,GANGTOK,737101,IN,FALSE
326,403-6393323-6741142,6393323,Women,35,12/04/2022,Delivered,Amazon,PJNE2270-KR-N-5XL,kurta,5XL,1,INR,683,SITAPUR,261001,IN,FALSE
327,407-1741029-5266753,1741029,Women,20,12/04/2022,Delivered,Amazon,JNE3712-TP-N-XXL,Top,XXL,1,INR,499,AHMEDABAD,382481,IN,FALSE
328,403-9462001-4407543,9462001,Men,43,12/04/2022,Delivered,Ajio,J0212-DR-XL,Ethnic Dress,XL,1,INR,791,DEHRADUN,248171,IN,FALSE
329,403-6561746-7889157,6561746,Women,49,12/04/2022,Delivered,Nalli,J0041-SET-L,Set,L,1,INR,763,GUDIYATHAM,632602,IN,FALSE
330,406-8231592-9325919,8231592,Women,47,12/04/2022,Delivered,Amazon,SAR026,Saree,Free,1,INR,650,DAUDNAGAR,824143,IN,FALSE
331,406-1813868-8437102,1813868,Women,41,12/04/2022,Delivered,Amazon,SAR026,Saree,Free,1,INR,329,DHARMASTHALA,574216,IN,FALSE
332,406-5627675-2622734,5627675,Women,40,12/04/2022,Returned,Ajio,SET098-KR-PP-M,Set,M,1,INR,672,KATIHAR,854105,IN,FALSE
333,407-2239856-6606703,2239856,Women,42,12/04/2022,Cancelled,Amazon,SET268-KR-NP-XXXL,Set,3XL,1,INR,788,BENGALURU,560068,IN,TRUE
334,171-7546685-6644333,7546685,Women,42,12/04/2022,Delivered,Myntra,JNE3703-KR-M,kurta,M,1,INR,292,CHENNAI,600017,IN,FALSE
335,406-3017458-9363561,3017458,Women,28,12/04/2022,Delivered,Amazon,SAR027,Saree,Free,1,INR,399,HAZARIBAGH,825301,IN,FALSE
336,405-5708054-7423510,5708054,Women,38,12/04/2022,Delivered,Amazon,J0117-TP-XXL,Top,XXL,1,INR,726,KOLKATA,700019,IN,FALSE
337,402-9342662-5811521,9342662,Women,39,12/04/2022,Delivered,Meesho,SET288-KR-NP-XXXL,Set,3XL,1,INR,684,CHANDIGARH,160030,IN,FALSE
338,405-9584565-3810723,9584565,Women,67,12/04/2022,Delivered,Flipkart,SAR018,Saree,Free,1,INR,1099,Naharlgun nirjuli,791109,IN,FALSE
339,404-0229964-5801945,229964,Women,65,12/04/2022,Delivered,Myntra,JNE3399-KR-M,kurta,M,1,INR,435,HYDERABAD,500060,IN,FALSE
340,171-2567899-3847556,2567899,Women,67,12/04/2022,Delivered,Flipkart,SET334-KR-NP-XL,Set,XL,1,INR,666,THANE,400604,IN,FALSE
341,408-3120227-6994715,3120227,Women,77,12/04/2022,Delivered,Flipkart,SET268-KR-NP-XL,Set,XL,1,INR,698,BELA PRATAPGARH,230001,IN,FALSE
342,402-1162355-7211525,1162355,Women,36,12/04/2022,Delivered,Flipkart,JNE3818-KR-XXXL,kurta,3XL,1,INR,461,NEW DELHI,110057,IN,FALSE
343,408-2844001-0981151,2844001,Women,53,12/04/2022,Delivered,Myntra,SAR003,Saree,Free,1,INR,534,HYDERABAD,500039,IN,FALSE
344,402-1796640-7014716,1796640,Women,26,12/04/2022,Delivered,Flipkart,SET376-KR-NP-L,Set,L,1,INR,657,Visakhapatnam,530026,IN,FALSE
345,171-0223976-9461113,223976,Women,43,12/04/2022,Cancelled,Nalli,JNE3431-KR-M,kurta,M,1,INR,333,Dombivli,421201,IN,FALSE
346,404-8085873-0181948,8085873,Women,59,12/04/2022,Delivered,Amazon,SAR003,Saree,Free,1,INR,1319,BENGALURU,560060,IN,FALSE
347,407-7767130-4281167,7767130,Women,29,12/04/2022,Delivered,Myntra,JNE3405-KR-S,kurta,S,1,INR,399,Ranchi,834008,IN,FALSE
348,404-2118526-2790752,2118526,Women,34,12/04/2022,Delivered,Myntra,PJNE2100-KR-N-5XL,kurta,5XL,1,INR,452,PATNA,800024,IN,FALSE
349,402-7688970-4239508,7688970,Women,57,12/04/2022,Delivered,Flipkart,SET324-KR-NP-S,Set,S,1,INR,607,PALAKKAD,678004,IN,FALSE
350,406-3678042-9067560,3678042,Women,30,12/04/2022,Delivered,Amazon,SET324-KR-NP-XL,Set,XL,1,INR,597,WARANGAL,506001,IN,FALSE
351,406-4725061-4210743,4725061,Women,26,12/04/2022,Delivered,Myntra,SAR028,Saree,Free,1,INR,452,NEW DELHI,110042,IN,FALSE
352,408-8125364-5064333,8125364,Women,32,12/04/2022,Delivered,Flipkart,SET398-KR-PP-XXL,Set,XXL,1,INR,1186,GHAZIABAD,201010,IN,FALSE
353,407-7787158-3304334,7787158,Women,60,12/04/2022,Delivered,Myntra,JNE3461-KR-L,kurta,L,1,INR,352,ERODE,638011,IN,FALSE
354,402-1559586-4174756,1559586,Women,37,12/04/2022,Delivered,Ajio,BL104-S,Blouse,S,1,INR,625,HYDERABAD,500085,IN,FALSE
355,407-4277775-0428332,4277775,Women,49,12/04/2022,Delivered,Ajio,JNE3461-KR-XXXL,kurta,3XL,1,INR,399,CHENNAI,600039,IN,FALSE
356,404-8238226-8953914,8238226,Women,62,12/04/2022,Delivered,Amazon,NW037-TP-SR-XS,Set,XS,1,INR,437,Pune,412115,IN,FALSE
357,404-3874867-5497948,3874867,Women,39,12/04/2022,Delivered,Myntra,PJNE2199-KR-N-4XL,kurta,4XL,1,INR,453,Kolhapur,416012,IN,FALSE
358,403-9065362-7267545,9065362,Women,42,12/04/2022,Returned,Flipkart,J0007-SKD-M,Set,M,1,INR,1065,raipur,492003,IN,FALSE
359,408-4405714-0789902,4405714,Women,38,12/04/2022,Delivered,Flipkart,JNE3623-KR-XS,kurta,XS,1,INR,362,BAGEPALLI,561207,IN,FALSE
360,403-1957132-0346731,1957132,Women,32,12/04/2022,Delivered,Flipkart,SAR025,Saree,Free,1,INR,791,GURGAON,122001,IN,FALSE
361,406-8630007-6024339,8630007,Women,37,12/04/2022,Delivered,Myntra,SAR025,Saree,Free,1,INR,353,KOLKATA,700053,IN,FALSE
362,406-2849866-2096350,2849866,Women,20,12/04/2022,Delivered,Amazon,J0003-SET-XXXL,Set,3XL,1,INR,655,HYDERABAD,500019,IN,FALSE
363,407-8910046-5091542,8910046,Women,33,12/04/2022,Delivered,Flipkart,JNE3405-KR-S,kurta,S,1,INR,435,Ghansoli,400701,IN,FALSE
364,171-3946363-9695506,3946363,Women,38,12/04/2022,Delivered,Amazon,JNE3716-KR-L,kurta,L,1,INR,432,KARUR,639005,IN,FALSE
365,406-8490644-0317143,8490644,Men,24,12/04/2022,Cancelled,Amazon,JNE3870-DR-XL,Western Dress,XL,1,INR,721,Kozhikode,673020,IN,FALSE
366,406-0017510-2532368,17510,Women,21,12/04/2022,Delivered,Amazon,SET172-KR-PP-B-M,Set,M,1,INR,968,WARDHA,442001,IN,FALSE
367,403-1607946-0444316,1607946,Women,31,12/04/2022,Delivered,Others,JNE3405-KR-XXXL,kurta,3XL,1,INR,399,NEW DELHI,110003,IN,FALSE
368,408-4402120-6747556,4402120,Women,78,12/04/2022,Delivered,Amazon,JNE3567-KR-S,kurta,S,1,INR,399,VELLORE,632006,IN,FALSE
369,171-6741005-1801114,6741005,Women,30,12/04/2022,Delivered,Amazon,SET195-KR-NP-A-XL,Set,XL,1,INR,737,HYDERABAD,500085,IN,FALSE
370,404-7396160-3109963,7396160,Women,46,12/04/2022,Delivered,Amazon,SET278-KR-NP-L,Set,L,1,INR,1523,BENGALURU,560036,IN,FALSE
371,404-9872468-1444314,9872468,Women,20,12/04/2022,Delivered,Flipkart,JNE3654-TP-L,Top,L,1,INR,360,Tiswadi,403005,IN,FALSE
372,404-6685775-1613117,6685775,Women,22,12/04/2022,Delivered,Meesho,SET402-KR-NP-XL,Set,XL,1,INR,988,BENGALURU,560016,IN,FALSE
373,404-2742059-8824359,2742059,Women,18,12/04/2022,Delivered,Flipkart,NW005-ST-PJ-XXL,Set,XXL,1,INR,599,LUCKNOW,226006,IN,FALSE
374,406-0431359-8413934,431359,Women,24,12/04/2022,Refunded,Flipkart,SET324-KR-NP-L,Set,L,1,INR,597,BERHAMPUR,760001,IN,FALSE
375,405-2254374-5147557,2254374,Women,39,12/04/2022,Delivered,Flipkart,JNE3560-KR-M,kurta,M,1,INR,544,Bengaluru,560099,IN,FALSE
376,407-2506744-5951526,2506744,Women,22,12/04/2022,Delivered,Amazon,J0003-SET-XXXL,Set,3XL,1,INR,654,GHAZIABAD,201003,IN,FALSE
377,402-0225967-3261167,225967,Women,46,12/04/2022,Delivered,Amazon,J0008-SKD-M,Set,M,1,INR,1065,DUMRAON,802119,IN,FALSE
378,405-9746730-8113940,9746730,Women,45,12/04/2022,Delivered,Myntra,JNE3468-KR-XL,kurta,XL,1,INR,363,NEW DELHI,110085,IN,FALSE
379,406-2994704-8893164,2994704,Women,22,12/04/2022,Delivered,Myntra,NW034-TP-PJ-XL,Set,XL,1,INR,613,SOLAPUR,413002,IN,FALSE
380,402-4768183-2277151,4768183,Women,49,12/04/2022,Delivered,Myntra,SAR030,Saree,Free,1,INR,852,BHAGALPUR,812002,IN,FALSE
381,404-5358164-6149103,5358164,Women,23,12/04/2022,Delivered,Others,JNE3288-KR-L,kurta,L,1,INR,426,CHENNAI,600045,IN,FALSE
382,171-8201125-9962754,8201125,Women,31,12/04/2022,Delivered,Flipkart,J0418-TP-S,Top,S,1,INR,704,KARNAL,132001,IN,FALSE
383,408-6455153-3669106,6455153,Women,28,12/04/2022,Delivered,Myntra,JNE3794-KR-XXXL,kurta,3XL,1,INR,517,hyderabad,500083,IN,FALSE
384,408-6455153-3669106,6455153,Women,61,12/04/2022,Cancelled,Myntra,JNE3465-KR-L,kurta,L,1,INR,469,PUNE,411046,IN,FALSE
385,406-6936302-2339562,6936302,Women,50,12/04/2022,Delivered,Amazon,SAR025,Saree,Free,1,INR,696,KOLKATA,700023,IN,FALSE
386,402-9117771-0156352,9117771,Women,32,12/04/2022,Delivered,Flipkart,SET364-KR-NP-XXL,Set,XXL,1,INR,1126,LUCKNOW,226003,IN,FALSE
387,402-3176719-0844359,3176719,Women,78,12/04/2022,Delivered,Flipkart,SET345-KR-NP-M,Set,M,1,INR,635,KOLKATA,700099,IN,FALSE
388,404-5627495-7389162,5627495,Women,32,12/04/2022,Delivered,Myntra,J0239-SKD-L,Set,L,1,INR,1299,PUNE,411038,IN,FALSE
389,171-8666099-9479515,8666099,Women,54,12/04/2022,Delivered,Amazon,SET269-KR-NP-XXL,Set,XXL,1,INR,824,RISHIKESH,249203,IN,FALSE
390,171-2950631-8351558,2950631,Women,43,12/04/2022,Delivered,Flipkart,JNE3739-KR-XL,kurta,XL,1,INR,441,HYDERABAD,500020,IN,FALSE
391,171-2273061-9777923,2273061,Women,38,12/04/2022,Delivered,Amazon,J0342-TP-S,Top,S,1,INR,574,NAVI MUMBAI,410206,IN,FALSE
392,408-5272502-9527553,5272502,Women,45,12/04/2022,Delivered,Flipkart,JNE3775-KR-XS,kurta,XS,1,INR,301,ALLAHABAD,211002,IN,FALSE
393,404-3639245-2253157,3639245,Women,39,12/04/2022,Cancelled,Ajio,SET268-KR-NP-XL,Set,XL,1,INR,698,GONDA,271504,IN,FALSE
394,406-5199868-7786757,5199868,Women,51,12/04/2022,Delivered,Amazon,JNE3721-KR-M,kurta,M,1,INR,292,NAVI MUMBAI,400701,IN,FALSE
395,408-2633521-9125911,2633521,Women,30,12/04/2022,Returned,Flipkart,SET331-KR-NP-XL,Set,XL,1,INR,635,Kudukkimotta,670592,IN,FALSE
396,406-3204932-9448315,3204932,Women,21,12/04/2022,Delivered,Myntra,SET209-KR-PP-S,Set,S,1,INR,523,Srikakulam,532001,IN,FALSE
397,405-8846329-1473130,8846329,Women,44,12/04/2022,Delivered,Flipkart,SET110-KR-PP-XXXL,Set,3XL,1,INR,837,Ramagundam,505215,IN,FALSE
398,408-5669660-2079503,5669660,Men,20,12/04/2022,Delivered,Amazon,JNE3620-KR-M,kurta,M,1,INR,329,KOLKATA,700032,IN,FALSE
399,408-3743867-9908301,3743867,Men,35,12/04/2022,Delivered,Amazon,JNE3738-KR-S,kurta,S,1,INR,383,DEHRADUN,248001,IN,FALSE
400,402-8790622-7591520,8790622,Men,18,12/04/2022,Delivered,Amazon,JNE3399-KR-XL,kurta,XL,1,INR,435,BENGALURU,560003,IN,FALSE
401,404-6016873-4061920,6016873,Men,49,12/04/2022,Delivered,Amazon,JNE3797-KR-XXXL,Western Dress,3XL,1,INR,715,Trichy,620021,IN,FALSE
402,408-4515678-2038716,4515678,Women,46,12/04/2022,Delivered,Myntra,SET293-KR-NP-XL,Set,XL,1,INR,692,VENGARA,676304,IN,FALSE
403,407-0206214-9199520,206214,Women,42,12/04/2022,Delivered,Ajio,SET392-KR-NP-XXL,Set,XXL,1,INR,751,AMRAVATI,444606,IN,FALSE
404,402-9158142-1673135,9158142,Men,23,12/04/2022,Delivered,Flipkart,JNE3405-KR-XXL,kurta,XXL,1,INR,399,THANE,400604,IN,FALSE
405,402-6580211-9975502,6580211,Women,36,12/04/2022,Delivered,Flipkart,JNE3605-KR-XL,kurta,XL,1,INR,481,NOIDA,201305,IN,FALSE
406,407-8484605-5225931,8484605,Men,67,12/04/2022,Delivered,Ajio,J0339-DR-M,Western Dress,M,1,INR,744,GADAG BETIGERI,582101,IN,FALSE
407,407-7905996-4330721,7905996,Men,76,12/04/2022,Delivered,Meesho,J0341-DR-XXL,Western Dress,XXL,1,INR,791,HYDERABAD,500083,IN,FALSE
408,404-3907505-1541107,3907505,Women,21,12/04/2022,Delivered,Myntra,MEN5032-KR-XXL,kurta,XXL,1,INR,787,NEW DELHI,110047,IN,FALSE
409,404-3907505-1541107,3907505,Women,76,12/04/2022,Delivered,Myntra,MEN5025-KR-S,kurta,S,1,INR,764,Kolkata,700026,IN,FALSE
410,405-2722190-1193960,2722190,Men,31,12/04/2022,Delivered,Flipkart,J0341-DR-XXXL,Western Dress,3XL,1,INR,842,HYDERABAD,500072,IN,FALSE
411,405-0418007-4920325,418007,Women,27,12/04/2022,Delivered,Myntra,JNE3429-KR-XL,kurta,XL,1,INR,318,PALGHAR,401201,IN,FALSE
412,404-5462211-6965126,5462211,Men,19,12/04/2022,Returned,Ajio,JNE3798-KR-A-XXL,Western Dress,XXL,1,INR,771,COIMBATORE,641044,IN,FALSE
413,407-2928531-4669118,2928531,Men,43,12/04/2022,Delivered,Flipkart,J0339-DR-L,Western Dress,L,1,INR,743,ETTUMANOOR,686637,IN,FALSE
414,405-7292810-2395534,7292810,Women,36,12/04/2022,Delivered,Myntra,JNE3472-KR-S,kurta,S,1,INR,329,ERODE,638011,IN,FALSE
415,403-9326035-9206751,9326035,Women,42,12/04/2022,Returned,Ajio,JNE3639-TP-N-XXL,Top,XXL,1,INR,518,BENGALURU,562149,IN,FALSE
416,171-6812698-7999567,6812698,Women,32,12/04/2022,Delivered,Amazon,SET398-KR-PP-XS,Set,XS,1,INR,1186,BENGALURU,560021,IN,FALSE
417,406-7886687-0751556,7886687,Women,36,12/04/2022,Delivered,Others,NW012-TP-PJ-XL,Set,XL,1,INR,521,BENGALURU,560037,IN,FALSE
418,406-7886687-0751556,7886687,Women,31,12/04/2022,Delivered,Flipkart,SAR027,Saree,Free,1,INR,635,MUZAFFARPUR,842001,IN,FALSE
419,406-7886687-0751556,7886687,Women,26,12/04/2022,Delivered,Ajio,BL103-M,Blouse,M,1,INR,850,Singrauli,486890,IN,FALSE
420,408-3456962-9764315,3456962,Women,22,12/04/2022,Delivered,Meesho,BL104-L,Blouse,L,1,INR,545,MUMBAI,400005,IN,FALSE
421,404-0411709-7385150,411709,Men,34,12/04/2022,Delivered,Myntra,J0335-DR-L,Western Dress,L,1,INR,940,Koyyalagudem,534312,IN,FALSE
422,407-1344787-9871507,1344787,Women,51,12/04/2022,Delivered,Amazon,SET273-KR-NP-S,Set,S,1,INR,612,SHAHBAD,136135,IN,FALSE
423,171-2659259-1404303,2659259,Women,58,12/04/2022,Delivered,Nalli,SAR021,Saree,Free,1,INR,916,HYDERABAD,500019,IN,FALSE
424,171-2659259-1404303,2659259,Women,21,12/04/2022,Delivered,Myntra,SAR025,Saree,Free,1,INR,747,DEHRADUN,248141,IN,FALSE
425,171-0305106-2384363,305106,Women,43,12/04/2022,Delivered,Myntra,SAR004,Saree,Free,1,INR,599,NEW DELHI,110033,IN,FALSE
426,408-5678500-0253935,5678500,Women,42,12/04/2022,Delivered,Others,SAR011,Saree,Free,1,INR,459,BENGALURU,560068,IN,FALSE
427,408-3697381-1299504,3697381,Women,43,12/04/2022,Returned,Myntra,NW012-TP-PJ-XS,Set,XS,1,INR,560,BENGALURU,560016,IN,FALSE
428,402-8129717-4838741,8129717,Women,48,12/04/2022,Delivered,Flipkart,J0204-TP-XL,Top,XL,1,INR,751,SANGLI MIRAJ KUPWAD,416416,IN,FALSE
429,405-3833087-4361140,3833087,Women,60,12/04/2022,Delivered,Amazon,JNE3564-KR-L,kurta,L,1,INR,487,BENGALURU,560093,IN,FALSE
430,171-1274138-4366747,1274138,Women,74,12/04/2022,Delivered,Myntra,SET128-KR-DH-L,Set,L,1,INR,985,GREATER NOIDA,201306,IN,FALSE
431,402-9198525-9884330,9198525,Women,26,12/04/2022,Delivered,Flipkart,SET350-KR-NP-XS,Set,XS,1,INR,1122,MUMBAI,400067,IN,FALSE
432,405-7457952-1411503,7457952,Women,39,12/04/2022,Delivered,Amazon,SET329-KR-NP-XL,Set,XL,1,INR,666,BENGALURU,560064,IN,FALSE
433,171-7699990-1206737,7699990,Women,41,12/04/2022,Delivered,Amazon,J0244-SKD-M,Set,M,1,INR,1205,CHENNAI,600125,IN,FALSE
434,407-6424721-8534711,6424721,Men,77,12/04/2022,Delivered,Myntra,JNE3869-DR-XXL,Western Dress,XXL,1,INR,721,VASAI VIRAR,401202,IN,FALSE
435,406-2944289-9780307,2944289,Women,19,12/04/2022,Delivered,Flipkart,J0337-TP-XXXL,Top,3XL,1,INR,469,Karimnagar,505001,IN,FALSE
436,407-2792923-9568332,2792923,Women,24,12/04/2022,Delivered,Myntra,JNE3399-KR-XXL,kurta,XXL,1,INR,435,BENGALURU,560091,IN,FALSE
437,403-3320475-3277105,3320475,Women,39,12/04/2022,Delivered,Amazon,SET393-KR-NP-XXL,Set,XXL,1,INR,1186,BHUBANESWAR,751020,IN,FALSE
438,408-8953982-1101145,8953982,Men,31,12/04/2022,Delivered,Ajio,JNE3798-KR-XS,Western Dress,XS,1,INR,735,SIRKALI,609110,IN,FALSE
439,171-6114234-9173936,6114234,Women,61,12/04/2022,Delivered,Myntra,JNE3721-KR-L,kurta,L,1,INR,292,SECUNDERABAD,500061,IN,FALSE
440,406-5161481-7949123,5161481,Men,57,12/04/2022,Delivered,Amazon,J0339-DR-XXL,Western Dress,XXL,1,INR,791,SURAT,395001,IN,FALSE
441,171-3592356-2844355,3592356,Women,18,12/04/2022,Delivered,Flipkart,JNE3790-KR-M,kurta,M,1,INR,316,Bengaluru,560083,IN,FALSE
442,405-2156012-1676332,2156012,Women,37,12/04/2022,Delivered,Ajio,JNE3510-KR-XL,kurta,XL,1,INR,471,BENGALURU,560022,IN,FALSE
443,407-7763289-2889162,7763289,Men,19,12/04/2022,Delivered,Myntra,J0416-DR-XXL,Western Dress,XXL,1,INR,825,NEW DELHI,110075,IN,FALSE
444,405-4103369-1897153,4103369,Women,38,12/04/2022,Delivered,Amazon,J0162-SKD-S,Set,S,1,INR,1199,NEW DELHI,110010,IN,FALSE
445,402-0443362-1827532,443362,Women,26,12/04/2022,Refunded,Nalli,J0004-SKD-XS,Set,XS,1,INR,1115,AMBIKAPUR,497001,IN,FALSE
446,407-6267284-3340319,6267284,Women,41,12/04/2022,Delivered,Amazon,SAR019,Saree,Free,1,INR,449,SEDAM,585222,IN,FALSE
447,403-4684341-9100316,4684341,Women,54,12/04/2022,Delivered,Amazon,JNE3810-KR-XXL,kurta,XXL,1,INR,569,THANE,401107,IN,FALSE
448,405-6359794-8845948,6359794,Women,25,12/04/2022,Delivered,Flipkart,JNE3795-KR-XS,kurta,XS,1,INR,529,HYDERABAD,500049,IN,FALSE
449,404-0585668-7605924,585668,Men,46,12/04/2022,Delivered,Ajio,J0416-DR-XS,Western Dress,XS,1,INR,776,GUWAHATI,781121,IN,FALSE
450,405-5140252-2700363,5140252,Women,34,12/04/2022,Cancelled,Amazon,JNE3721-KR-L,kurta,L,1,INR,292,GHAZIABAD,201005,IN,FALSE
451,405-5694760-3734737,5694760,Women,27,12/04/2022,Delivered,Flipkart,J0041-SET-L,Set,L,1,INR,641,MUMBAI,400050,IN,FALSE
452,403-0823948-7106755,823948,Women,40,12/04/2022,Delivered,Amazon,SET377-KR-NP-XS,Set,XS,1,INR,1036,MUMBAI,400078,IN,FALSE
453,403-8869312-5542720,8869312,Women,18,12/04/2022,Delivered,Myntra,SET293-KR-NP-XL,Set,XL,1,INR,692,RISHIKESH,249202,IN,FALSE
454,171-0395605-4197937,395605,Women,29,12/04/2022,Delivered,Flipkart,J0095-SET-S,Set,S,1,INR,653,NEW DELHI,110017,IN,FALSE
455,406-6399089-3723519,6399089,Men,25,12/04/2022,Delivered,Myntra,J0341-DR-S,Western Dress,S,1,INR,791,BENGALURU,560092,IN,FALSE
456,405-3884074-1912342,3884074,Women,73,12/04/2022,Delivered,Flipkart,SAR009,Saree,Free,1,INR,583,UDAIPUR,313001,IN,FALSE
457,403-7035656-8372302,7035656,Women,18,12/04/2022,Delivered,Flipkart,SAR027,Saree,Free,1,INR,548,SOLAPUR,413002,IN,FALSE
458,406-1229439-6357914,1229439,Men,33,12/04/2022,Delivered,Meesho,JNE3800-KR-M,Western Dress,M,1,INR,735,BENGALURU,560015,IN,FALSE
459,403-4947593-1372365,4947593,Women,29,12/04/2022,Delivered,Amazon,JNE3820-KR-S,kurta,S,1,INR,475,MUMBAI,400086,IN,FALSE
460,402-4491188-7124367,4491188,Men,63,12/04/2022,Delivered,Amazon,J0399-DR-XXL,Western Dress,XXL,1,INR,791,Cheppad,690507,IN,FALSE
461,402-4491188-7124367,4491188,Women,64,12/04/2022,Cancelled,Myntra,SET333-KR-DPT-XXL,Set,XXL,1,INR,898,CHENNAI,600091,IN,FALSE
462,407-1775998-6454709,1775998,Women,35,12/04/2022,Delivered,Amazon,SET339-KR-NP-M,Set,M,1,INR,646,AHMEDABAD,380061,IN,FALSE
463,408-8876998-9810704,8876998,Women,23,12/04/2022,Delivered,Flipkart,SET233-KR-PP-XXXL,Set,3XL,1,INR,545,UDAIPUR,313002,IN,FALSE
464,406-0216823-6545905,216823,Women,33,12/04/2022,Delivered,Amazon,JNE3405-KR-M,kurta,M,1,INR,435,SURAT,395009,IN,FALSE
465,406-1863792-6381102,1863792,Women,49,12/04/2022,Delivered,Nalli,JNE3405-KR-XL,kurta,XL,1,INR,399,BUCHIREDDIPALEM,524305,IN,FALSE
466,171-1002340-4588349,1002340,Women,52,12/04/2022,Delivered,Flipkart,SAR011,Saree,Free,1,INR,442,SOUTH GOA,403725,IN,FALSE
467,403-2216196-8989933,2216196,Women,29,12/04/2022,Delivered,Others,SET264-KR-NP-XL,Set,XL,1,INR,824,DHARWAD,580009,IN,FALSE
468,408-4300165-9396326,4300165,Women,38,12/04/2022,Delivered,Meesho,SET377-KR-NP-XL,Set,XL,1,INR,1238,SECUNDERABAD,500104,IN,FALSE
469,406-8400190-2999545,8400190,Women,18,12/04/2022,Delivered,Meesho,SET265-KR-NP-XL,Set,XL,1,INR,835,HYDERABAD,500050,IN,FALSE
470,405-9113248-9314745,9113248,Women,18,12/04/2022,Delivered,Flipkart,J0167-KR-XS,kurta,XS,1,INR,315,MALAPPURAM,679334,IN,FALSE
471,402-5520338-9778758,5520338,Women,33,12/04/2022,Delivered,Meesho,JNE3405-KR-L,kurta,L,1,INR,449,KOLKATA,700057,IN,FALSE
472,171-5510344-6923543,5510344,Women,59,12/04/2022,Delivered,Flipkart,SET098-KR-PP-M,Set,M,1,INR,759,CHENNAI,600049,IN,FALSE
473,407-0648743-0725138,648743,Women,57,12/04/2022,Delivered,Amazon,SAR018,Saree,Free,1,INR,684,THANE,400607,IN,FALSE
474,171-4525940-0891507,4525940,Women,62,12/04/2022,Delivered,Ajio,J0148-SET-XL,Set,XL,1,INR,636,GHAZIABAD,201005,IN,FALSE
475,171-4525940-0891507,4525940,Women,36,12/04/2022,Delivered,Nalli,JNE3703-KR-M,kurta,M,1,INR,292,KULLU,175101,IN,FALSE
476,171-5487299-6205113,5487299,Women,30,12/04/2022,Delivered,Nalli,SET291-KR-PP-L,Set,L,1,INR,579,PIRANGUT,412115,IN,FALSE
477,171-3760677-1367533,3760677,Men,40,12/04/2022,Delivered,Flipkart,JNE3806-KR-XXXL,kurta,3XL,1,INR,545,BENGALURU,560086,IN,FALSE
478,408-3086922-1029106,3086922,Women,23,12/04/2022,Cancelled,Amazon,SET268-KR-NP-L,Set,L,1,INR,788,BENGALURU,560036,IN,FALSE
479,402-4283216-6574726,4283216,Women,39,12/04/2022,Delivered,Amazon,JNE3787-KR-XXL,kurta,XXL,1,INR,458,KANCHEEPURAM,631501,IN,FALSE
480,402-4283216-6574726,4283216,Men,53,12/04/2022,Delivered,Flipkart,J0006-SET-S,Ethnic Dress,S,1,INR,899,BENGALURU,560037,IN,FALSE
481,408-0263159-4320328,263159,Women,47,12/04/2022,Returned,Myntra,SET400-KR-NP-L,Set,L,1,INR,1068,KALADHUNGI,263139,IN,FALSE
482,406-2735063-3679501,2735063,Women,32,12/04/2022,Delivered,Amazon,SET144-KR-NP-L,Set,L,1,INR,788,NEW DELHI,110059,IN,FALSE
483,406-1908556-1071530,1908556,Women,31,12/04/2022,Delivered,Amazon,SAR017,Saree,Free,1,INR,968,VAISHALI,844101,IN,FALSE
484,406-0263726-5575551,263726,Women,57,12/04/2022,Delivered,Myntra,JNE3721-KR-XL,kurta,XL,1,INR,301,NEW DELHI,110060,IN,FALSE
485,403-0828016-0451506,828016,Men,34,12/04/2022,Delivered,Myntra,J0341-DR-XL,Western Dress,XL,1,INR,744,THIRUVANANTHAPURAM,695586,IN,FALSE
486,403-3510246-5512302,3510246,Women,18,12/04/2022,Delivered,Amazon,J0162-SKD-S,Set,S,1,INR,1199,FARIDPUR BAREILLY DISTRICT,243503,IN,FALSE
487,403-1562996-3132350,1562996,Women,23,12/04/2022,Delivered,Myntra,BL104-S,Blouse,S,1,INR,625,ALLAHABAD,211004,IN,FALSE
488,403-1562996-3132350,1562996,Women,69,12/04/2022,Delivered,Ajio,JNE3366-KR-1053-XL,kurta,XL,1,INR,382,Bengaluru,560035,IN,FALSE
489,402-1412370-9685169,1412370,Women,32,12/04/2022,Delivered,Amazon,SAR024,Saree,Free,1,INR,958,Rasayani,410222,IN,TRUE
490,403-0195090-0359513,195090,Women,31,12/04/2022,Returned,Flipkart,SET405-KR-NP-M,Set,M,1,INR,715,HYDERABAD,500029,IN,FALSE
491,408-4805720-2828314,4805720,Women,48,12/04/2022,Cancelled,Flipkart,SET171-KR-NP-L,Set,L,1,INR,792,PUNE,411048,IN,FALSE
492,408-1482595-9961958,1482595,Women,55,12/04/2022,Delivered,Nalli,SAR024,Saree,Free,1,INR,1018,DHALIYUR,641109,IN,FALSE
493,404-0561569-5414723,561569,Women,74,12/04/2022,Delivered,Amazon,J0134-SET-L,Set,L,1,INR,693,GURUGRAM,122001,IN,FALSE
494,404-9913700-4902721,9913700,Women,28,12/04/2022,Delivered,Flipkart,JNE3618-KR-M,kurta,M,1,INR,375,BENGALURU,560048,IN,FALSE
495,404-6038553-2708307,6038553,Women,21,12/04/2022,Delivered,Others,JNE3465-KR-XXL,kurta,XXL,1,INR,523,DOWLESWARAM,533125,IN,FALSE
496,407-3491457-0963526,3491457,Women,32,12/04/2022,Delivered,Ajio,SET333-KR-DPT-XXXL,Set,3XL,1,INR,967,PUDUCHERRY,605013,IN,FALSE
497,171-9395757-8658715,9395757,Women,47,12/04/2022,Delivered,Amazon,SET132-KR-NP-XXL,Set,XXL,1,INR,612,CHENNAI,600024,IN,FALSE
498,171-5763184-9158761,5763184,Women,30,12/04/2022,Delivered,Flipkart,J0023-TP-XXL,Top,XXL,1,INR,375,PUNE,412307,IN,FALSE
499,404-3307096-8985128,3307096,Men,38,12/04/2022,Delivered,Amazon,J0157-DR-L,Western Dress,L,1,INR,956,BAPATLA,522101,IN,FALSE
500,402-1646848-7925135,1646848,Women,56,12/04/2022,Delivered,Myntra,SET265-KR-NP-XL,Set,XL,1,INR,888,VIZIANAGARAM,535001,IN,FALSE
501,408-6918550-2763518,6918550,Women,35,12/04/2022,Delivered,Others,J0012-SKD-S,Set,S,1,INR,1154,NEW DELHI,110037,IN,FALSE
502,408-0470788-0615524,470788,Women,44,12/04/2022,Delivered,Myntra,JNE3645-TP-N-XL,Top,XL,1,INR,663,DEHRADUN,248001,IN,FALSE
503,408-4125863-6581125,4125863,Women,31,12/04/2022,Delivered,Amazon,JNE3698-KR-XXL,kurta,XXL,1,INR,487,KOLKATA,700006,IN,FALSE
504,405-1619093-9851565,1619093,Women,44,12/04/2022,Delivered,Myntra,JNE3546-KR-L,kurta,L,1,INR,468,SIWAN,841226,IN,FALSE
505,405-1619093-9851565,1619093,Women,22,12/04/2022,Delivered,Myntra,JNE3423-KR-S,kurta,S,1,INR,399,WARORA,442907,IN,FALSE
506,408-3714219-0253939,3714219,Women,53,12/04/2022,Returned,Amazon,SET323-KR-NP-XL,Set,XL,1,INR,939,SIDDIPET,502103,IN,FALSE
507,404-8275680-9341960,8275680,Women,47,12/04/2022,Delivered,Nalli,J0224-SKD-XXXL,Set,3XL,1,INR,1364,RANCHI,834001,IN,FALSE
508,404-6032671-5435545,6032671,Women,34,12/04/2022,Delivered,Amazon,SAR028,Saree,Free,1,INR,648,KALYAN,421306,IN,FALSE
509,405-6130966-3411567,6130966,Women,18,12/04/2022,Returned,Myntra,J0342-TP-M,Top,M,1,INR,574,RAJAM,532127,IN,FALSE
510,406-0193925-5025108,193925,Women,68,12/04/2022,Delivered,Amazon,SAR003,Saree,Free,1,INR,376,SIDCUL HARIDWAR,249403,IN,FALSE
511,404-5373067-2161925,5373067,Women,61,12/04/2022,Delivered,Nalli,JNE3819-KR-XXL,kurta,XXL,1,INR,461,MOHALI,160055,IN,FALSE
512,402-8119281-8018720,8119281,Women,34,12/04/2022,Delivered,Myntra,SET268-KR-NP-XL,Set,XL,1,INR,698,BENGALURU,560061,IN,FALSE
513,407-1994630-2789904,1994630,Women,22,12/04/2022,Delivered,Nalli,SET278-KR-NP-M,Set,M,1,INR,1523,BENGALURU,560080,IN,FALSE
514,403-4549965-5374727,4549965,Men,40,12/04/2022,Delivered,Ajio,J0212-DR-XXL,Ethnic Dress,XXL,1,INR,1099,KOLKATA,700036,IN,FALSE
515,402-0008673-0033151,8673,Men,39,12/04/2022,Delivered,Amazon,JNE3779-KR-XL,kurta,XL,1,INR,432,BERHAMPUR,760010,IN,FALSE
516,407-4166762-0677156,4166762,Women,59,12/04/2022,Delivered,Amazon,J0346-SET-L,Set,L,1,INR,478,SECUNDERABAD,500011,IN,FALSE
517,406-8960622-0081958,8960622,Women,46,12/04/2022,Delivered,Flipkart,SET209-KR-PP-L,Set,L,1,INR,569,bangalore,560075,IN,FALSE
518,406-0634942-2596333,634942,Women,66,12/04/2022,Delivered,Amazon,SET110-KR-PP-XS,Set,XS,1,INR,788,Balrampur,271201,IN,FALSE
519,406-5158965-8921161,5158965,Women,19,12/04/2022,Delivered,Myntra,J0012-SKD-XXXL,Set,3XL,1,INR,1140,CHENNAI,600041,IN,FALSE
520,408-5490746-7089139,5490746,Women,29,12/04/2022,Delivered,Nalli,SET397-KR-NP-XXL,Set,XXL,1,INR,1201,ROORKEE,247667,IN,FALSE
521,405-7528511-4203536,7528511,Women,45,12/04/2022,Delivered,Ajio,J0162-SKD-M,Set,M,1,INR,999,DEORIA,274001,IN,FALSE
522,404-4047531-9682767,4047531,Men,25,12/04/2022,Delivered,Flipkart,SAR012,Saree,Free,1,INR,291,RAE BARELI,229001,IN,FALSE
523,407-2277333-1295519,2277333,Men,54,12/04/2022,Delivered,Amazon,JNE3860-DR-L,Western Dress,L,1,INR,614,SURAT,395002,IN,FALSE
524,405-6993353-1283507,6993353,Men,33,12/04/2022,Delivered,Flipkart,MEN5013-KR-XXL,kurta,XXL,1,INR,688,THANE,400601,IN,FALSE
525,402-7209804-2247548,7209804,Women,24,12/04/2022,Returned,Flipkart,SET265-KR-NP-S,Set,S,1,INR,835,BENGALURU,560079,IN,FALSE
526,171-2721307-6181962,2721307,Women,28,12/04/2022,Delivered,Flipkart,SET366-KR-NP-M,Set,M,1,INR,1163,GANGANAGAR,335711,IN,FALSE
527,408-4244576-9116343,4244576,Women,40,12/04/2022,Delivered,Myntra,SET265-KR-NP-XS,Set,XS,1,INR,888,Mumbai,400025,IN,FALSE
528,403-6685847-4507544,6685847,Women,28,12/04/2022,Delivered,Amazon,J0002-SKD-XXL,Set,XXL,1,INR,1125,CHENNAI,600042,IN,FALSE
529,403-6685847-4507544,6685847,Women,24,12/04/2022,Delivered,Flipkart,J0008-SKD-XS,Set,XS,1,INR,1075,PATNA,800001,IN,FALSE
530,171-1981568-5231569,1981568,Men,40,12/04/2022,Delivered,Amazon,J0122-TP-S,Top,S,1,INR,330,MUMBAI,400049,IN,FALSE
531,404-0205757-1520336,205757,Men,40,12/04/2022,Delivered,Amazon,PJNE2270-KR-N-4XL,kurta,4XL,1,INR,683,VISAKHAPATNAM,530027,IN,FALSE
532,402-2303396-0904316,2303396,Men,53,12/04/2022,Delivered,Myntra,J0341-DR-M,Western Dress,M,1,INR,885,BHANDARA,441904,IN,FALSE
533,403-3553137-7152321,3553137,Women,26,12/04/2022,Delivered,Flipkart,JNE3837-KR-S,kurta,S,1,INR,533,BENGALURU,560043,IN,FALSE
534,171-7882707-9911529,7882707,Women,78,12/04/2022,Delivered,Amazon,JNE3399-KR-XS,kurta,XS,1,INR,435,CHENNAI,600037,IN,FALSE
535,405-1286640-6913124,1286640,Women,61,12/04/2022,Delivered,Ajio,MEN5024-KR-M,kurta,M,1,INR,475,MUMBAI,400064,IN,FALSE
536,408-1531245-1663517,1531245,Women,35,12/04/2022,Delivered,Myntra,J0127-SKD-XS,Set,XS,1,INR,1186,ALANTHURAI,641114,IN,FALSE
537,171-9890628-7457933,9890628,Men,64,12/04/2022,Delivered,Amazon,JNE3798-KR-L,Western Dress,L,1,INR,715,KANPUR,208001,IN,FALSE
538,405-6101159-5807544,6101159,Women,43,12/04/2022,Delivered,Myntra,SET363-KR-NP-XXL,Set,XXL,1,INR,1125,lucknow,226012,IN,FALSE
539,403-5964555-4790764,5964555,Women,36,12/04/2022,Delivered,Amazon,SAR004,Saree,Free,1,INR,1186,MUMBAI,400072,IN,FALSE
540,408-2410897-7557123,2410897,Women,33,12/04/2022,Delivered,Amazon,JNE3605-KR-M,kurta,M,1,INR,487,UDUPI,576101,IN,FALSE
541,403-6177297-3420318,6177297,Women,44,12/04/2022,Delivered,Flipkart,J0348-SET-XL,Set,XL,1,INR,499,TITLAGARH,767033,IN,FALSE
542,408-8813507-3063501,8813507,Men,19,12/04/2022,Delivered,Myntra,SET156-KR-NP-S,Set,S,1,INR,716,BENGALURU,560016,IN,FALSE
543,403-1973643-5554719,1973643,Women,20,12/04/2022,Delivered,Amazon,NW030-TP-PJ-XXL,Set,XXL,1,INR,758,Navi Mumbai,400705,IN,TRUE
544,403-8630605-0690769,8630605,Men,47,12/04/2022,Delivered,Myntra,J0335-DR-S,Western Dress,S,1,INR,859,MUMBAI,400074,IN,FALSE
545,403-8630605-0690769,8630605,Women,62,12/04/2022,Delivered,Amazon,SET233-KR-PP-M,Set,M,1,INR,545,HYDERABAD,500075,IN,FALSE
546,403-8630605-0690769,8630605,Women,24,12/04/2022,Delivered,Myntra,J0137-SET-XXXL,Set,3XL,1,INR,721,KOLKATA,700025,IN,FALSE
547,406-8611373-5539557,8611373,Women,50,12/04/2022,Delivered,Myntra,BL104-L,Blouse,L,1,INR,1099,BETTIAH,845438,IN,FALSE
548,408-2044365-9097967,2044365,Women,39,12/04/2022,Delivered,Amazon,J0277-SKD-XL,Set,XL,1,INR,1481,BENGALURU,560076,IN,FALSE
549,403-8151832-3333941,8151832,Women,46,12/04/2022,Delivered,Amazon,J0118-TP-L,Top,L,1,INR,487,Bangalore,560100,IN,FALSE
550,171-2235887-5585145,2235887,Women,23,12/04/2022,Delivered,Amazon,J0119-TP-XL,Top,XL,1,INR,550,PATHANAMTHITTA,689674,IN,FALSE
551,404-3998205-7286762,3998205,Men,57,12/04/2022,Delivered,Flipkart,J0006-SET-XXL,Ethnic Dress,XXL,1,INR,845,MEERUT,250004,IN,FALSE
552,404-5548596-8561152,5548596,Women,34,12/04/2022,Delivered,Amazon,J0283-SET-M,Set,M,1,INR,1072,PORT BLAIR,744101,IN,FALSE
553,408-0252614-8486701,252614,Women,23,12/04/2022,Delivered,Amazon,JNE3468-KR-XS,kurta,XS,1,INR,399,BENGALURU,560067,IN,FALSE
554,405-5497113-3123502,5497113,Women,28,12/04/2022,Delivered,Meesho,JNE3405-KR-S,kurta,S,1,INR,399,FARIDABAD,121003,IN,FALSE
555,404-4640147-9453139,4640147,Women,51,12/04/2022,Delivered,Amazon,SAR020,Saree,Free,1,INR,988,HAMIRPUR,177001,IN,FALSE
556,408-1729818-8505930,1729818,Women,75,12/04/2022,Delivered,Amazon,MEN5026-KR-XXL,kurta,XXL,1,INR,499,HYDERABAD,500034,IN,FALSE
557,405-3488885-1780355,3488885,Women,24,12/04/2022,Delivered,Myntra,JNE3405-KR-M,kurta,M,1,INR,435,NATTAKAM,686013,IN,FALSE
558,404-3898679-4793931,3898679,Men,35,12/04/2022,Delivered,Amazon,SET324-KR-NP-S,Set,S,1,INR,597,New Delhi,110093,IN,FALSE
559,405-0937120-4395504,937120,Women,54,12/04/2022,Delivered,Amazon,JNE3718-KR-S,kurta,S,1,INR,399,BENGALURU,560062,IN,FALSE
560,171-3504837-5617119,3504837,Women,27,12/04/2022,Delivered,Ajio,JNE3443-KR-M,kurta,M,1,INR,517,LUCKNOW,226003,IN,FALSE
561,408-2374778-6181118,2374778,Women,40,12/04/2022,Delivered,Flipkart,SAR013,Saree,Free,1,INR,1432,BHOPAL,462030,IN,FALSE
562,406-5504608-9635536,5504608,Women,34,12/04/2022,Delivered,Amazon,JNE3522-KR-M,kurta,M,1,INR,325,GAUTAM BUDDHA NAGAR,201318,IN,FALSE
563,402-1316762-0594717,1316762,Women,49,12/04/2022,Returned,Amazon,JNE3794-KR-M,kurta,M,1,INR,499,Sikkathambur Palayam,621008,IN,FALSE
564,402-1749092-6325957,1749092,Women,36,12/04/2022,Delivered,Myntra,SET350-KR-NP-XS,Set,XS,1,INR,1299,NAVELIM,403707,IN,FALSE
565,408-3238001-7081138,3238001,Women,29,12/04/2022,Delivered,Myntra,JNE3461-KR-XS,kurta,XS,1,INR,399,MANGALURU,575004,IN,FALSE
566,402-8136697-0684301,8136697,Women,34,12/04/2022,Delivered,Amazon,SET377-KR-NP-XS,Set,XS,1,INR,1036,NEW DELHI,110053,IN,FALSE
567,406-8378600-4217138,8378600,Women,30,12/04/2022,Delivered,Myntra,JNE3790-KR-XXXL,kurta,3XL,1,INR,316,"Goregaon East, Mumbai -  400097",400097,IN,FALSE
568,404-2839193-7107551,2839193,Women,48,12/04/2022,Cancelled,Flipkart,J0139-KR-XXXL,kurta,3XL,1,INR,387,NAGAON,782002,IN,FALSE
569,403-8374030-6006715,8374030,Women,23,12/04/2022,Delivered,Amazon,SAR005,Saree,Free,1,INR,587,HYDERABAD,500049,IN,FALSE
570,403-6081434-3402708,6081434,Men,40,12/04/2022,Delivered,Amazon,J0341-DR-M,Western Dress,M,1,INR,743,ITAHAR,733143,IN,FALSE
571,402-3658501-5533112,3658501,Men,25,12/04/2022,Delivered,Amazon,J0339-DR-XXXL,Western Dress,3XL,1,INR,1033,COIMBATORE,641017,IN,FALSE
572,408-7272392-5617143,7272392,Men,41,12/04/2022,Delivered,Flipkart,J0252-SKD-M,Set,M,1,INR,939,VADODARA,390009,IN,FALSE
573,403-8984518-5638700,8984518,Women,24,12/04/2022,Delivered,Amazon,SET165-KR-PP-XS,Set,XS,1,INR,567,NADIAD,387001,IN,FALSE
574,406-4461058-4386706,4461058,Women,31,12/04/2022,Delivered,Amazon,J0334-TP-M,Top,M,1,INR,516,DEHRADUN,248001,IN,FALSE
575,406-9980959-3520369,9980959,Men,40,12/04/2022,Cancelled,Myntra,SET374-KR-NP-S,Set,S,1,INR,589,VARKALA,695141,IN,FALSE
576,405-5984744-5075555,5984744,Women,76,12/04/2022,Delivered,Myntra,SAR016,Saree,Free,1,INR,654,MUMBAI,400055,IN,FALSE
577,407-6101487-7449166,6101487,Women,46,12/04/2022,Delivered,Myntra,SET233-KR-PP-S,Set,S,1,INR,566,GREATER NOIDA,201306,IN,FALSE
578,405-4816337-9550701,4816337,Men,46,12/04/2022,Delivered,Meesho,JNE3905-DR-XL,Western Dress,XL,1,INR,625,NAGPUR,440017,IN,FALSE
579,404-0605697-4066746,605697,Women,48,12/04/2022,Delivered,Amazon,JNE3721-KR-L,kurta,L,1,INR,322,BENGALURU,560078,IN,FALSE
580,404-1759089-8145144,1759089,Women,67,12/04/2022,Delivered,Others,SET240-KR-PP-M,Set,M,1,INR,562,BENGALURU,560033,IN,FALSE
581,408-6149021-3150762,6149021,Men,64,12/04/2022,Delivered,Amazon,J0211-DR-M,Ethnic Dress,M,1,INR,699,"Barang, Dadhapatna",754005,IN,FALSE
582,408-6149021-3150762,6149021,Men,33,12/04/2022,Delivered,Amazon,J0339-DR-M,Western Dress,M,1,INR,786,CHENNAI,600090,IN,FALSE
583,408-0290999-5302701,290999,Men,41,12/04/2022,Delivered,Flipkart,JNE3881-DR-L,Western Dress,L,1,INR,776,PANDHARPUR,413304,IN,FALSE
584,408-0290999-5302701,290999,Men,73,12/04/2022,Delivered,Flipkart,J0341-DR-L,Western Dress,L,1,INR,744,VARANASI,221005,IN,FALSE
585,171-7562871-5776336,7562871,Men,25,12/04/2022,Delivered,Amazon,SET345-KR-NP-M,Set,M,1,INR,635,MIRIK,734214,IN,FALSE
586,405-4777340-3371531,4777340,Women,26,12/04/2022,Delivered,Flipkart,J0373-KR-XXXL,kurta,3XL,1,INR,558,MAHABUBABAD,506101,IN,FALSE
587,405-4777340-3371531,4777340,Women,46,12/04/2022,Delivered,Flipkart,J0352-KR-XL,kurta,XL,1,INR,627,BANGALORE,560023,IN,FALSE
588,404-5372960-0722709,5372960,Women,44,12/04/2022,Delivered,Myntra,SET366-KR-NP-S,Set,S,1,INR,1362,NEW DELHI,110035,IN,FALSE
589,407-2526682-4359517,2526682,Women,47,12/04/2022,Delivered,Amazon,SAR009,Saree,Free,1,INR,688,KOLKATA,700094,IN,FALSE
590,403-6073591-9257102,6073591,Men,28,12/04/2022,Refunded,Amazon,J0348-SET-S,Set,S,1,INR,464,GHAZIABAD,201017,IN,FALSE
591,405-2229567-3510707,2229567,Women,31,12/04/2022,Delivered,Myntra,J0148-SET-XXL,Set,XXL,1,INR,599,CHENNAI,600095,IN,FALSE
592,408-7874045-9757902,7874045,Women,73,12/04/2022,Returned,Flipkart,JNE3633-KR-L,kurta,L,1,INR,431,DEHRADUN,248001,IN,FALSE
593,403-6811391-9186758,6811391,Men,40,12/04/2022,Delivered,Flipkart,SAR003,Saree,Free,1,INR,471,BENGALURU,560024,IN,FALSE
594,403-6078306-9320314,6078306,Women,39,12/04/2022,Delivered,Flipkart,SET333-KR-DPT-XS,Set,XS,1,INR,967,ERNAKULAM,682028,IN,FALSE
595,407-4034081-1985949,4034081,Men,55,12/04/2022,Delivered,Flipkart,JNE3440-KR-N-M,kurta,M,1,INR,399,GOLAGHAT,785610,IN,FALSE
596,407-4034081-1985949,4034081,Men,31,12/04/2022,Delivered,Amazon,JNE3440-KR-N-M,kurta,M,1,INR,399,BALLY,711201,IN,FALSE
597,171-3374384-6724310,3374384,Men,24,12/04/2022,Delivered,Flipkart,J0334-TP-S,Top,S,1,INR,549,Osmanabad,413501,IN,FALSE
598,402-4369754-3524352,4369754,Women,70,12/04/2022,Delivered,Flipkart,J0282-SET-XXXL,Set,3XL,1,INR,999,AMRELI,365601,IN,FALSE
599,402-9530023-7697127,9530023,Women,50,12/04/2022,Cancelled,Amazon,JNE3405-KR-XS,kurta,XS,1,INR,399,JEHANABAD,804408,IN,FALSE
600,406-6608262-5184312,6608262,Women,44,12/04/2022,Delivered,Amazon,SAR018,Saree,Free,1,INR,898,NOIDA,201301,IN,FALSE
601,406-6608262-5184312,6608262,Women,45,12/04/2022,Delivered,Amazon,SAR016,Saree,Free,1,INR,399,ERNAKULAM,682018,IN,FALSE
602,406-6067494-4405113,6067494,Women,78,12/04/2022,Cancelled,Amazon,SAR006,Saree,Free,1,INR,499,GHAZIABAD,201005,IN,FALSE
603,407-6126480-7755547,6126480,Women,44,12/04/2022,Delivered,Flipkart,SAR018,Saree,Free,1,INR,597,JODHPUR,342005,IN,FALSE
604,408-3151405-6535513,3151405,Women,22,12/04/2022,Delivered,Nalli,SET183-KR-DH-M,Set,M,1,INR,759,HYDERABAD,500090,IN,FALSE
605,402-3362405-1645124,3362405,Women,31,12/04/2022,Delivered,Nalli,SAR023,Saree,Free,1,INR,1111,Rewa,486002,IN,FALSE
606,407-7255132-0575516,7255132,Men,58,12/04/2022,Delivered,Amazon,SET331-KR-NP-XS,Set,XS,1,INR,589,GUWAHATI,781037,IN,FALSE
607,403-6566928-7562711,6566928,Men,24,12/04/2022,Delivered,Amazon,SET183-KR-DH-M,Set,M,1,INR,759,PIMPRI CHINCHWAD,412114,IN,FALSE
608,407-5987847-1705915,5987847,Women,20,12/04/2022,Delivered,Amazon,SET144-KR-NP-L,Set,L,1,INR,788,JAIPUR,302017,IN,FALSE
609,403-5787687-0598730,5787687,Women,43,12/04/2022,Delivered,Amazon,SAR003,Saree,Free,1,INR,537,BENGALURU,560100,IN,FALSE
610,404-9893613-2835503,9893613,Men,22,12/04/2022,Returned,Amazon,SAR010,Saree,Free,1,INR,999,MUNGER,813214,IN,FALSE
611,404-7723881-4591532,7723881,Women,57,12/04/2022,Delivered,Myntra,SET197-KR-NP-S,Set,S,1,INR,759,HYDERABAD,501505,IN,FALSE
612,407-9821652-8525912,9821652,Women,42,12/04/2022,Delivered,Amazon,SET331-KR-NP-XXXL,Set,3XL,1,INR,597,THIRUVANANTHAPURAM,695035,IN,FALSE
613,407-4875861-3893165,4875861,Women,62,12/04/2022,Delivered,Amazon,SET319-KR-NP-XS,Set,XS,1,INR,825,AMRAVATI,444603,IN,FALSE
614,407-6059740-6613143,6059740,Women,26,12/04/2022,Delivered,Meesho,BL102-M,Blouse,M,1,INR,259,HYDERABAD,500089,IN,FALSE
615,404-6970756-2865919,6970756,Men,76,12/04/2022,Delivered,Amazon,SET377-KR-NP-XS,Set,XS,1,INR,1068,JALGAON,425002,IN,FALSE
616,404-6287760-5811531,6287760,Women,25,12/04/2022,Delivered,Amazon,J0385-KR-M,kurta,M,1,INR,888,Bangalore,560037,IN,FALSE
617,407-3375305-1897959,3375305,Men,33,12/04/2022,Delivered,Myntra,J0234-SKD-L,Set,L,1,INR,1115,ROBERTSGANJ,231216,IN,FALSE
618,408-9068476-2560348,9068476,Women,46,12/04/2022,Cancelled,Amazon,SET269-KR-NP-XL,Set,XL,1,INR,824,HYDERABAD,500090,IN,FALSE
619,408-9068476-2560348,9068476,Men,35,12/04/2022,Delivered,Others,SET269-KR-NP-M,Set,M,1,INR,799,DHAURA TANDA,243202,IN,FALSE
620,407-8909433-0661906,8909433,Women,27,12/04/2022,Delivered,Amazon,SET322-KR-SHA-M,Set,M,1,INR,1120,"Indirapuram, Ghaziabad",201014,IN,FALSE
621,405-3129936-0683547,3129936,Men,36,12/04/2022,Delivered,Myntra,SET341-KR-NP-S,Set,S,1,INR,857,BANTWAL,574260,IN,FALSE
622,405-6638259-2676369,6638259,Women,49,12/04/2022,Delivered,Flipkart,SET110-KR-PP-XS,Set,XS,1,INR,788,FARRUKHNAGAR,122506,IN,FALSE
623,407-7157837-3135527,7157837,Men,32,12/04/2022,Delivered,Amazon,SET187-KR-DH-XXL,Set,XXL,1,INR,599,Sullia,574234,IN,FALSE
624,406-2631519-5168319,2631519,Women,22,12/04/2022,Delivered,Amazon,J0111-TP-L,Top,L,1,INR,423,EAST DELHI,110092,IN,FALSE
625,406-2631519-5168319,2631519,Women,48,12/04/2022,Delivered,Flipkart,J0301-TP-XL,Top,XL,1,INR,693,KOLHAPUR,416013,IN,FALSE
626,406-0271961-3764362,271961,Men,39,12/04/2022,Delivered,Amazon,J0413-DR-XS,Western Dress,XS,1,INR,741,Hyderabad,500048,IN,FALSE
627,406-0271961-3764362,271961,Men,42,12/04/2022,Delivered,Myntra,J0341-DR-L,Western Dress,L,1,INR,743,HYDERABAD,500090,IN,FALSE
628,402-2733877-9862735,2733877,Women,23,12/04/2022,Cancelled,Ajio,SET265-KR-NP-S,Set,S,1,INR,888,GURUGRAM,122002,IN,FALSE
629,402-0732793-4610749,732793,Men,28,12/04/2022,Delivered,Amazon,SAR028,Saree,Free,1,INR,484,REWA,486001,IN,FALSE
630,171-4577946-2828333,4577946,Women,47,12/04/2022,Delivered,Myntra,SET402-KR-NP-XS,Set,XS,1,INR,988,CHENNAI,600044,IN,FALSE
631,408-9482794-2578763,9482794,Men,34,12/04/2022,Delivered,Amazon,SAR025,Saree,Free,1,INR,764,SIWAN,841226,IN,FALSE
632,407-5010143-3173104,5010143,Women,64,12/04/2022,Delivered,Nalli,SET342-KR-NP-N-XL,Set,XL,1,INR,850,NOIDA,201301,IN,FALSE
633,408-6353578-8825133,6353578,Women,25,12/04/2022,Delivered,Amazon,SET275-KR-NP-XL,Set,XL,1,INR,684,NEW DELHI,110007,IN,FALSE
634,402-7193353-0926754,7193353,Men,38,12/04/2022,Delivered,Ajio,SET252-KR-PP-XS,Set,XS,1,INR,759,JALANDHAR,144008,IN,FALSE
635,406-1369375-3623565,1369375,Men,33,12/04/2022,Delivered,Flipkart,SAR014,Saree,Free,1,INR,837,RON,477335,IN,FALSE
636,406-5751421-7464360,5751421,Men,18,12/04/2022,Delivered,Amazon,JNE3869-DR-M,Western Dress,M,1,INR,948,BARGARH,768028,IN,FALSE
637,406-2525671-6634725,2525671,Men,48,12/04/2022,Delivered,Flipkart,J0339-DR-XXL,Western Dress,XXL,1,INR,776,GURUGRAM,122018,IN,FALSE
638,402-1148969-0636313,1148969,Men,18,12/04/2022,Delivered,Myntra,J0013-SKD-M,Set,M,1,INR,1008,LUCKNOW,226006,IN,FALSE
639,407-1480412-0866746,1480412,Women,31,12/04/2022,Returned,Myntra,JNE3560-KR-M,kurta,M,1,INR,481,SECUNDERABAD,500061,IN,FALSE
640,406-1581803-2195535,1581803,Women,28,12/04/2022,Delivered,Amazon,J0008-SKD-L,Set,L,1,INR,1065,Thane,400612,IN,FALSE
641,407-1589269-5759523,1589269,Men,42,12/04/2022,Delivered,Amazon,SET397-KR-NP-XL,Set,XL,1,INR,969,LUCKNOW,226010,IN,FALSE
642,171-0163677-1965150,163677,Women,21,12/04/2022,Delivered,Nalli,J0117-TP-M,Top,M,1,INR,518,"Mumbai, Bandra East",400051,IN,FALSE
643,405-5591629-4525126,5591629,Women,73,12/04/2022,Delivered,Flipkart,JNE3804-KR-XL,kurta,XL,1,INR,459,BENGALURU,560018,IN,FALSE
644,402-2762496-7761108,2762496,Men,65,12/04/2022,Delivered,Flipkart,SAR022,Saree,Free,1,INR,597,DEHRADUN,248001,IN,FALSE
645,405-3613696-0678764,3613696,Men,74,12/04/2022,Delivered,Amazon,SET310-KR-NP-XXL,Set,XXL,1,INR,999,YAVATMAL,445001,IN,FALSE
646,406-8674741-3793158,8674741,Men,45,12/04/2022,Delivered,Amazon,SAR015,Saree,Free,1,INR,664,NOWGONG,471201,IN,FALSE
647,406-8674741-3793158,8674741,Men,34,12/04/2022,Delivered,Amazon,SAR017,Saree,Free,1,INR,499,mumbai,400078,IN,FALSE
648,406-3961682-5581168,3961682,Men,37,12/04/2022,Delivered,Flipkart,SAR011,Saree,Free,1,INR,688,BENGALURU,560037,IN,FALSE
649,406-3961682-5581168,3961682,Women,32,12/04/2022,Delivered,Myntra,JNE3790-KR-XXL,kurta,XXL,1,INR,301,ALAGAPPAPURAM,629401,IN,FALSE
650,171-9993814-3190752,9993814,Women,42,12/04/2022,Returned,Myntra,J0391-TP-L,Top,L,1,INR,649,CHANDIGARH,160023,IN,FALSE
651,403-1484966-4413950,1484966,Men,75,12/04/2022,Delivered,Amazon,J0339-DR-XXL,Western Dress,XXL,1,INR,791,Hasanpur,244241,IN,FALSE
652,406-2998401-6811569,2998401,Men,25,12/04/2022,Delivered,Ajio,SET290-KR-DPT-L,Set,L,1,INR,715,BENGALURU,560102,IN,FALSE
653,408-0443250-3512362,443250,Women,52,12/04/2022,Delivered,Flipkart,JNE3465-KR-XL,kurta,XL,1,INR,502,TUMKUR,572106,IN,FALSE
654,408-1440632-1945912,1440632,Women,23,12/04/2022,Delivered,Myntra,SET269-KR-NP-XL,Set,XL,1,INR,824,MUMBAI,400069,IN,FALSE
655,171-2943155-2926761,2943155,Women,25,12/04/2022,Delivered,Flipkart,JNE3716-KR-S,kurta,S,1,INR,432,BAREILLY,243001,IN,FALSE
656,407-0165114-4631534,165114,Women,25,12/04/2022,Delivered,Amazon,J0041-SET-L,Set,L,1,INR,641,Burdwan,713102,IN,FALSE
657,408-0330056-8590708,330056,Women,29,12/04/2022,Delivered,Amazon,NW012-TP-PJ-L,Set,L,1,INR,560,TUMKUR,572106,IN,FALSE
658,404-8480814-8579555,8480814,Women,64,12/04/2022,Returned,Nalli,SET363-KR-NP-XS,Set,XS,1,INR,1149,VARANASI,221010,IN,FALSE
659,408-9740627-8617114,9740627,Women,68,12/04/2022,Delivered,Flipkart,SET121-KR-NP-XS,Set,XS,1,INR,464,Bangalore,560004,IN,FALSE
660,408-9740627-8617114,9740627,Men,49,12/04/2022,Delivered,Amazon,J0005-DR-XL,Western Dress,XL,1,INR,899,LUCKNOW,226016,IN,FALSE
661,407-9143448-0039516,9143448,Women,44,12/04/2022,Delivered,Myntra,JNE3887-KR-XXXL,kurta,3XL,1,INR,526,Musiri,621211,IN,FALSE
662,402-6604106-8120327,6604106,Women,24,12/04/2022,Delivered,Myntra,JNE3633-KR-S,kurta,S,1,INR,459,Dombivli,421204,IN,FALSE
663,403-9917475-5929124,9917475,Men,34,12/04/2022,Delivered,Amazon,J0333-DR-XXXL,Western Dress,3XL,1,INR,825,KOLKATA,700107,IN,FALSE
664,403-9917475-5929124,9917475,Men,28,12/04/2022,Delivered,Myntra,J0341-DR-M,Western Dress,M,1,INR,744,NEW DELHI,110077,IN,FALSE
665,171-8161439-4079513,8161439,Women,35,12/04/2022,Delivered,Myntra,JNE3487-KR-L,kurta,L,1,INR,345,VALPOI,403506,IN,FALSE
666,405-3946933-9781937,3946933,Women,45,12/04/2022,Returned,Myntra,JNE3364-KR-1051-A-L,kurta,L,1,INR,376,SALEM,636002,IN,FALSE
667,408-3357610-1993157,3357610,Women,77,12/04/2022,Delivered,Myntra,JNE3443-KR-XL,kurta,XL,1,INR,481,BENGALURU,560105,IN,FALSE
668,405-2411749-8232351,2411749,Women,19,12/04/2022,Delivered,Amazon,SET377-KR-NP-XS,Set,XS,1,INR,1068,JAJAPUR,755007,IN,FALSE
669,403-5633467-8586744,5633467,Women,18,12/04/2022,Delivered,Flipkart,JNE3405-KR-L,kurta,L,1,INR,399,DIBRUGARH,786001,IN,FALSE
670,403-5633467-8586744,5633467,Women,34,12/04/2022,Delivered,Amazon,JNE3403-KR-M,kurta,M,1,INR,429,MUMBAI,400002,IN,FALSE
671,171-3228955-2719539,3228955,Women,51,12/04/2022,Cancelled,Ajio,SET277-KR-NP-S,Set,S,1,INR,1338,LUCKNOW,226020,IN,FALSE
672,405-9973433-8409167,9973433,Men,29,12/04/2022,Delivered,Flipkart,SET340-KR-NP-XXXL,Set,3XL,1,INR,795,BETTIAH,845438,IN,FALSE
673,406-1130253-9645148,1130253,Men,32,12/04/2022,Delivered,Flipkart,J0341-DR-XXL,Western Dress,XXL,1,INR,885,HYDERABAD,500055,IN,FALSE
674,405-9716987-0970701,9716987,Men,76,12/04/2022,Delivered,Ajio,SET197-KR-NP-XXL,Set,XXL,1,INR,759,DHANBAD,826003,IN,FALSE
675,403-1032774-8688341,1032774,Men,27,12/04/2022,Delivered,Amazon,JNE3706-DR-L,Western Dress,L,1,INR,413,ADALAJ,382421,IN,FALSE
676,171-0125115-0251504,125115,Women,46,12/04/2022,Delivered,Myntra,JNE2100-KR-144-XL,kurta,XL,1,INR,357,BELLARY,583103,IN,FALSE
677,407-6537606-3419529,6537606,Women,30,12/04/2022,Delivered,Amazon,JNE3803-KR-S,kurta,S,1,INR,431,HYDERABAD,500007,IN,FALSE
678,408-0082399-4053916,82399,Women,20,12/04/2022,Refunded,Flipkart,J0294-TP-XS,Top,XS,1,INR,366,MUMBAI,400055,IN,FALSE
679,404-6673630-5993956,6673630,Women,21,12/04/2022,Delivered,Myntra,J0117-TP-M,Top,M,1,INR,726,BENGALURU,560043,IN,FALSE
680,404-6673630-5993956,6673630,Women,46,12/04/2022,Delivered,Ajio,JNE1233-BLUE-KR-031-XXL,kurta,XXL,1,INR,376,MUNGER,811201,IN,FALSE
681,404-5782801-6911546,5782801,Men,48,12/04/2022,Returned,Myntra,J0209-DR-XL,Ethnic Dress,XL,1,INR,721,HYDERABAD,500044,IN,FALSE
682,404-5183329-5670702,5183329,Women,66,12/04/2022,Delivered,Amazon,JNE3703-KR-M,kurta,M,1,INR,292,BENGALURU,560033,IN,FALSE
683,406-8426061-9645149,8426061,Women,18,12/04/2022,Delivered,Flipkart,SET268-KR-NP-M,Set,M,1,INR,698,NIZAMABAD,503001,IN,FALSE
684,171-7753431-7325114,7753431,Men,22,12/04/2022,Delivered,Ajio,J0335-DR-L,Western Dress,L,1,INR,807,"Avinashi, Tirupur",641654,IN,FALSE
685,406-9159324-1538737,9159324,Women,18,12/04/2022,Delivered,Ajio,JNE3560-KR-S,kurta,S,1,INR,487,PUNE,411028,IN,FALSE
686,171-3646143-0060353,3646143,Men,36,12/04/2022,Delivered,Amazon,J0341-DR-L,Western Dress,L,1,INR,744,HYDERABAD,500010,IN,FALSE
687,403-0805366-7554750,805366,Women,41,12/04/2022,Delivered,Others,J0023-TP-XL,Top,XL,1,INR,399,MUMBAI,400061,IN,FALSE
688,405-6120035-9541123,6120035,Men,29,12/04/2022,Delivered,Amazon,J0158-DR-XXXL,Western Dress,3XL,1,INR,721,KANPUR,208001,IN,FALSE
689,407-1702986-1421937,1702986,Women,56,12/04/2022,Returned,Myntra,JNE3560-KR-XL,kurta,XL,1,INR,544,BENGALURU,560035,IN,FALSE
690,403-8413071-1724308,8413071,Women,46,12/04/2022,Delivered,Flipkart,MEN5032-KR-XL,kurta,XL,1,INR,787,BENGALURU,560037,IN,FALSE
691,408-3883141-4527531,3883141,Men,55,12/04/2022,Delivered,Amazon,MEN5013-KR-M,kurta,M,1,INR,499,BENGALURU,562125,IN,FALSE
692,406-4815236-3169110,4815236,Men,44,12/04/2022,Delivered,Nalli,JNE3609-KR-XXXL,kurta,3XL,1,INR,568,NAVI MUMBAI,400706,IN,FALSE
693,408-1811551-4974757,1811551,Women,40,12/04/2022,Delivered,Amazon,SET183-KR-DH-XXXL,Set,3XL,1,INR,759,KOLKATA,700078,IN,FALSE
694,402-6885401-7329145,6885401,Men,44,12/04/2022,Delivered,Flipkart,J0083-KR-L,kurta,L,1,INR,565,FAIZABAD,224001,IN,FALSE
695,402-6885401-7329145,6885401,Men,34,12/04/2022,Delivered,Flipkart,J0041-SET-M,Set,M,1,INR,763,BENGALURU,560068,IN,FALSE
696,402-6885401-7329145,6885401,Women,35,12/04/2022,Delivered,Amazon,J0027-SET-S,Set,S,1,INR,625,AGRA,282007,IN,FALSE
697,402-6885401-7329145,6885401,Men,61,12/04/2022,Delivered,Amazon,J0096-KR-L,kurta,L,1,INR,561,KOLKATA,700150,IN,FALSE
698,408-4554912-8730752,4554912,Men,23,12/04/2022,Delivered,Flipkart,MEN5022-KR-XL,kurta,XL,1,INR,530,GREATER NOIDA,201306,IN,FALSE
699,171-4700451-1733943,4700451,Women,43,12/04/2022,Delivered,Nalli,SET268-KR-NP-XXL,Set,XXL,1,INR,788,LUCKNOW,226021,IN,FALSE
700,407-9857388-6845100,9857388,Men,21,12/04/2022,Delivered,Others,SET233-KR-PP-L,Set,L,1,INR,545,MUMBAI,400010,IN,FALSE
701,406-0663102-6031540,663102,Men,70,12/04/2022,Delivered,Flipkart,SAR022,Saree,Free,1,INR,319,"anna Nagar west, chennai",600040,IN,FALSE
702,406-5836547-3208327,5836547,Men,28,12/04/2022,Delivered,Amazon,J0005-DR-XXXL,Western Dress,3XL,1,INR,899,HYDERABAD,500028,IN,FALSE
703,404-0289403-1633154,289403,Women,47,12/04/2022,Delivered,Amazon,SET265-KR-NP-XXL,Set,XXL,1,INR,888,AHMADNAGAR,414003,IN,FALSE
704,403-3997749-6443569,3997749,Men,43,12/04/2022,Delivered,Flipkart,J0345-SET-M,Set,M,1,INR,519,BANGALORE,560047,IN,FALSE
705,407-3035696-4045959,3035696,Women,22,12/04/2022,Delivered,Myntra,SET268-KR-NP-XXL,Set,XXL,1,INR,788,Delhi,110034,IN,FALSE
706,405-3958289-7453141,3958289,Women,73,12/04/2022,Delivered,Myntra,J0002-SKD-M,Set,M,1,INR,1125,THANE,400601,IN,FALSE
707,408-9939687-9918717,9939687,Men,25,12/04/2022,Delivered,Myntra,J0236-SKD-XL,Set,XL,1,INR,950,KANPUR,208023,IN,FALSE
708,403-0742597-2741165,742597,Men,35,12/04/2022,Delivered,Flipkart,SAR003,Saree,Free,1,INR,852,LUCKNOW,227305,IN,FALSE
709,406-7435000-4093964,7435000,Men,47,12/04/2022,Delivered,Flipkart,SAR019,Saree,Free,1,INR,725,Singrauli,486890,IN,FALSE
710,406-9495841-6581130,9495841,Women,62,12/04/2022,Delivered,Flipkart,J0198-TP-S,Top,S,1,INR,817,BHADRAK,756181,IN,FALSE
711,403-9612837-4457931,9612837,Men,55,12/04/2022,Delivered,Amazon,SAR011,Saree,Free,1,INR,1174,SURAT,394101,IN,FALSE
712,403-9612837-4457931,9612837,Men,31,12/04/2022,Delivered,Ajio,SET392-KR-NP-M,Set,M,1,INR,799,AMRAVATI,444601,IN,FALSE
713,406-2001002-8825957,2001002,Men,48,12/04/2022,Delivered,Nalli,SET389-KR-NP-XS,Set,XS,1,INR,648,wardha,442001,IN,FALSE
714,403-9992014-0049967,9992014,Women,52,12/04/2022,Delivered,Meesho,BL086-XL,Blouse,XL,2,INR,568,NOIDA,201301,IN,FALSE
715,404-2298965-1087513,2298965,Women,42,12/04/2022,Delivered,Amazon,SET268-KR-NP-S,Set,S,1,INR,788,Mumbai,400060,IN,FALSE
716,408-6229533-1087567,6229533,Women,26,12/04/2022,Delivered,Flipkart,JNE1906-KR-031-S,kurta,S,1,INR,357,CHENNAI,600091,IN,FALSE
717,404-9396326-7233962,9396326,Women,18,12/04/2022,Delivered,Myntra,J0285-SKD-XS,Set,XS,1,INR,1442,RAMAGUNDAM,505188,IN,FALSE
718,404-9923260-4935541,9923260,Women,56,12/04/2022,Refunded,Myntra,JNE1951-KR-155-XXL,kurta,XXL,1,INR,368,BENGALURU,560102,IN,FALSE
719,402-3220216-6909135,3220216,Men,74,12/04/2022,Delivered,Flipkart,SET402-KR-NP-XXXL,Set,3XL,1,INR,988,PUNE,411045,IN,FALSE
720,408-9096009-2107540,9096009,Men,37,12/04/2022,Returned,Flipkart,SAR026,Saree,Free,1,INR,801,SHIMLA,171006,IN,FALSE
721,407-1123100-7051559,1123100,Women,31,12/04/2022,Delivered,Ajio,BL104-M,Blouse,M,1,INR,625,NAVI MUMBAI,410218,IN,FALSE
722,407-6297503-8597161,6297503,Women,22,12/04/2022,Delivered,Amazon,SET183-KR-DH-XXXL,Set,3XL,1,INR,759,HYDERABAD,500072,IN,FALSE
723,406-6558831-2810709,6558831,Women,31,12/04/2022,Delivered,Amazon,SET275-KR-NP-XL,Set,XL,1,INR,630,GURUGRAM,122011,IN,FALSE
724,406-8089991-0219519,8089991,Men,28,12/04/2022,Delivered,Flipkart,J0341-DR-XXL,Western Dress,XXL,1,INR,885,ALLAHABAD,211001,IN,FALSE
725,171-0812377-2640321,812377,Men,64,12/04/2022,Delivered,Flipkart,SAR007,Saree,Free,1,INR,692,ALONG,791001,IN,FALSE
726,404-5421512-4545151,5421512,Men,39,12/04/2022,Delivered,Flipkart,SET268-KR-NP-XXL,Set,XXL,1,INR,788,NEW DELHI,110020,IN,FALSE
727,405-1249390-7866716,1249390,Men,78,12/04/2022,Delivered,Amazon,SAR024,Saree,Free,1,INR,583,NEW DELHI,110074,IN,FALSE
728,405-2502357-4840334,2502357,Men,25,12/04/2022,Delivered,Myntra,J0009-SKD-XXL,Set,XXL,1,INR,828,KALIMPONG,734311,IN,FALSE
729,405-2502357-4840334,2502357,Men,33,12/04/2022,Delivered,Flipkart,SAR005,Saree,Free,1,INR,560,JOGABANI,854328,IN,FALSE
730,405-1922681-4762747,1922681,Men,75,12/04/2022,Delivered,Flipkart,SAR025,Saree,Free,1,INR,458,VIDISHA,464001,IN,FALSE
731,405-1922681-4762747,1922681,Men,24,12/04/2022,Delivered,Myntra,J0157-DR-XXXL,Western Dress,3XL,1,INR,690,BENGALURU,560037,IN,FALSE
732,407-8366587-3978700,8366587,Men,21,12/04/2022,Delivered,Myntra,SAR015,Saree,Free,1,INR,486,KARAULI,322215,IN,FALSE
733,405-8607134-1812312,8607134,Women,31,12/04/2022,Returned,Amazon,J0132-KR-XXXL,kurta,3XL,1,INR,345,GREATER NOIDA,201306,IN,FALSE
734,406-0227495-3360339,227495,Men,32,12/04/2022,Delivered,Flipkart,SAR024,Saree,Free,1,INR,1199,Hyderabad telangana,500030,IN,FALSE
735,402-0103011-3085929,103011,Men,65,12/04/2022,Delivered,Ajio,J0341-DR-L,Western Dress,L,1,INR,744,NAGARKURNOOL,509209,IN,FALSE
736,408-2795018-8546722,2795018,Women,38,12/04/2022,Delivered,Amazon,SET398-KR-PP-L,Set,L,1,INR,1186,BENGALURU,560102,IN,FALSE
737,405-6445472-3237166,6445472,Women,39,12/04/2022,Delivered,Meesho,J0285-SKD-M,Set,M,1,INR,1442,RAJSAMAND,313324,IN,FALSE
738,404-7957175-1288342,7957175,Women,41,12/04/2022,Delivered,Myntra,SET277-KR-NP-XL,Set,XL,1,INR,1257,GREATER NOIDA,201306,IN,FALSE
739,407-9856168-8177132,9856168,Women,35,12/04/2022,Delivered,Meesho,J0310-TP-M,Top,M,1,INR,339,LUDHIANA,141010,IN,TRUE
740,407-9856168-8177132,9856168,Women,39,12/04/2022,Delivered,Myntra,J0095-SET-L,Set,L,1,INR,633,ANGUL,759145,IN,FALSE
741,406-0419767-8687515,419767,Women,67,12/04/2022,Delivered,Myntra,SET408-KR-NP-M,Set,M,1,INR,599,VISAKHAPATNAM,530004,IN,FALSE
742,406-4237412-1877937,4237412,Men,36,12/04/2022,Delivered,Amazon,J0003-SET-XXXL,Set,3XL,1,INR,654,NEW DELHI,110027,IN,FALSE
743,402-4852879-9557936,4852879,Women,18,12/04/2022,Delivered,Meesho,JNE3838-KR-XXL,kurta,XXL,1,INR,481,CUTTACK,753001,IN,FALSE
744,406-1405445-2740331,1405445,Women,67,12/04/2022,Delivered,Flipkart,SET331-KR-NP-XL,Set,XL,1,INR,635,PALLIPPURAM THIRUVANANTHAPURAM DISTRICT,695301,IN,FALSE
745,171-6884354-7629106,6884354,Women,23,12/04/2022,Delivered,Myntra,JNE3567-KR-XL,kurta,XL,1,INR,399,Chennai,600098,IN,FALSE
746,405-8622174-5731520,8622174,Women,40,12/04/2022,Delivered,Meesho,J0301-TP-L,Top,L,1,INR,693,SILVASSA,396230,IN,FALSE
747,406-2722780-7170744,2722780,Women,49,12/04/2022,Delivered,Flipkart,JNE3691-TU-L,Top,L,1,INR,690,CHENNAI,600042,IN,FALSE
748,402-5335990-8721117,5335990,Men,26,12/04/2022,Delivered,Flipkart,SET268-KR-NP-S,Set,S,1,INR,788,Pune,411015,IN,FALSE
749,408-7826950-8605131,7826950,Men,33,12/04/2022,Delivered,Ajio,J0339-DR-M,Western Dress,M,1,INR,1033,Siddipet,505467,IN,FALSE
750,403-5059217-9886714,5059217,Women,26,12/04/2022,Delivered,Meesho,J0117-TP-XXXL,Top,3XL,1,INR,522,MUMBAI,400063,IN,FALSE
751,407-0494347-4841919,494347,Women,62,12/04/2022,Delivered,Flipkart,J0334-TP-XXL,Top,XXL,1,INR,549,BENGALURU,560035,IN,FALSE
752,404-2719685-0915526,2719685,Women,69,12/04/2022,Delivered,Flipkart,SET291-KR-PP-M,Set,M,1,INR,569,Nagpur,441110,IN,FALSE
753,406-2095200-9824314,2095200,Women,67,12/04/2022,Delivered,Nalli,JNE3560-KR-XXXL,kurta,3XL,1,INR,487,MADURAI,625007,IN,FALSE
754,406-2095200-9824314,2095200,Women,59,12/04/2022,Delivered,Flipkart,J0382-SKD-XL,Set,XL,1,INR,1271,THURAIYUR,621010,IN,FALSE
755,404-2454836-6665164,2454836,Women,64,12/04/2022,Delivered,Amazon,SET351-KR-NP-M,Set,M,1,INR,599,LUCKNOW,226026,IN,FALSE
756,404-2454836-6665164,2454836,Women,23,12/04/2022,Delivered,Myntra,SET358-KR-NP-XXXL,Set,3XL,1,INR,1093,MURWARA KATNI,483501,IN,FALSE
757,405-6200433-6965164,6200433,Women,52,12/04/2022,Delivered,Amazon,JNE3510-KR-XXL,kurta,XXL,1,INR,457,HYDERABAD,500052,IN,FALSE
758,406-5499856-1309108,5499856,Men,53,12/04/2022,Delivered,Nalli,J0341-DR-M,Western Dress,M,1,INR,842,TIRUPATI,517502,IN,FALSE
759,403-7665140-4705964,7665140,Men,28,12/04/2022,Delivered,Amazon,SET378-KR-NP-XS,Set,XS,1,INR,1299,VAPI,396195,IN,FALSE
760,402-2440471-7318708,2440471,Women,33,12/04/2022,Delivered,Amazon,SET304-KR-DPT-S,Set,S,1,INR,1125,NANDYAL,518501,IN,FALSE
761,406-3006045-7344308,3006045,Men,32,12/04/2022,Returned,Flipkart,SAR010,Saree,Free,1,INR,1140,Dehradun,248001,IN,FALSE
762,407-8395290-3912311,8395290,Women,46,12/04/2022,Delivered,Myntra,BL107-S,Blouse,S,1,INR,599,PACHORA,424201,IN,FALSE
763,402-0946941-8722759,946941,Men,36,12/04/2022,Delivered,Amazon,J0157-DR-XXXL,Western Dress,3XL,1,INR,869,PILANI TOWN,333031,IN,FALSE
764,402-1458563-2999526,1458563,Women,46,12/04/2022,Delivered,Amazon,J0008-SKD-M,Set,M,1,INR,1133,BENGALURU,560066,IN,FALSE
765,408-6352387-7619502,6352387,Men,61,12/04/2022,Delivered,Amazon,SAR025,Saree,Free,1,INR,549,BENGALURU,560100,IN,FALSE
766,406-3994643-7944343,3994643,Women,19,12/04/2022,Delivered,Amazon,SET357-KR-NP-L,Set,L,1,INR,771,NAVI MUMBAI,400705,IN,FALSE
767,405-1301703-2911523,1301703,Women,35,12/04/2022,Delivered,Myntra,SET363-KR-NP-XXXL,Set,3XL,1,INR,1354,Mumbai,400058,IN,FALSE
768,408-9479330-9640353,9479330,Men,29,12/04/2022,Delivered,Amazon,J0108-SKD-XL,Set,XL,1,INR,1094,JABALPUR,482008,IN,FALSE
769,402-3896864-2257960,3896864,Men,37,12/04/2022,Delivered,Flipkart,SET291-KR-PP-M,Set,M,1,INR,563,NASHIK,422010,IN,FALSE
770,171-1345584-0305913,1345584,Women,46,12/04/2022,Delivered,Flipkart,J0355-KR-XXL,kurta,XXL,1,INR,589,Lonavala,410401,IN,FALSE
771,406-5716860-1087513,5716860,Women,18,12/04/2022,Delivered,Ajio,MEN5029-KR-M,kurta,M,1,INR,606,Enathu,691526,IN,FALSE
772,403-4272710-9603542,4272710,Men,40,12/04/2022,Delivered,Myntra,SAR026,Saree,Free,1,INR,999,Patna,800001,IN,FALSE
773,403-0922290-0045902,922290,Men,37,12/04/2022,Delivered,Amazon,SAR019,Saree,Free,1,INR,764,NAGPUR,440015,IN,FALSE
774,403-0922290-0045902,922290,Women,61,12/04/2022,Delivered,Amazon,JNE3742-KR-L,kurta,L,1,INR,406,CHENNAI,600063,IN,FALSE
775,403-0922290-0045902,922290,Women,47,12/04/2022,Delivered,Amazon,JNE3500-KR-XXL,kurta,XXL,1,INR,364,VALSAD,396002,IN,FALSE
776,406-1740618-7365108,1740618,Men,39,12/04/2022,Delivered,Amazon,SAR018,Saree,Free,1,INR,850,GWALIOR,474011,IN,FALSE
777,406-1740618-7365108,1740618,Men,38,12/04/2022,Delivered,Flipkart,J0283-SET-XXL,Set,XXL,1,INR,1099,MUMBAI,400066,IN,FALSE
778,402-0602968-8505152,602968,Women,28,12/04/2022,Cancelled,Nalli,JNE3440-KR-N-S,kurta,S,1,INR,399,kadapa,516004,IN,FALSE
779,406-9062863-3205963,9062863,Women,41,12/04/2022,Returned,Amazon,JNE3794-KR-S,kurta,S,1,INR,529,JALANDHAR,144001,IN,FALSE
780,407-3613368-5414714,3613368,Men,43,12/04/2022,Delivered,Amazon,SET110-KR-PP-XS,Set,XS,1,INR,788,HUBBALLI,580030,IN,FALSE
781,407-4420178-6245108,4420178,Women,27,12/04/2022,Delivered,Amazon,JNE3273-KR-XXXL,kurta,3XL,1,INR,461,NEW DELHI,110008,IN,FALSE
782,406-4969411-1737120,4969411,Men,37,12/04/2022,Delivered,Amazon,JNE3564-KR-XL,kurta,XL,1,INR,487,NEW DELHI,110033,IN,TRUE
783,403-9145699-0891532,9145699,Men,40,12/04/2022,Delivered,Myntra,SAR002,Saree,Free,1,INR,487,HYDERABAD,500033,IN,FALSE
784,403-9303710-7481931,9303710,Men,57,12/04/2022,Delivered,Myntra,J0008-SKD-M,Set,M,1,INR,1079,INDAPUR,413106,IN,FALSE
785,402-3306879-3090710,3306879,Men,23,12/04/2022,Delivered,Amazon,SET171-KR-NP-S,Set,S,1,INR,792,Panvel,410206,IN,FALSE
786,404-3772426-6601163,3772426,Men,44,12/04/2022,Delivered,Myntra,J0339-DR-XXL,Western Dress,XXL,1,INR,743,NAVI MUMBAI,400703,IN,FALSE
787,407-6142702-5974757,6142702,Women,27,12/04/2022,Delivered,Myntra,J0148-SET-S,Set,S,1,INR,636,KUNNATHUNAD,682303,IN,FALSE
788,405-9677638-6001110,9677638,Men,46,12/04/2022,Delivered,Flipkart,JNE3579-KR-XXXL,kurta,3XL,1,INR,301,Mumbai,400050,IN,FALSE
789,405-3539534-8901924,3539534,Men,29,12/04/2022,Delivered,Ajio,J0389-TP-M,Top,M,1,INR,925,MUMBAI,400092,IN,FALSE
790,405-3693017-2205908,3693017,Men,21,12/04/2022,Delivered,Amazon,JNE2014-KR-178-XXXL,kurta,3XL,1,INR,330,CHENNAI,600106,IN,FALSE
791,403-0908483-3701163,908483,Women,23,12/04/2022,Returned,Myntra,SET374-KR-NP-M,Set,M,1,INR,666,chennai 126,600126,IN,FALSE
792,171-3061762-9849126,3061762,Women,40,12/04/2022,Delivered,Nalli,SET268-KR-NP-M,Set,M,1,INR,788,MUMBAI,400005,IN,FALSE
793,403-0309970-1989164,309970,Women,19,12/04/2022,Delivered,Myntra,J0329-KR-XXL,kurta,XXL,1,INR,729,Kalyan West,421301,IN,FALSE
794,403-1438249-7888320,1438249,Men,39,12/04/2022,Delivered,Amazon,SET304-KR-DPT-L,Set,L,1,INR,1115,MANGALURU,575003,IN,FALSE
795,407-1877949-9701954,1877949,Women,43,12/04/2022,Delivered,Flipkart,JNE3487-KR-XL,kurta,XL,1,INR,345,CHENNAI,600094,IN,FALSE
796,171-9045024-0449125,9045024,Women,25,12/04/2022,Delivered,Amazon,JNE3311-KR-XXL,kurta,XXL,1,INR,599,RANCHI,834001,IN,FALSE
797,407-7001559-5353144,7001559,Men,72,12/04/2022,Delivered,Amazon,J0106-KR-XXXL,Western Dress,3XL,1,INR,939,JABALPUR,482003,IN,FALSE
798,407-9419615-8996338,9419615,Men,21,12/04/2022,Delivered,Amazon,J0158-DR-XL,Western Dress,XL,1,INR,721,NOIDA,201303,IN,FALSE
799,406-0472980-6081900,472980,Men,61,12/04/2022,Delivered,Myntra,J0012-SKD-L,Set,L,1,INR,1137,BARIPADA,757001,IN,FALSE
800,403-2179320-9533162,2179320,Women,36,12/04/2022,Delivered,Flipkart,JNE3761-KR-L,kurta,L,1,INR,291,KUMARAPALAYAM,638183,IN,FALSE
801,404-2051832-9446748,2051832,Women,46,12/04/2022,Delivered,Myntra,SET335-KR-NP-M,Set,M,1,INR,771,GUDUR,524101,IN,FALSE
802,403-1945413-7438713,1945413,Women,33,12/04/2022,Returned,Flipkart,SET348-KR-NP-S,Set,S,1,INR,968,DHUBRI,783301,IN,FALSE
803,408-8267857-7779506,8267857,Men,46,12/04/2022,Delivered,Myntra,SET110-KR-PP-XS,Set,XS,1,INR,788,"karukachal, kottayam",686540,IN,FALSE
804,404-4748694-7841146,4748694,Women,26,12/04/2022,Delivered,Ajio,SET344-KR-NP-XXL,Set,XXL,1,INR,968,MUMBAI,400060,IN,FALSE
805,406-2831295-8801146,2831295,Women,30,12/04/2022,Delivered,Amazon,SET246-KR-PP-XXL,Set,XXL,1,INR,435,kolkata,700001,IN,FALSE
806,403-5974139-0333955,5974139,Women,52,12/04/2022,Delivered,Amazon,JNE3785-KR-XXXL,kurta,3XL,1,INR,345,JAMSHEDPUR,831008,IN,FALSE
807,407-7598776-6957125,7598776,Women,47,12/04/2022,Delivered,Amazon,JNE3928-KR-M,kurta,M,1,INR,568,HISAR,125001,IN,FALSE
808,407-7930396-2901166,7930396,Women,21,12/04/2022,Delivered,Myntra,JNE3697-KR-M,kurta,M,1,INR,486,BENGALURU,560064,IN,FALSE
809,406-3709623-0877957,3709623,Men,29,12/04/2022,Delivered,Amazon,SET131-KR-NP-XXL,Set,XXL,1,INR,666,MANDAPETA,533308,IN,FALSE
810,406-3709623-0877957,3709623,Men,76,12/04/2022,Delivered,Meesho,SET144-KR-NP-S,Set,S,1,INR,788,DONGARGARH,491445,IN,FALSE
811,404-9721972-3410748,9721972,Men,30,12/04/2022,Delivered,Amazon,SET116-KR-NP-XS,Set,XS,1,INR,591,BELAGAVI,591344,IN,FALSE
812,402-7604634-2210752,7604634,Women,51,12/04/2022,Delivered,Amazon,SET405-KR-NP-M,Set,M,1,INR,771,Gurugram,122015,IN,FALSE
813,405-3948279-4407517,3948279,Women,36,11/04/2022,Delivered,Flipkart,J0337-TP-XXL,Top,XXL,1,INR,512,GURGAON,122001,IN,FALSE
814,404-3319282-3197160,3319282,Women,20,11/04/2022,Delivered,Amazon,MEN5023-KR-XL,kurta,XL,1,INR,549,Greater NOIDA,201301,IN,FALSE
815,408-3567779-0153960,3567779,Women,37,11/04/2022,Delivered,Flipkart,MEN5008-KR-XL,kurta,XL,1,INR,499,BENGALURU,560049,IN,FALSE
816,403-5569066-3161917,5569066,Women,35,11/04/2022,Delivered,Amazon,SET345-KR-NP-L,Set,L,1,INR,641,BENGALURU,560102,IN,FALSE
817,405-3424885-4584343,3424885,Women,29,11/04/2022,Returned,Flipkart,MEN5029-KR-L,kurta,L,1,INR,606,Ribander,403006,IN,FALSE
818,407-4504136-9174763,4504136,Women,25,11/04/2022,Delivered,Others,SET322-KR-SHA-S,Set,S,1,INR,1099,THANE,400606,IN,FALSE
819,171-4416496-4148317,4416496,Women,32,11/04/2022,Delivered,Flipkart,J0244-SKD-L,Set,L,1,INR,1176,JAIPUR,302015,IN,FALSE
820,171-1440289-2257118,1440289,Women,19,11/04/2022,Delivered,Amazon,J0230-SKD-S,Set,S,1,INR,1163,SHIVAMOGGA,577201,IN,FALSE
821,406-5195596-1373150,5195596,Women,56,11/04/2022,Refunded,Myntra,JNE3654-TP-L,Top,L,1,INR,371,NEW DELHI,110063,IN,FALSE
822,404-6836093-4686708,6836093,Women,25,11/04/2022,Cancelled,Flipkart,SET268-KR-NP-XL,Set,XL,1,INR,698,ERNAKULAM,682025,IN,FALSE
823,403-3894545-9296345,3894545,Women,37,11/04/2022,Delivered,Others,J0336-TP-XXXL,Top,3XL,1,INR,563,LEH,194101,IN,FALSE
824,403-9536882-7597936,9536882,Women,40,11/04/2022,Delivered,Flipkart,SET374-KR-NP-XL,Set,XL,1,INR,635,Mysore,570019,IN,FALSE
825,404-7032778-0033125,7032778,Men,33,11/04/2022,Delivered,Amazon,J0308-DR-XXL,Western Dress,XXL,1,INR,665,Chidambaram,608001,IN,FALSE
826,404-9812865-0641953,9812865,Women,48,11/04/2022,Delivered,Amazon,J0349-SET-S,Set,S,1,INR,845,NEW DELHI,110052,IN,FALSE
827,408-8429877-6764327,8429877,Women,21,11/04/2022,Delivered,Amazon,MEN5023-KR-XXL,kurta,XXL,1,INR,533,Benipatti,847102,IN,FALSE
828,404-6154566-7669146,6154566,Women,29,11/04/2022,Delivered,Nalli,SET329-KR-NP-M,Set,M,1,INR,666,THANE,400615,IN,FALSE
829,407-8728806-1980300,8728806,Women,40,11/04/2022,Delivered,Flipkart,PJNE2100-KR-N-6XL,kurta,6XL,1,INR,764,CHENNAI,600012,IN,FALSE
830,407-6662354-8389920,6662354,Men,48,11/04/2022,Delivered,Flipkart,NW034-TP-PJ-XL,Set,XL,1,INR,595,JALANDHAR,144003,IN,FALSE
831,403-8629012-9654726,8629012,Men,38,11/04/2022,Delivered,Myntra,SAR009,Saree,Free,1,INR,598,GURUGRAM,122001,IN,FALSE
832,408-6505389-2952366,6505389,Women,35,11/04/2022,Delivered,Myntra,JNE3781-KR-L,kurta,L,1,INR,399,GHAZIABAD,201016,IN,FALSE
833,408-6505389-2952366,6505389,Women,19,11/04/2022,Delivered,Myntra,JNE3778-KR-XXXL,kurta,3XL,1,INR,453,CALANGUTE,403516,IN,FALSE
834,405-1492499-3691547,1492499,Men,48,11/04/2022,Delivered,Amazon,J0341-DR-XXL,Western Dress,XXL,1,INR,842,HYDERABAD,500032,IN,FALSE
835,404-0301836-2893148,301836,Men,18,11/04/2022,Delivered,Ajio,J0379-SKD-M,Set,M,1,INR,1301,AHMADNAGAR,414003,IN,FALSE
836,406-4159700-6397165,4159700,Women,29,11/04/2022,Delivered,Amazon,J0013-SKD-XXXL,Set,3XL,1,INR,1008,KANPUR,208027,IN,FALSE
837,403-2887251-3119564,2887251,Women,46,11/04/2022,Delivered,Nalli,SET291-KR-PP-L,Set,L,1,INR,563,KOLKATA,700092,IN,FALSE
838,403-2887251-3119564,2887251,Men,40,11/04/2022,Delivered,Ajio,SET209-KR-PP-XXXL,Set,3XL,1,INR,507,Virudhunagar,626001,IN,FALSE
839,171-7320995-0133908,7320995,Women,33,11/04/2022,Delivered,Nalli,SET350-KR-NP-XXXL,Set,3XL,1,INR,1122,GURUGRAM,122002,IN,FALSE
840,404-5897451-3269135,5897451,Men,27,11/04/2022,Delivered,Meesho,J0140-SET-S,Set,S,1,INR,586,PERUMBAIKAD - KOTTAYAM,686016,IN,FALSE
841,408-9561002-1480339,9561002,Women,30,11/04/2022,Delivered,Amazon,SET265-KR-NP-S,Set,S,1,INR,877,Mathura,281406,IN,FALSE
842,408-0518681-2689902,518681,Women,75,11/04/2022,Delivered,Amazon,J0003-SET-M,Set,M,1,INR,654,PIMPRI CHINCHWAD,411033,IN,FALSE
843,408-5800756-9017154,5800756,Women,24,11/04/2022,Refunded,Flipkart,JNE3579-KR-XXXL,kurta,3XL,1,INR,293,MUMBAI,400076,IN,FALSE
844,408-9551282-5755521,9551282,Women,44,11/04/2022,Delivered,Others,SET183-KR-DH-M,Set,M,1,INR,759,Mumbai,400054,IN,FALSE
845,407-1742599-9441940,1742599,Men,48,11/04/2022,Delivered,Myntra,J0012-SKD-L,Set,L,1,INR,1137,NEW DELHI,110063,IN,FALSE
846,402-4054097-8031537,4054097,Women,52,11/04/2022,Delivered,Amazon,SET375-KR-NP-XXXL,Set,3XL,1,INR,696,Hyderabad,500072,IN,FALSE
847,408-0232355-4886745,232355,Women,63,11/04/2022,Delivered,Myntra,J0230-SKD-XL,Set,XL,1,INR,969,JHANSI,284135,IN,FALSE
848,404-4278165-0023508,4278165,Women,31,11/04/2022,Refunded,Ajio,J0096-KR-XXXL,kurta,3XL,1,INR,568,DEHRADUN,248002,IN,FALSE
849,405-5168343-2086729,5168343,Men,41,11/04/2022,Delivered,Flipkart,J0003-SET-M,Set,M,1,INR,654,Nagpur,440013,IN,FALSE
850,403-1130175-1592300,1130175,Women,49,11/04/2022,Delivered,Amazon,J0213-TP-S,Top,S,1,INR,599,NAVI MUMBAI,410218,IN,FALSE
851,403-1130175-1592300,1130175,Women,47,11/04/2022,Delivered,Others,J0202-TP-S,Top,S,1,INR,522,JAMMU,180001,IN,FALSE
852,408-4898598-8925109,4898598,Men,40,11/04/2022,Delivered,Flipkart,SET374-KR-NP-XXL,Set,XXL,1,INR,597,Mysore,570028,IN,FALSE
853,406-3795610-8211533,3795610,Women,21,11/04/2022,Refunded,Amazon,JNE3712-TP-N-M,Top,M,1,INR,729,KARNAL,132001,IN,FALSE
854,404-7823038-1649938,7823038,Men,33,11/04/2022,Delivered,Flipkart,SET324-KR-NP-XL,Set,XL,1,INR,627,NEW DELHI,110085,IN,FALSE
855,171-1437321-6025112,1437321,Men,49,11/04/2022,Delivered,Amazon,J0161-DR-XL,Western Dress,XL,1,INR,473,PANIPAT,132103,IN,FALSE
856,404-7153481-7117115,7153481,Women,40,11/04/2022,Delivered,Flipkart,SET201-KR-NP-A-XXL,Set,XXL,1,INR,595,allahabad,211019,IN,FALSE
857,406-1576659-9604322,1576659,Women,24,11/04/2022,Refunded,Amazon,JNE3439-KR-M,kurta,M,1,INR,469,NEW DELHI,110062,IN,FALSE
858,403-5072383-5333948,5072383,Women,31,11/04/2022,Delivered,Myntra,J0301-TP-M,Top,M,1,INR,464,BENGALURU,560093,IN,FALSE
859,171-5832764-8157106,5832764,Women,34,11/04/2022,Delivered,Myntra,SAR004,Saree,Free,1,INR,376,NAVI MUMBAI,410210,IN,FALSE
860,171-8588805-2190744,8588805,Women,27,11/04/2022,Returned,Meesho,JNE3368-KR-S,kurta,S,1,INR,471,BIDHAN NAGAR,700064,IN,FALSE
861,402-1545696-7090760,1545696,Women,25,11/04/2022,Delivered,Amazon,J0150-KR-XS,kurta,XS,1,INR,399,NEW DELHI,110059,IN,FALSE
862,404-1757235-8741164,1757235,Women,29,11/04/2022,Delivered,Amazon,JNE3636-KR-XL,kurta,XL,1,INR,459,Addanki,523201,IN,FALSE
863,407-0448685-0002722,448685,Men,30,11/04/2022,Delivered,Amazon,SET269-KR-NP-XL,Set,XL,1,INR,824,BHUBANESWAR,751019,IN,FALSE
864,403-1347567-0769932,1347567,Women,26,11/04/2022,Refunded,Amazon,JNE3786-KR-S,kurta,S,1,INR,349,CHAMBA,176310,IN,FALSE
865,403-1347567-0769932,1347567,Women,46,11/04/2022,Refunded,Amazon,JNE3838-KR-L,kurta,L,1,INR,399,NEW DELHI,110087,IN,FALSE
866,403-2837536-6512347,2837536,Men,32,11/04/2022,Delivered,Myntra,J0002-SKD-XL,Set,XL,1,INR,1199,ZARUGUMILLI,523271,IN,FALSE
867,405-6876247-7899530,6876247,Women,78,11/04/2022,Cancelled,Amazon,SET286-KR-NP-L,Set,L,1,INR,626,ADONI,518301,IN,FALSE
868,171-4416097-2761962,4416097,Women,35,11/04/2022,Delivered,Ajio,J0095-SET-M,Set,M,1,INR,653,Mumbai,401107,IN,FALSE
869,171-0190504-4615525,190504,Women,46,11/04/2022,Delivered,Flipkart,SET341-KR-NP-XL,Set,XL,1,INR,899,NEW DELHI,110085,IN,FALSE
870,408-4803090-8159534,4803090,Women,67,11/04/2022,Delivered,Amazon,J0007-SKD-XXL,Set,XXL,1,INR,1076,RAIPUR,492001,IN,FALSE
871,405-8571498-4668327,8571498,Women,77,11/04/2022,Refunded,Myntra,J0301-TP-XXXL,Top,3XL,1,INR,464,MUMBAI,400094,IN,FALSE
872,408-5114197-9508305,5114197,Men,25,11/04/2022,Delivered,Nalli,J0012-SKD-XXL,Set,XXL,1,INR,1137,MUMBAI,400053,IN,FALSE
873,404-1461366-8181146,1461366,Women,33,11/04/2022,Delivered,Myntra,SAR010,Saree,Free,1,INR,1133,GHAZIABAD,201016,IN,FALSE
874,404-7633246-0216359,7633246,Women,72,11/04/2022,Delivered,Amazon,SET356-KR-NP-M,Set,M,1,INR,999,CORBETT,244715,IN,FALSE
875,402-5938534-8114768,5938534,Women,57,11/04/2022,Delivered,Amazon,JNE3645-TP-N-L,Top,L,1,INR,432,DERA BASSI INDUSTRIAL AREA,140507,IN,FALSE
876,402-1289227-9296359,1289227,Women,34,11/04/2022,Delivered,Ajio,JNE3568-KR-XXL,kurta,XXL,1,INR,399,UDAIPUR,313002,IN,FALSE
877,171-4143249-8767551,4143249,Women,41,11/04/2022,Refunded,Amazon,JNE3567-KR-M,kurta,M,1,INR,399,Patna,800012,IN,FALSE
878,402-3944282-8486765,3944282,Men,47,11/04/2022,Delivered,Amazon,JNE3423-KR-L,kurta,L,1,INR,379,PUDUCHERRY,605005,IN,FALSE
879,404-8638286-5100333,8638286,Men,30,11/04/2022,Delivered,Nalli,JNE3797-KR-XXL,Western Dress,XXL,1,INR,735,BHAVNAGAR,364006,IN,FALSE
880,405-2785878-7224331,2785878,Women,40,11/04/2022,Delivered,Ajio,J0041-SET-S,Set,S,1,INR,660,MAHINDRA WORLD CITY,603002,IN,FALSE
881,404-0315286-6484371,315286,Women,45,11/04/2022,Delivered,Amazon,SET247-KR-SHA-M,Set,M,1,INR,694,Bangalore,560013,IN,FALSE
882,171-6270083-7754715,6270083,Women,31,11/04/2022,Delivered,Flipkart,SET345-KR-NP-M,Set,M,1,INR,626,PUNE,411060,IN,FALSE
883,171-1058080-2209107,1058080,Men,69,11/04/2022,Returned,Amazon,J0391-TP-XL,Top,XL,1,INR,690,HYDERABAD,500029,IN,FALSE
884,403-4628219-3826724,4628219,Men,36,11/04/2022,Delivered,Amazon,SET132-KR-NP-XL,Set,XL,1,INR,612,KOLKATA,700141,IN,FALSE
885,404-7413963-8041919,7413963,Men,35,11/04/2022,Delivered,Myntra,JNE3800-KR-M,Western Dress,M,1,INR,771,THOOTHUKKUDI,628002,IN,FALSE
886,404-9606909-5176336,9606909,Women,25,11/04/2022,Delivered,Ajio,SET183-KR-DH-S,Set,S,1,INR,759,REWA,486001,IN,FALSE
887,408-9097278-3674767,9097278,Men,37,11/04/2022,Delivered,Amazon,JNE2270-KR-487-A-S,kurta,S,1,INR,499,ERNAKULAM,682012,IN,FALSE
888,405-6827896-1784369,6827896,Men,30,11/04/2022,Delivered,Others,J0341-DR-L,Western Dress,L,1,INR,1033,Ajmer,305004,IN,FALSE
889,406-6531661-6153918,6531661,Men,58,11/04/2022,Returned,Amazon,JNE3484-KR-S,kurta,S,1,INR,295,NEW DELHI,110096,IN,FALSE
890,404-7474272-9900307,7474272,Men,44,11/04/2022,Delivered,Amazon,JNE3804-KR-S,kurta,S,1,INR,459,KOLKATA,700061,IN,FALSE
891,403-0155203-1327546,155203,Women,27,11/04/2022,Refunded,Myntra,JNE3510-KR-XXXL,kurta,3XL,1,INR,471,LUCKNOW,226021,IN,FALSE
892,402-6856164-7868363,6856164,Men,66,11/04/2022,Delivered,Amazon,JNE3797-KR-A-L,Western Dress,L,1,INR,771,Ernakulam,683517,IN,FALSE
893,402-0663538-6027557,663538,Men,49,11/04/2022,Delivered,Amazon,J0002-SKD-M,Set,M,1,INR,1127,THANE,400610,IN,FALSE
894,408-6572067-0079511,6572067,Women,30,11/04/2022,Delivered,Meesho,JNE3720-KR-S,kurta,S,1,INR,486,Balasore,756046,IN,FALSE
895,404-8676194-9123566,8676194,Men,35,11/04/2022,Delivered,Amazon,JNE3798-KR-M,Western Dress,M,1,INR,724,Thrissur,680618,IN,FALSE
896,404-6006451-2617908,6006451,Men,38,11/04/2022,Delivered,Myntra,SET279-LC-XL,Set,XL,1,INR,888,ERODE,638003,IN,FALSE
897,404-1554862-0960354,1554862,Men,48,11/04/2022,Delivered,Ajio,J0164-DR-M,Ethnic Dress,M,1,INR,373,GAYA,823001,IN,FALSE
898,403-3806917-4238763,3806917,Women,23,11/04/2022,Delivered,Ajio,J0213-TP-S,Top,S,1,INR,563,NEW DELHI,110092,IN,FALSE
899,408-3789491-1957141,3789491,Women,46,11/04/2022,Delivered,Flipkart,SET172-KR-PP-B-XL,Set,XL,1,INR,899,Rewari,123401,IN,FALSE
900,171-0453363-5226718,453363,Men,29,11/04/2022,Delivered,Myntra,J0400-DR-M,Western Dress,M,1,INR,859,MUMBAi,400067,IN,FALSE
901,405-5098546-3433146,5098546,Women,40,11/04/2022,Delivered,Amazon,SET291-KR-PP-L,Set,L,1,INR,579,BENGALURU,560097,IN,FALSE
902,407-5300804-9397959,5300804,Women,46,11/04/2022,Delivered,Amazon,SET344-KR-NP-XL,Set,XL,1,INR,968,JAIPUR,302012,IN,FALSE
903,404-3662956-5304335,3662956,Women,47,11/04/2022,Delivered,Amazon,J0003-SET-M,Set,M,1,INR,646,SOLAN,173223,IN,FALSE
904,403-0531561-5399516,531561,Men,20,11/04/2022,Delivered,Myntra,SET110-KR-PP-XXL,Set,XXL,1,INR,729,TARAORI,132116,IN,FALSE
905,407-9833713-1365951,9833713,Women,22,11/04/2022,Delivered,Flipkart,NW012-TP-PJ-L,Set,L,1,INR,560,MYSURU,570014,IN,FALSE
906,406-1294687-9143544,1294687,Women,27,11/04/2022,Delivered,Amazon,J0008-SKD-L,Set,L,1,INR,1075,MUMBAI,400055,IN,FALSE
907,171-6527765-9624365,6527765,Men,69,11/04/2022,Delivered,Flipkart,JNE3797-KR-A-M,Western Dress,M,1,INR,771,HYDERABAD,500050,IN,FALSE
908,402-1421330-0529137,1421330,Women,24,11/04/2022,Delivered,Amazon,J0164-DR-L,Ethnic Dress,L,1,INR,388,Surat,395009,IN,FALSE
909,407-8545866-1721954,8545866,Women,25,11/04/2022,Delivered,Amazon,SET304-KR-DPT-M,Set,M,1,INR,1125,NEW DELHI,110044,IN,FALSE
910,408-0161822-0369956,161822,Women,42,11/04/2022,Delivered,Flipkart,SET128-KR-DH-L,Set,L,1,INR,921,AMRITSAR,143001,IN,FALSE
911,405-8352525-8821134,8352525,Men,62,11/04/2022,Delivered,Myntra,J0349-SET-L,Set,L,1,INR,852,NEW DELHI,110091,IN,FALSE
912,405-9889721-7009107,9889721,Women,40,11/04/2022,Refunded,Flipkart,MEN5020-KR-XXXL,kurta,3XL,1,INR,452,ROORKEE,247667,IN,FALSE
913,405-9889721-7009107,9889721,Women,26,11/04/2022,Delivered,Flipkart,MEN5015-KR-L,kurta,L,1,INR,645,VIRAJPETE,571218,IN,FALSE
914,402-2928429-1722767,2928429,Women,33,11/04/2022,Delivered,Amazon,JNE3837-KR-M,kurta,M,1,INR,635,HYDERABAD,500060,IN,FALSE
915,404-4094878-4444358,4094878,Men,22,11/04/2022,Delivered,Others,SET291-KR-PP-XXL,Set,XXL,1,INR,563,MOHALI,140301,IN,FALSE
916,405-3326468-3847539,3326468,Women,42,11/04/2022,Delivered,Flipkart,MEN5008-KR-L,kurta,L,1,INR,495,"BIDHAN NAGAR, Kolkata",700097,IN,FALSE
917,171-3577335-7911510,3577335,Women,18,11/04/2022,Delivered,Myntra,JNE3567-KR-S,kurta,S,1,INR,399,AHMEDABAD,380015,IN,FALSE
918,407-6008360-3653945,6008360,Women,26,11/04/2022,Delivered,Flipkart,SET398-KR-PP-XXL,Set,XXL,1,INR,1115,CONTAI,721401,IN,FALSE
919,407-4041108-6413924,4041108,Men,29,11/04/2022,Delivered,Others,BTM039-PP-S,Bottom,S,1,INR,360,SRIKAKULAM,532001,IN,FALSE
920,408-0412154-5254702,412154,Women,18,11/04/2022,Delivered,Amazon,SET229-KR-PP-L,Set,L,1,INR,888,LUCKNOW,226001,IN,FALSE
921,408-5774555-2536339,5774555,Women,22,11/04/2022,Delivered,Myntra,SET110-KR-PP-XXXL,Set,3XL,1,INR,729,CHENNAI,600023,IN,FALSE
922,407-9793868-2735551,9793868,Women,44,11/04/2022,Delivered,Flipkart,JNE3560-KR-M,kurta,M,1,INR,544,TARIKERE,577228,IN,FALSE
923,407-9793868-2735551,9793868,Women,76,11/04/2022,Delivered,Amazon,JNE3567-KR-M,kurta,M,1,INR,399,CHENNAI,600078,IN,FALSE
924,407-8340679-1081117,8340679,Women,40,11/04/2022,Delivered,Ajio,JNE3405-KR-S,kurta,S,1,INR,399,vijayawada,520003,IN,FALSE
925,403-3651024-2696305,3651024,Women,69,11/04/2022,Delivered,Flipkart,J0337-TP-L,Top,L,1,INR,499,NEW DELHI,110011,IN,FALSE
926,403-4086571-1310731,4086571,Women,78,11/04/2022,Delivered,Flipkart,JNE3437-KR-XXL,kurta,XXL,1,INR,496,HYDERABAD,500013,IN,FALSE
927,171-8101571-8805130,8101571,Women,39,11/04/2022,Delivered,Myntra,J0342-TP-L,Top,L,1,INR,574,Hyderabad,500016,IN,FALSE
928,406-2494201-9703566,2494201,Women,19,11/04/2022,Delivered,Myntra,J0334-TP-M,Top,M,1,INR,563,DHARWAD,580001,IN,FALSE
929,404-2072482-5942738,2072482,Men,34,11/04/2022,Delivered,Flipkart,SET278-KR-NP-M,Set,M,1,INR,1432,KAHALGAON,813203,IN,FALSE
930,408-1942302-2393124,1942302,Women,27,11/04/2022,Delivered,Flipkart,SET110-KR-PP-S,Set,S,1,INR,788,HYDERABAD,500090,IN,FALSE
931,408-4183814-6882753,4183814,Women,59,11/04/2022,Delivered,Nalli,JNE3659-TP-N-XL,Top,XL,1,INR,463,BENGALURU,560076,IN,FALSE
932,408-3629671-5149134,3629671,Women,33,11/04/2022,Delivered,Flipkart,JNE3609-KR-XXXL,kurta,3XL,1,INR,568,VIJAYAWADA,521137,IN,FALSE
933,408-9941188-4772351,9941188,Men,38,11/04/2022,Delivered,Flipkart,J0013-SKD-M,Set,M,1,INR,1085,SRINAGAR,190003,IN,FALSE
934,403-2975043-7474732,2975043,Women,31,11/04/2022,Delivered,Flipkart,J0127-SKD-L,Set,L,1,INR,1186,HYDERABAD,500062,IN,FALSE
935,403-0909589-1805112,909589,Women,37,11/04/2022,Returned,Flipkart,SAR010,Saree,Free,1,INR,856,DHENKANAL,759001,IN,FALSE
936,404-1642533-1535566,1642533,Women,27,11/04/2022,Delivered,Nalli,J0122-TP-XXL,Top,XXL,1,INR,329,DIBRUGARH,786001,IN,FALSE
937,171-8074188-5905928,8074188,Women,26,11/04/2022,Delivered,Amazon,SET165-KR-PP-XL,Set,XL,1,INR,567,KARNAL,132001,IN,FALSE
938,408-0709714-3977134,709714,Women,37,11/04/2022,Delivered,Amazon,JNE3822-KR-XXL,kurta,XXL,1,INR,436,MUMBAI,400058,IN,FALSE
939,403-6573904-1410705,6573904,Men,72,11/04/2022,Delivered,Myntra,SET357-KR-NP-XS,Set,XS,1,INR,771,PALAKKAD,678001,IN,FALSE
940,407-8738723-6091537,8738723,Women,34,11/04/2022,Delivered,Amazon,SAR005,Saree,Free,1,INR,325,RATNAGIRI,415612,IN,FALSE
941,403-6194318-0886738,6194318,Women,39,11/04/2022,Delivered,Amazon,JNE1525-KR-UDF19BLACK-M,kurta,M,1,INR,311,BENGALURU,562107,IN,TRUE
942,404-4038476-8957102,4038476,Women,22,11/04/2022,Delivered,Flipkart,PJNE2199-KR-N-6XL,kurta,6XL,1,INR,426,AURANGABAD,431001,IN,FALSE
943,408-7440385-4081138,7440385,Men,35,11/04/2022,Delivered,Nalli,J0003-SET-XS,Set,XS,1,INR,664,BARAN,325205,IN,FALSE
944,402-6619987-5148350,6619987,Women,19,11/04/2022,Delivered,Amazon,JNE3483-KR-XXXL,kurta,3XL,1,INR,368,NEW DELHI,110008,IN,FALSE
945,408-9142846-2003544,9142846,Men,28,11/04/2022,Delivered,Amazon,SET402-KR-NP-XXXL,Set,3XL,1,INR,988,GANGTOK,737101,IN,FALSE
946,402-2901693-7417911,2901693,Men,28,11/04/2022,Delivered,Myntra,SAR010,Saree,Free,1,INR,533,SONAPUR GAON,782402,IN,FALSE
947,402-5023447-9301130,5023447,Men,45,11/04/2022,Delivered,Myntra,JNE3284-KR-M,kurta,M,1,INR,324,CHENNAI,600122,IN,FALSE
948,407-2197786-7537161,2197786,Men,48,11/04/2022,Delivered,Nalli,SET377-KR-NP-XXL,Set,XXL,1,INR,1068,VASAI VIRAR,401208,IN,FALSE
949,408-7351765-3161135,7351765,Men,28,11/04/2022,Delivered,Myntra,SAR026,Saree,Free,1,INR,1234,INDORE,452018,IN,FALSE
950,402-8268269-0873160,8268269,Men,35,11/04/2022,Delivered,Amazon,SET144-KR-NP-L,Set,L,1,INR,788,Mapusa,403507,IN,FALSE
951,408-7419991-8433140,7419991,Men,46,11/04/2022,Delivered,Myntra,JNE3713-TP-N-XL,Top,XL,1,INR,343,THANE,400605,IN,FALSE
952,406-4157685-5550726,4157685,Men,41,11/04/2022,Delivered,Amazon,JNE3030-KR-XS,kurta,XS,1,INR,736,NAVI MUMBAI,410218,IN,FALSE
953,404-2316020-4952337,2316020,Women,37,11/04/2022,Delivered,Flipkart,MEN5025-KR-XL,kurta,XL,1,INR,530,PATNA,800006,IN,FALSE
954,171-0776342-8366747,776342,Women,28,11/04/2022,Delivered,Flipkart,SET257-KR-PP-S,Set,S,1,INR,568,Hyderabad,500085,IN,FALSE
955,404-2200412-4224329,2200412,Women,34,11/04/2022,Delivered,Nalli,J0095-SET-XL,Set,XL,1,INR,647,MUMBAI,400077,IN,FALSE
956,403-8221697-2336339,8221697,Women,32,11/04/2022,Delivered,Myntra,J0117-TP-M,Top,M,1,INR,726,MUMBAI,400101,IN,FALSE
957,407-5267552-8334724,5267552,Women,20,11/04/2022,Delivered,Flipkart,SET377-KR-NP-XXL,Set,XXL,1,INR,1036,NEW DELHI,110023,IN,FALSE
958,405-3885317-9486701,3885317,Women,39,11/04/2022,Delivered,Amazon,SET218-KR-NP-XXXL,Set,3XL,1,INR,729,BANGALORE,560049,IN,FALSE
959,404-1465947-1734721,1465947,Women,47,11/04/2022,Delivered,Flipkart,JNE3713-TP-N-XS,Top,XS,1,INR,359,MYSURU,570006,IN,FALSE
960,404-6465978-3108303,6465978,Women,41,11/04/2022,Delivered,Nalli,J0117-TP-XXL,Top,XXL,1,INR,726,DUMRAON,802119,IN,FALSE
961,402-9783452-8799547,9783452,Men,21,11/04/2022,Delivered,Flipkart,SET272-KR-PP-XXL,Set,XXL,1,INR,852,Chennai,600056,IN,FALSE
962,403-3213670-7331515,3213670,Women,19,11/04/2022,Delivered,Amazon,JNE3423-KR-L,kurta,L,1,INR,379,JAMMU,180005,IN,FALSE
963,171-3339810-3302729,3339810,Women,39,11/04/2022,Cancelled,Myntra,JNE3423-KR-S,kurta,S,1,INR,435,Parappanangadi,676303,IN,FALSE
964,402-9980990-5646704,9980990,Women,34,11/04/2022,Cancelled,Flipkart,JNE3652-TP-N-XL,Top,XL,1,INR,328,Kochi,682017,IN,FALSE
965,408-2826022-0769111,2826022,Women,41,11/04/2022,Delivered,Amazon,JNE3400-KR-XXL,kurta,XXL,1,INR,459,KOLKATA,700070,IN,FALSE
966,403-9556007-4165919,9556007,Women,21,11/04/2022,Delivered,Myntra,J0003-SET-XXL,Set,XXL,1,INR,696,HYDERABAD,500055,IN,FALSE
967,408-7910008-9999528,7910008,Women,25,11/04/2022,Delivered,Ajio,SET324-KR-NP-M,Set,M,1,INR,597,pune,411044,IN,FALSE
968,408-3401875-7993916,3401875,Men,19,11/04/2022,Delivered,Myntra,JNE3791-DR-XXL,Ethnic Dress,XXL,1,INR,399,Ghaziabad,201005,IN,FALSE
969,407-9281615-5634760,9281615,Women,52,11/04/2022,Delivered,Flipkart,J0134-SET-XS,Set,XS,1,INR,729,THIRUVANANTHAPURAM,695504,IN,FALSE
970,404-2556651-9481937,2556651,Women,43,11/04/2022,Delivered,Amazon,SET268-KR-NP-L,Set,L,1,INR,698,UDAIPUR,313001,IN,FALSE
971,405-6980134-7609120,6980134,Men,39,11/04/2022,Delivered,Myntra,J0346-SET-XXL,Set,XXL,1,INR,464,NEW DELHI,110096,IN,FALSE
972,402-7043825-7697146,7043825,Women,21,11/04/2022,Delivered,Amazon,SET265-KR-NP-XXXL,Set,3XL,1,INR,835,HYDERABAD,500035,IN,FALSE
973,404-9943161-9726723,9943161,Women,43,11/04/2022,Delivered,Amazon,J0230-SKD-S,Set,S,1,INR,999,NEW DELHI,110030,IN,FALSE
974,405-6161501-5711536,6161501,Women,41,11/04/2022,Delivered,Nalli,NW012-TP-PJ-XXL,Set,XXL,1,INR,521,UNNAO,226401,IN,FALSE
975,408-1800054-3066726,1800054,Women,27,11/04/2022,Delivered,Amazon,JNE3445-KR-L,kurta,L,1,INR,453,CHAMBA,176314,IN,FALSE
976,171-3817375-8052351,3817375,Men,22,11/04/2022,Delivered,Amazon,SET098-KR-PP-S,Set,S,1,INR,696,Akola,444005,IN,FALSE
977,407-8094337-1596367,8094337,Women,57,11/04/2022,Delivered,Meesho,BL103-XL,Blouse,XL,1,INR,976,Bihar,843312,IN,FALSE
978,406-0409481-2861165,409481,Women,32,11/04/2022,Delivered,Myntra,JNE3399-KR-M,kurta,M,1,INR,435,BANTVAL,574211,IN,FALSE
979,408-5631828-3639533,5631828,Women,44,11/04/2022,Delivered,Myntra,JNE3515-KR-XL,kurta,XL,1,INR,459,Perinthalmanna,679340,IN,FALSE
980,408-4300105-3777130,4300105,Women,54,11/04/2022,Delivered,Flipkart,JNE3404-KR-S,kurta,S,1,INR,517,VARANASI,221002,IN,FALSE
981,402-2276792-8819531,2276792,Women,77,11/04/2022,Delivered,Flipkart,SAR030,Saree,Free,1,INR,469,BHOPAL,462039,IN,FALSE
982,171-5665972-4789900,5665972,Men,22,11/04/2022,Delivered,Myntra,JNE3707-DR-XXL,Western Dress,XXL,1,INR,475,PATHANAMTHITTA,689694,IN,FALSE
983,406-9452126-2581966,9452126,Women,21,11/04/2022,Delivered,Ajio,SET404-KR-NP-XL,Set,XL,1,INR,1199,AMRITSAR,143001,IN,FALSE
984,408-0103546-4986735,103546,Women,47,11/04/2022,Delivered,Ajio,SET268-KR-NP-S,Set,S,1,INR,788,VIJAYAWADA,520007,IN,FALSE
985,407-2218153-8478768,2218153,Men,44,11/04/2022,Delivered,Amazon,NW039-TP-SR-XXXL,Set,3XL,1,INR,495,KHARAGPUR,721302,IN,FALSE
986,406-7470771-3758762,7470771,Women,36,11/04/2022,Delivered,Flipkart,JNE3689-TU-L,Top,L,1,INR,434,BENGALURU,560092,IN,FALSE
987,408-8008371-1443500,8008371,Women,63,11/04/2022,Delivered,Meesho,J0340-TP-L,Top,L,1,INR,563,MUMBAI,400101,IN,FALSE
988,408-5525005-4842704,5525005,Women,44,11/04/2022,Delivered,Amazon,SAR024,Saree,Free,1,INR,612,HYDERABAD,500087,IN,FALSE
989,402-6713711-0789936,6713711,Men,26,11/04/2022,Delivered,Flipkart,SET348-KR-NP-XL,Set,XL,1,INR,958,TUMAKURU,572104,IN,FALSE
990,408-3459640-7799567,3459640,Women,22,11/04/2022,Delivered,Amazon,SET293-KR-NP-L,Set,L,1,INR,702,KOZHIKODE,673001,IN,FALSE
991,403-1139880-9661117,1139880,Women,46,11/04/2022,Delivered,Amazon,NW012-TP-PJ-M,Set,M,1,INR,537,Etawah,206130,IN,FALSE
992,404-2147768-1895562,2147768,Women,24,11/04/2022,Delivered,Amazon,SAR009,Saree,Free,1,INR,586,BENGALURU,560037,IN,FALSE
993,404-1713962-4756362,1713962,Men,32,11/04/2022,Delivered,Flipkart,SET334-KR-NP-S,Set,S,1,INR,626,Haridwar,249402,IN,FALSE
994,402-2775921-7296350,2775921,Women,32,11/04/2022,Delivered,Amazon,JNE3614-KR-XXXL,kurta,3XL,1,INR,459,HYDERABAD,500049,IN,FALSE
995,405-6729877-9693936,6729877,Women,72,11/04/2022,Delivered,Myntra,SET324-KR-NP-M,Set,M,1,INR,597,CHITTARANJAN,713331,IN,FALSE
996,404-7452370-7833959,7452370,Men,32,11/04/2022,Delivered,Flipkart,SET110-KR-PP-XS,Set,XS,1,INR,788,AMBALA,134007,IN,FALSE
997,403-4610802-5037953,4610802,Women,31,11/04/2022,Returned,Amazon,JNE3368-KR-XL,kurta,XL,1,INR,471,MOHALI,140307,IN,FALSE
998,407-8201411-0573143,8201411,Women,22,11/04/2022,Delivered,Others,SET357-KR-NP-XS,Set,XS,1,INR,771,KOTA,324001,IN,FALSE
999,404-3221405-4775529,3221405,Women,38,11/04/2022,Delivered,Amazon,JNE1234-MULTI-KR-032-XL,kurta,XL,1,INR,301,NEW DELHI,110063,IN,FALSE
1000,408-2037089-7785934,2037089,Women,26,11/04/2022,Delivered,Meesho,BL087-M,Blouse,M,1,INR,499,JALANDHAR,144001,IN,FALSE
1001,402-7557394-0502723,7557394,Men,31,11/04/2022,Delivered,Flipkart,SET377-KR-NP-S,Set,S,1,INR,1068,VIKASNAGAR,248198,IN,FALSE
1002,404-3323074-6713955,3323074,Women,19,11/04/2022,Delivered,Amazon,JNE3654-TP-L,Top,L,1,INR,387,BHUBANESWAR,751024,IN,FALSE
1003,403-0102795-2967514,102795,Women,29,11/04/2022,Delivered,Amazon,JNE3510-KR-XXL,kurta,XXL,1,INR,471,BHOPAL,462030,IN,FALSE
1004,408-3147509-3754740,3147509,Men,37,11/04/2022,Delivered,Flipkart,SET184-KR-PP-M,Set,M,1,INR,573,KOLKATA,700060,IN,FALSE
1005,407-4438368-9997139,4438368,Women,22,11/04/2022,Delivered,Myntra,J0301-TP-M,Top,M,1,INR,487,Bangalore,560037,IN,FALSE
1006,406-5800044-4533905,5800044,Men,33,11/04/2022,Delivered,Flipkart,SET269-KR-NP-L,Set,L,1,INR,799,PUNE,411003,IN,FALSE
1007,403-6654250-6447565,6654250,Men,43,11/04/2022,Delivered,Amazon,J0339-DR-XXL,Western Dress,XXL,1,INR,1091,EAST GODAVARI,533103,IN,FALSE
1008,171-7682756-9597956,7682756,Women,64,11/04/2022,Delivered,Amazon,JNE3567-KR-XL,kurta,XL,1,INR,399,CHENNAI,600002,IN,FALSE
1009,407-9785816-0422762,9785816,Women,25,11/04/2022,Delivered,Ajio,SET393-KR-NP-L,Set,L,1,INR,969,GADWAL,509125,IN,FALSE
1010,406-2365972-0941918,2365972,Women,41,11/04/2022,Delivered,Flipkart,J0230-SKD-M,Set,M,1,INR,1163,SRICITY,517541,IN,FALSE
1011,404-6050123-6362721,6050123,Women,38,11/04/2022,Returned,Amazon,JNE3365-KR-1052-A-S,kurta,S,1,INR,376,SALEM,636016,IN,FALSE
1012,403-4846280-6984311,4846280,Men,20,11/04/2022,Delivered,Amazon,J0008-SKD-XS,Set,XS,1,INR,1065,Purnia,854326,IN,FALSE
1013,403-5531302-6908308,5531302,Women,42,11/04/2022,Delivered,Ajio,SET405-KR-NP-XXXL,Set,3XL,1,INR,715,BENGALURU,561203,IN,FALSE
1014,408-5403329-8870708,5403329,Women,20,11/04/2022,Delivered,Amazon,SET345-KR-NP-M,Set,M,1,INR,635,HYDERABAD,500049,IN,FALSE
1015,408-1327021-0176335,1327021,Women,47,11/04/2022,Delivered,Amazon,JNE3690-TU-XS,Top,XS,1,INR,726,Veraval,362265,IN,FALSE
1016,408-1327021-0176335,1327021,Women,40,11/04/2022,Delivered,Amazon,JNE3405-KR-S,kurta,S,1,INR,399,KURNOOL,518005,IN,FALSE
1017,402-2338187-9720319,2338187,Women,38,11/04/2022,Delivered,Amazon,J0349-SET-L,Set,L,1,INR,791,NEW DELHI,110068,IN,FALSE
1018,171-1476514-5094705,1476514,Women,27,11/04/2022,Delivered,Flipkart,SET343-KR-NP-XL,Set,XL,1,INR,916,MUMBAI,400028,IN,FALSE
1019,403-9067431-5288301,9067431,Men,51,11/04/2022,Delivered,Amazon,J0346-SET-XL,Set,XL,1,INR,464,CHENNAI,600061,IN,FALSE
1020,403-3080765-3269909,3080765,Women,75,11/04/2022,Delivered,Meesho,JNE3560-KR-S,kurta,S,1,INR,544,NEW DELHI,110096,IN,FALSE
1021,403-4984515-8861958,4984515,Women,26,11/04/2022,Delivered,Amazon,JNE3795-KR-L,kurta,L,1,INR,499,KOLKATA,700025,IN,FALSE
1022,403-4984515-8861958,4984515,Women,65,11/04/2022,Delivered,Amazon,JNE3781-KR-S,kurta,S,1,INR,427,KANPUR,208001,IN,FALSE
1023,403-4984515-8861958,4984515,Women,33,11/04/2022,Delivered,Amazon,JNE3516-KR-E-M,kurta,M,1,INR,345,FARIDABAD,121004,IN,FALSE
1024,403-4984515-8861958,4984515,Men,43,11/04/2022,Delivered,Nalli,J0335-DR-L,Western Dress,L,1,INR,989,HYDERABAD,500010,IN,FALSE
1025,403-4984515-8861958,4984515,Women,58,11/04/2022,Delivered,Flipkart,JNE3709-DR-S,Western Dress,S,1,INR,792,HASSAN,573201,IN,FALSE
1026,403-4984515-8861958,4984515,Women,32,11/04/2022,Delivered,Amazon,JNE3758-KR-XS,kurta,XS,1,INR,353,CHENNAI,600018,IN,FALSE
1027,403-4984515-8861958,4984515,Women,25,11/04/2022,Delivered,Amazon,JNE3645-TP-N-L,Top,L,1,INR,432,AGARTALA,799003,IN,FALSE
1028,403-4984515-8861958,4984515,Women,70,11/04/2022,Delivered,Amazon,SAR028,Saree,Free,1,INR,549,sultanpur,228001,IN,FALSE
1029,403-4984515-8861958,4984515,Women,49,11/04/2022,Delivered,Flipkart,JNE3645-TP-N-XL,Top,XL,1,INR,432,PANAJI,403002,IN,FALSE
1030,403-4984515-8861958,4984515,Women,36,11/04/2022,Delivered,Flipkart,JNE3640-TP-N-S,Top,S,1,INR,518,KOLKATA,700104,IN,FALSE
1031,403-4984515-8861958,4984515,Women,30,11/04/2022,Delivered,Amazon,JNE3835-KR-XL,kurta,XL,1,INR,666,ANKLESHWAR,393001,IN,FALSE
1032,403-4984515-8861958,4984515,Women,46,11/04/2022,Delivered,Myntra,JNE3648-TP-N-M,Top,M,1,INR,487,Hyderabad,500004,IN,FALSE
1033,403-0173977-3041148,173977,Women,50,11/04/2022,Delivered,Amazon,JNE3887-KR-L,kurta,L,1,INR,526,INDORE,452018,IN,FALSE
1034,403-0173977-3041148,173977,Men,41,11/04/2022,Delivered,Amazon,JNE3722-KR-XL,kurta,XL,1,INR,301,KAKINADA,533001,IN,FALSE
1035,403-0173977-3041148,173977,Men,29,11/04/2022,Delivered,Amazon,JNE3313-KR-M,kurta,M,1,INR,582,NEW DELHI,110084,IN,FALSE
1036,403-0173977-3041148,173977,Men,62,11/04/2022,Delivered,Flipkart,JNE3751-KR-L,kurta,L,1,INR,349,HYDERABAD,500065,IN,FALSE
1037,403-0173977-3041148,173977,Men,23,11/04/2022,Delivered,Myntra,JNE3757-KR-XL,kurta,XL,1,INR,487,KOLHAPUR,416012,IN,FALSE
1038,403-0173977-3041148,173977,Women,68,11/04/2022,Delivered,Amazon,JNE3869-DR-XXXL,Western Dress,3XL,1,INR,998,NEW DELHI,110075,IN,FALSE
1039,403-0173977-3041148,173977,Men,25,11/04/2022,Delivered,Flipkart,SAR005,Saree,Free,1,INR,736,"Chengannur, Alappuzha District",689505,IN,FALSE
1040,403-0173977-3041148,173977,Men,25,11/04/2022,Delivered,Amazon,JNE3805-KR-XXL,kurta,XXL,1,INR,459,VASAI VIRAR,401305,IN,FALSE
1041,403-0173977-3041148,173977,Men,24,11/04/2022,Delivered,Nalli,JNE3786-KR-XXL,kurta,XXL,1,INR,349,BENGALURU,560033,IN,FALSE
1042,403-0173977-3041148,173977,W,39,11/04/2022,Delivered,Myntra,JNE3721-KR-XL,kurta,XL,1,INR,292,HYDERABAD,500055,IN,FALSE
1043,403-0173977-3041148,173977,W,30,11/04/2022,Delivered,Nalli,JNE3785-KR-XXL,kurta,XXL,1,INR,335,HYDERABAD,500067,IN,FALSE
1044,404-3781773-5273155,3781773,Men,23,11/04/2022,Delivered,Myntra,SET131-KR-NP-A-S,Set,S,1,INR,567,CHENNAI,600117,IN,FALSE
1045,404-8901446-2653111,8901446,W,58,11/04/2022,Delivered,Myntra,MEN5021-KR-M,kurta,M,1,INR,533,Tangi,752027,IN,FALSE
1046,408-6347718-5029952,6347718,W,58,11/04/2022,Delivered,Ajio,JNE3465-KR-M,kurta,M,1,INR,469,CHENNAI,600069,IN,FALSE
1047,403-9825843-7404304,9825843,W,33,11/04/2022,Delivered,Myntra,SAR021,Saree,Free,1,INR,1186,INDORE,452012,IN,FALSE
1048,408-7186513-1799530,7186513,W,43,11/04/2022,Delivered,Amazon,SET304-KR-DPT-S,Set,S,1,INR,1125,SIROHI,307001,IN,FALSE
1049,171-3240121-9241919,3240121,W,41,11/04/2022,Cancelled,Meesho,SET144-KR-NP-S,Set,S,1,INR,788,BENGALURU,562107,IN,FALSE
1050,403-9995247-2928350,9995247,W,28,11/04/2022,Delivered,Myntra,SET374-KR-NP-XL,Set,XL,1,INR,666,JASHPURNAGAR,496331,IN,FALSE
1051,403-2713312-9909901,2713312,W,30,11/04/2022,Cancelled,Meesho,BL095-L,Blouse,L,1,INR,333,davangere,577004,IN,FALSE
1052,405-8150725-9017959,8150725,W,42,11/04/2022,Delivered,Myntra,JNE3461-KR-L,kurta,L,1,INR,387,CHENNAI,600116,IN,FALSE
1053,408-5211914-0490753,5211914,Men,65,11/04/2022,Delivered,Flipkart,SET375-KR-NP-XXXL,Set,3XL,1,INR,696,KOTTAYAM,686006,IN,FALSE
1054,404-3446819-0733165,3446819,W,21,11/04/2022,Delivered,Ajio,JNE3440-KR-N-M,kurta,M,1,INR,435,HYDERABAD,500053,IN,FALSE
1055,404-3446819-0733165,3446819,W,22,11/04/2022,Delivered,Flipkart,JNE3612-KR-XL,kurta,XL,1,INR,380,BENGALURU,560067,IN,FALSE
1056,404-0507148-4270713,507148,W,32,11/04/2022,Delivered,Myntra,JNE3567-KR-S,kurta,S,1,INR,399,NEW DELHI,110074,IN,FALSE
1057,404-0507148-4270713,507148,W,69,11/04/2022,Delivered,Amazon,JNE3484-KR-XL,kurta,XL,1,INR,295,CHENNAI,600073,IN,FALSE
1058,406-1462525-3769134,1462525,W,37,11/04/2022,Delivered,Flipkart,SET378-KR-NP-XS,Set,XS,1,INR,1245,HAZARIBAGH,825301,IN,FALSE
1059,171-5162864-3641937,5162864,Men,20,11/04/2022,Delivered,Amazon,SET398-KR-PP-XS,Set,XS,1,INR,1186,CHAMBA,176310,IN,FALSE
1060,404-0277376-1733949,277376,Men,50,11/04/2022,Delivered,Myntra,SET197-KR-NP-XS,Set,XS,1,INR,759,CHENNAI,600001,IN,FALSE
1061,406-0822699-7322749,822699,W,41,11/04/2022,Delivered,Ajio,J0302-DR-XXXL,Western Dress,3XL,1,INR,696,DURGAPUR,713213,IN,FALSE
1062,404-5091416-1492320,5091416,W,48,11/04/2022,Delivered,Amazon,SET357-KR-NP-S,Set,S,1,INR,771,BARAMATI,413133,IN,FALSE
1063,406-9647815-8723542,9647815,W,33,11/04/2022,Delivered,Amazon,SET331-KR-NP-S,Set,S,1,INR,641,Margao,403601,IN,FALSE
1064,406-0159818-3450761,159818,W,38,11/04/2022,Delivered,Amazon,MEN5022-KR-XXXL,kurta,3XL,1,INR,530,"Murarai,Birbhum",731219,IN,FALSE
1065,404-9772395-0039531,9772395,Men,67,11/04/2022,Delivered,Amazon,SET268-KR-NP-XS,Set,XS,1,INR,788,CHENNAI,600071,IN,FALSE
1066,403-6798354-2263530,6798354,W,27,11/04/2022,Delivered,Flipkart,PJNE3068-KR-5XL,kurta,5XL,1,INR,1099,MUMBAI,400059,IN,FALSE
1067,402-1332654-5251565,1332654,W,29,11/04/2022,Delivered,Meesho,J0230-SKD-M,Set,M,1,INR,999,BENGALURU,560066,IN,FALSE
1068,402-0525055-9985118,525055,W,68,11/04/2022,Returned,Meesho,SET184-KR-PP-XS,Set,XS,1,INR,573,BULANDSHAHR,203150,IN,FALSE
1069,402-4949647-5281130,4949647,W,25,11/04/2022,Delivered,Myntra,NW016-ST-SR-S,Set,S,1,INR,537,MAWANA,250401,IN,FALSE
1070,171-5718861-2675548,5718861,W,39,11/04/2022,Delivered,Amazon,JNE3405-KR-L,kurta,L,1,INR,399,NEW Delhi,110064,IN,FALSE
1071,404-2491025-5387539,2491025,W,43,11/04/2022,Delivered,Myntra,SET324-KR-NP-XL,Set,XL,1,INR,597,NAVI MUMBAI,410209,IN,FALSE
1072,404-2491025-5387539,2491025,W,25,11/04/2022,Delivered,Myntra,SET332-KR-PP-L,Set,L,1,INR,525,FARIDABAD,121004,IN,FALSE
1073,406-3017669-8989931,3017669,Men,44,11/04/2022,Delivered,Myntra,SET185-KR-NP-M,Set,M,1,INR,785,SATARA,415002,IN,FALSE
1074,407-0490921-5859564,490921,W,35,11/04/2022,Delivered,Myntra,J0338-DR-S,Western Dress,S,1,INR,899,DHARMAVARAM,515671,IN,FALSE
1075,402-5444548-3809964,5444548,Women,29,11/04/2022,Delivered,Nalli,JNE3405-KR-S,kurta,S,1,INR,399,CHENNAI,600054,IN,FALSE
1076,171-5737174-1856332,5737174,Women,62,11/04/2022,Delivered,Nalli,JNE3797-KR-A-L,Western Dress,L,1,INR,771,BENGALURU,560036,IN,FALSE
1077,408-8548158-4519552,8548158,Men,75,11/04/2022,Delivered,Amazon,SET383-KR-NP-L,Set,L,1,INR,631,KATHUA,184102,IN,FALSE
1078,402-9974851-9147523,9974851,Women,31,11/04/2022,Cancelled,Myntra,JNE3431-KR-XL,kurta,XL,1,INR,333,Chennai,600092,IN,FALSE
1079,404-2220793-9097120,2220793,Women,28,11/04/2022,Delivered,Myntra,SET265-KR-NP-S,Set,S,1,INR,888,BENGALURU,560103,IN,FALSE
1080,171-9155153-6653959,9155153,Men,35,11/04/2022,Delivered,Ajio,SET374-KR-NP-M,Set,M,1,INR,666,PORT BLAIR,744101,IN,FALSE
1081,171-5595188-7063520,5595188,Women,23,11/04/2022,Delivered,Ajio,JNE3816-KR-S,kurta,S,1,INR,521,PANAJI,403001,IN,FALSE
1082,405-6760345-6457136,6760345,Women,20,11/04/2022,Delivered,Myntra,SET171-KR-NP-L,Set,L,1,INR,792,LUCKNOW,226010,IN,FALSE
1083,403-3569139-2083525,3569139,Women,76,11/04/2022,Delivered,Nalli,JNE3790-KR-XL,kurta,XL,1,INR,301,SILIGURI,734004,IN,FALSE
1084,403-5016171-3285148,5016171,Women,40,11/04/2022,Delivered,Amazon,JNE3797-KR-A-M,Western Dress,M,1,INR,771,BHUBANESWAR,751031,IN,FALSE
1085,406-9184688-6906737,9184688,Women,31,11/04/2022,Returned,Myntra,PJNE2199-KR-N-6XL,kurta,6XL,1,INR,431,BENGALURU,560099,IN,FALSE
1086,407-1196333-2230765,1196333,Women,18,11/04/2022,Delivered,Myntra,J0341-DR-XL,Western Dress,XL,1,INR,743,MUMBAI,400057,IN,FALSE
1087,404-9978425-4809103,9978425,Women,34,11/04/2022,Delivered,Meesho,SET110-KR-PP-XXXL,Set,3XL,1,INR,788,RAIPUR,492001,IN,FALSE
1088,171-9569162-1245942,9569162,Women,23,11/04/2022,Delivered,Myntra,JNE3797-KR-XL,Western Dress,XL,1,INR,771,HYDERABAD,500050,IN,FALSE
1089,407-7208859-3898727,7208859,Women,32,11/04/2022,Delivered,Myntra,JNE3706-DR-L,Western Dress,L,1,INR,413,NEW DELHI,110018,IN,FALSE
1090,408-9116386-3651541,9116386,Women,48,11/04/2022,Returned,Ajio,J0157-DR-L,Western Dress,L,1,INR,588,KOLKATA,700040,IN,FALSE
1091,171-7286119-6769964,7286119,Women,69,11/04/2022,Delivered,Ajio,BL104-S,Blouse,S,1,INR,625,MAPUSA,403507,IN,FALSE
1092,402-2546275-3844326,2546275,Women,30,11/04/2022,Delivered,Flipkart,SET293-KR-NP-XXL,Set,XXL,1,INR,702,LAKHANPUR,184152,IN,FALSE
1093,407-5135320-3506755,5135320,Women,25,11/04/2022,Delivered,Flipkart,SET345-KR-NP-XL,Set,XL,1,INR,613,NIZAMABAD,503002,IN,FALSE
1094,171-9884525-8785141,9884525,Women,45,11/04/2022,Delivered,Amazon,SET374-KR-NP-XXL,Set,XXL,1,INR,666,HARDWAR,249404,IN,FALSE
1095,402-5628966-8442711,5628966,Women,31,11/04/2022,Delivered,Myntra,SET268-KR-NP-XXL,Set,XXL,1,INR,788,Dindigul,624802,IN,FALSE
1096,402-6138380-1211540,6138380,Women,39,11/04/2022,Returned,Amazon,NW012-TP-PJ-XXL,Set,XXL,1,INR,521,LUCKNOW,226002,IN,FALSE
1097,402-0159112-4885968,159112,Women,42,11/04/2022,Refunded,Nalli,PJNE2199-KR-N-6XL,kurta,6XL,1,INR,426,CHENNAI,600066,IN,FALSE
1098,402-1960238-4917133,1960238,Women,25,11/04/2022,Delivered,Others,SET131-KR-NP-A-XS,Set,XS,1,INR,666,SECUNDERABAD,500017,IN,FALSE
1099,402-9188859-4729952,9188859,Women,30,11/04/2022,Delivered,Amazon,J0337-TP-M,Top,M,1,INR,522,BENGALURU,560019,IN,FALSE
1100,406-5563976-0103545,5563976,Women,23,11/04/2022,Delivered,Myntra,BL103-L,Blouse,L,1,INR,625,MANCHERIAL,504208,IN,FALSE
1101,171-3204934-7787534,3204934,Women,46,11/04/2022,Delivered,Myntra,SAR015,Saree,Free,1,INR,819,NAVI MUMBAI,410209,IN,FALSE
1102,171-3227935-2578752,3227935,Men,71,11/04/2022,Delivered,Flipkart,J0003-SET-XS,Set,XS,1,INR,696,Bengaluru,560068,IN,FALSE
1103,407-5187364-8725950,5187364,Women,25,11/04/2022,Refunded,Amazon,J0332-DR-XXXL,Western Dress,3XL,1,INR,668,MOHALI,160062,IN,FALSE
1104,405-8698294-0717140,8698294,Women,68,11/04/2022,Delivered,Myntra,MEN5015-KR-XXL,kurta,XXL,1,INR,665,chennai,600100,IN,FALSE
1105,407-2360764-5530758,2360764,Women,46,11/04/2022,Delivered,Amazon,SAR009,Saree,Free,1,INR,788,CHENNAI,600040,IN,FALSE
1106,402-3600740-4760302,3600740,Women,38,11/04/2022,Delivered,Amazon,J0277-SKD-M,Set,M,1,INR,1556,PANCHKULA,134113,IN,FALSE
1107,406-4102435-4088307,4102435,Women,40,11/04/2022,Delivered,Myntra,JNE3797-KR-A-S,Western Dress,S,1,INR,725,OTTAPPALAM,679521,IN,FALSE
1108,407-1197282-0109105,1197282,Women,22,11/04/2022,Delivered,Amazon,SAR021,Saree,Free,1,INR,969,PATNA,800020,IN,FALSE
1109,407-1197282-0109105,1197282,Women,31,11/04/2022,Delivered,Amazon,NW004-TP-PJ-S,Set,S,1,INR,475,AHMEDABAD,380015,IN,FALSE
1110,406-8315179-7364362,8315179,Women,55,11/04/2022,Delivered,Others,JNE3794-KR-L,kurta,L,1,INR,517,THIRUVANANTHAPURAM,695011,IN,FALSE
1111,404-5956376-5614708,5956376,Women,77,11/04/2022,Delivered,Amazon,J0333-DR-XXXL,Western Dress,3XL,1,INR,885,HYDERABAD,500075,IN,FALSE
1112,403-0781625-4879500,781625,Women,18,11/04/2022,Delivered,Flipkart,SET310-KR-NP-XXXL,Set,3XL,1,INR,1213,GHAZIABAD,201007,IN,FALSE
1113,404-9106012-7938733,9106012,Women,35,11/04/2022,Delivered,Others,SAR027,Saree,Free,1,INR,1163,GORAKHPUR,273004,IN,FALSE
1114,171-8784631-0682742,8784631,Women,28,11/04/2022,Delivered,Amazon,SET268-KR-NP-L,Set,L,1,INR,788,CHENNAI,600042,IN,FALSE
1115,408-6382984-0553131,6382984,Women,41,11/04/2022,Delivered,Flipkart,J0239-SKD-XXXL,Set,3XL,1,INR,1299,BENGALURU,560099,IN,FALSE
1116,408-6382984-0553131,6382984,Women,38,11/04/2022,Delivered,Amazon,JNE3770-KR-XXL,kurta,XXL,1,INR,487,MUMBAI,400019,IN,FALSE
1117,408-3409162-0932334,3409162,Women,29,11/04/2022,Delivered,Ajio,J0249-SKD-XL,Set,XL,1,INR,927,MANGALURU,575001,IN,FALSE
1118,404-0268369-1493116,268369,Women,75,11/04/2022,Delivered,Myntra,MEN5013-KR-L,kurta,L,1,INR,495,Howrah,711102,IN,FALSE
1119,405-7747946-4255535,7747946,Women,18,11/04/2022,Delivered,Amazon,J0334-TP-S,Top,S,1,INR,513,BENGALURU,560078,IN,FALSE
1120,404-4576235-3073169,4576235,Women,34,11/04/2022,Delivered,Meesho,SET268-KR-NP-XL,Set,XL,1,INR,698,SHAKTINAGAR,584170,IN,FALSE
1121,402-9819217-7541123,9819217,Women,28,11/04/2022,Delivered,Amazon,SET273-KR-NP-S,Set,S,1,INR,597,ASIKA,761110,IN,FALSE
1122,408-9419371-0086756,9419371,Men,45,11/04/2022,Delivered,Amazon,J0230-SKD-XS,Set,XS,1,INR,1349,NAVI MUMBAI,400709,IN,FALSE
1123,408-2984947-1433156,2984947,Men,69,11/04/2022,Delivered,Ajio,SET138-KR-PP-XS,Set,XS,1,INR,729,MYSURU,570008,IN,FALSE
1124,171-4088819-5081132,4088819,Women,26,11/04/2022,Delivered,Ajio,SET324-KR-NP-XXXL,Set,3XL,1,INR,597,KOLKATA,700017,IN,FALSE
1125,408-7200684-0823516,7200684,Women,40,11/04/2022,Delivered,Flipkart,J0023-TP-XXXL,Top,3XL,1,INR,483,PANIPAT,132103,IN,FALSE
1126,402-6143193-4145139,6143193,Women,23,11/04/2022,Delivered,Myntra,J0003-SET-XL,Set,XL,1,INR,696,MUMBAI,400095,IN,FALSE
1127,406-2913362-7901131,2913362,Men,35,11/04/2022,Delivered,Amazon,SET319-KR-NP-S,Set,S,1,INR,835,MUMBAI,400012,IN,FALSE
1128,404-3137600-0679501,3137600,Women,45,11/04/2022,Delivered,Flipkart,J0400-DR-M,Western Dress,M,1,INR,859,ZIRAKPUR,140603,IN,FALSE
1129,408-0957621-9941156,957621,Women,78,11/04/2022,Delivered,Amazon,SET392-KR-NP-XL,Set,XL,1,INR,799,HYDERABAD,500048,IN,FALSE
1130,407-3447197-1460332,3447197,Women,28,11/04/2022,Delivered,Myntra,JNE3421-KR-N-S,kurta,S,1,INR,399,Shillong,793002,IN,FALSE
1131,405-1705244-7821124,1705244,Men,74,11/04/2022,Delivered,Ajio,SET291-KR-PP-L,Set,L,1,INR,563,ROURKELA,769004,IN,FALSE
1132,171-9614792-2227508,9614792,Women,27,11/04/2022,Delivered,Myntra,J0122-TP-XXL,Top,XXL,1,INR,329,MUMBAI,400050,IN,FALSE
1133,403-8301835-9228321,8301835,Men,59,11/04/2022,Delivered,Others,J0232-SKD-XXL,Set,XXL,1,INR,1213,FARIDABAD,121002,IN,FALSE
1134,404-2627419-4552336,2627419,Women,41,11/04/2022,Delivered,Amazon,JNE3546-KR-S,kurta,S,1,INR,458,New Delhi,110041,IN,FALSE
1135,408-3515311-0058764,3515311,Women,37,11/04/2022,Delivered,Myntra,JNE3431-KR-L,kurta,L,2,INR,666,MUZAFFARNAGAR,251002,IN,FALSE
1136,404-3198986-6816347,3198986,Men,45,11/04/2022,Delivered,Flipkart,SET323-KR-NP-XL,Set,XL,1,INR,999,ELURU,534001,IN,FALSE
1137,404-3198986-6816347,3198986,Men,27,11/04/2022,Delivered,Flipkart,SET144-KR-NP-XXXL,Set,3XL,1,INR,788,BAHADURGARH,124507,IN,FALSE
1138,404-6279164-4356352,6279164,Women,65,11/04/2022,Delivered,Amazon,JNE3620-KR-M,kurta,M,1,INR,329,NEW DELHI,110059,IN,FALSE
1139,171-9749497-7602720,9749497,Women,39,11/04/2022,Refunded,Myntra,JNE3797-KR-XS,Western Dress,XS,1,INR,735,NEW DELHI,110085,IN,FALSE
1140,407-9660150-7244310,9660150,Men,72,11/04/2022,Delivered,Myntra,SET286-KR-NP-M,Set,M,1,INR,666,IMPHAL,795001,IN,FALSE
1141,402-8382670-7081102,8382670,Men,38,11/04/2022,Refunded,Myntra,JNE3510-KR-L,kurta,L,1,INR,428,RAIGARH,410218,IN,FALSE
1142,402-3434817-3641933,3434817,Men,47,11/04/2022,Delivered,Myntra,JNE3613-KR-XL,kurta,XL,1,INR,399,NAGPUR,440009,IN,FALSE
1143,171-9026178-2712338,9026178,Men,39,11/04/2022,Delivered,Flipkart,J0230-SKD-L,Set,L,1,INR,999,RAIPUR,492008,IN,FALSE
1144,171-1772770-4108334,1772770,Women,40,11/04/2022,Cancelled,Amazon,J0372-SKD-XXL,Set,XXL,1,INR,1044,Hyderabad,500096,IN,FALSE
1145,408-4810346-7958738,4810346,Women,62,11/04/2022,Refunded,Flipkart,JNE3797-KR-A-L,Western Dress,L,1,INR,725,KOTTARAKKARA,691512,IN,FALSE
1146,171-5036499-1237961,5036499,Women,58,11/04/2022,Delivered,Amazon,SET345-KR-NP-L,Set,L,1,INR,657,MANGALURU,575002,IN,FALSE
1147,402-9923193-2209157,9923193,Men,49,11/04/2022,Delivered,Amazon,JNE3468-KR-M,kurta,M,1,INR,397,NAVI MUMBAI,400709,IN,FALSE
1148,171-8994624-7251518,8994624,Men,56,11/04/2022,Delivered,Flipkart,SET374-KR-NP-M,Set,M,1,INR,636,Vadodara,390009,IN,FALSE
1149,407-1943998-9901109,1943998,Men,33,11/04/2022,Delivered,Myntra,SET184-KR-PP-S,Set,S,1,INR,563,MUMBAI,400074,IN,FALSE
1150,406-4121086-6297136,4121086,Women,26,11/04/2022,Delivered,Amazon,J0339-DR-XXXL,Western Dress,3XL,1,INR,744,pune,411014,IN,FALSE
1151,408-7921257-0326734,7921257,Women,20,11/04/2022,Delivered,Flipkart,SET293-KR-NP-M,Set,M,1,INR,683,MUMBAI,400058,IN,FALSE
1152,171-5616318-2458723,5616318,Men,63,11/04/2022,Delivered,Ajio,BTM045-PP-XL,Bottom,XL,1,INR,331,VADODARA,390022,IN,FALSE
1153,405-9642932-2006758,9642932,Women,28,11/04/2022,Delivered,Myntra,SET389-KR-NP-S,Set,S,1,INR,648,KANPUR,208001,IN,FALSE
1154,406-5276879-7075555,5276879,Women,39,11/04/2022,Refunded,Amazon,J0106-KR-XXXL,Western Dress,3XL,1,INR,999,BENGALURU,560100,IN,FALSE
1155,406-1075951-9174722,1075951,Men,67,11/04/2022,Delivered,Flipkart,SAR001,Saree,Free,1,INR,969,MADHEPURA,852210,IN,FALSE
1156,406-1392839-4713138,1392839,Women,30,11/04/2022,Refunded,Myntra,J0341-DR-XXL,Western Dress,XXL,1,INR,842,NOIDA,201301,IN,FALSE
1157,405-0892155-9847536,892155,Women,24,11/04/2022,Refunded,Amazon,JNE3860-DR-S,Western Dress,S,1,INR,614,MURUD,402202,IN,FALSE
1158,402-6036845-7332322,6036845,Men,19,11/04/2022,Refunded,Amazon,JNE3787-KR-XXL,kurta,XXL,1,INR,487,RAJAHMUNDRY,533101,IN,FALSE
1159,402-2877315-5162760,2877315,Men,45,11/04/2022,Delivered,Amazon,J0119-TP-M,Top,M,1,INR,540,NEW DELHI,110096,IN,FALSE
1160,405-6460858-7129966,6460858,Women,25,11/04/2022,Delivered,Ajio,JNE3779-KR-M,kurta,M,1,INR,346,Vijayawada,520003,IN,FALSE
1161,405-6460858-7129966,6460858,Women,32,11/04/2022,Delivered,Ajio,JNE3421-KR-N-XXL,kurta,XXL,1,INR,399,ERNAKULAM,682306,IN,FALSE
1162,408-1944603-0379557,1944603,Women,42,11/04/2022,Delivered,Ajio,JNE3790-KR-XL,kurta,XL,1,INR,301,MANDSAUR,458002,IN,FALSE
1163,408-0250238-8769138,250238,Women,27,11/04/2022,Delivered,Amazon,JNE3838-KR-XXXL,kurta,3XL,1,INR,387,CHENNAI,600034,IN,FALSE
1164,405-9499050-5171500,9499050,Women,56,11/04/2022,Delivered,Amazon,JNE3405-KR-XS,kurta,XS,1,INR,399,MOHALI,140306,IN,FALSE
1165,403-0222189-7617901,222189,Men,47,11/04/2022,Delivered,Myntra,SET110-KR-PP-XL,Set,XL,1,INR,729,MOHALI,140308,IN,FALSE
1166,408-5663565-1382716,5663565,Women,41,11/04/2022,Delivered,Amazon,J0370-SKD-XXL,Set,XXL,1,INR,1120,BENGALURU,560034,IN,FALSE
1167,171-1606875-0089905,1606875,Women,18,11/04/2022,Delivered,Ajio,J0008-SKD-XL,Set,XL,1,INR,1075,HYDERABAD,500035,IN,FALSE
1168,405-1299137-2024328,1299137,Women,33,11/04/2022,Delivered,Ajio,JNE3465-KR-S,kurta,S,1,INR,523,UJJAIN,456010,IN,FALSE
1169,403-0426424-3530756,426424,Women,20,11/04/2022,Delivered,Myntra,J0301-TP-L,Top,L,1,INR,464,SIOLIM,403517,IN,FALSE
1170,171-5696671-5675553,5696671,Women,42,11/04/2022,Refunded,Amazon,J0346-SET-XL,Set,XL,1,INR,464,HASSAN,573201,IN,FALSE
1171,171-9603913-5850730,9603913,Women,18,11/04/2022,Refunded,Amazon,JNE3797-KR-XL,Western Dress,XL,1,INR,735,BENGALURU,560072,IN,FALSE
1172,405-8089566-5121109,8089566,Women,21,11/04/2022,Refunded,Amazon,JNE3860-DR-XXL,Western Dress,XXL,1,INR,614,KOLKATA,700019,IN,FALSE
1173,408-2717249-5331517,2717249,Women,22,11/04/2022,Delivered,Myntra,SET357-KR-NP-L,Set,L,1,INR,725,PITHORAGARH,262501,IN,FALSE
1174,406-0158981-2460343,158981,Women,29,11/04/2022,Delivered,Myntra,SET364-KR-NP-XL,Set,XL,1,INR,1126,HYDERABAD,500085,IN,FALSE
1175,406-6141946-5762720,6141946,Women,36,11/04/2022,Delivered,Amazon,SET132-KR-NP-XXL,Set,XXL,1,INR,547,NEW DELHI,110016,IN,FALSE
1176,404-3264468-0141160,3264468,Women,36,11/04/2022,Delivered,Amazon,SET265-KR-NP-M,Set,M,1,INR,889,GHAZIABAD,201001,IN,FALSE
1177,403-9977490-8025947,9977490,Women,33,11/04/2022,Delivered,Flipkart,SET291-KR-PP-L,Set,L,1,INR,569,NOIDA,201301,IN,FALSE
1178,406-4597589-8227527,4597589,Women,27,11/04/2022,Refunded,Others,JNE3798-KR-A-L,Western Dress,L,1,INR,771,GONDIYA,441601,IN,FALSE
1179,406-2544564-3421918,2544564,Women,54,11/04/2022,Delivered,Myntra,JNE3870-DR-XXXL,Western Dress,3XL,1,INR,721,GURUGRAM,122001,IN,FALSE
1180,405-4833870-8872327,4833870,Women,26,11/04/2022,Delivered,Flipkart,JNE3423-KR-M,kurta,M,1,INR,379,SHILLONG,793018,IN,FALSE
1181,402-7010898-8650751,7010898,Women,31,11/04/2022,Delivered,Amazon,SET356-KR-NP-XXL,Set,XXL,1,INR,1099,KANPUR,208020,IN,FALSE
1182,404-9967268-8442740,9967268,Women,64,11/04/2022,Delivered,Amazon,SET110-KR-PP-XS,Set,XS,1,INR,788,KANPUR,208014,IN,FALSE
1183,407-1897745-3007529,1897745,Women,61,11/04/2022,Refunded,Amazon,JNE3797-KR-XL,Western Dress,XL,1,INR,725,RAMAGUNDAM,505209,IN,FALSE
1184,408-4450198-7298706,4450198,Women,28,11/04/2022,Delivered,Myntra,JNE3788-KR-XS,kurta,XS,1,INR,487,PARLI VAIJNATH,431515,IN,FALSE
1185,406-8761336-2400326,8761336,Women,27,11/04/2022,Delivered,Meesho,SET268-KR-NP-L,Set,L,1,INR,698,MANGALURU,575002,IN,FALSE
1186,406-3528677-3229155,3528677,Women,42,11/04/2022,Delivered,Amazon,SET271-KR-NP-M,Set,M,1,INR,885,Harihar,577601,IN,FALSE
1187,408-8373738-0517923,8373738,Women,34,11/04/2022,Delivered,Amazon,SET374-KR-NP-L,Set,L,1,INR,636,TIRUPPUR,641604,IN,FALSE
1188,408-1366596-3556334,1366596,Women,23,11/04/2022,Delivered,Myntra,JNE3560-KR-XL,kurta,XL,1,INR,481,CHENNAI,600077,IN,FALSE
1189,407-6229553-6805162,6229553,Women,35,11/04/2022,Delivered,Amazon,J0339-DR-XXL,Western Dress,XXL,1,INR,1091,GUWAHATI,781008,IN,FALSE
1190,408-4989878-5077108,4989878,Women,49,11/04/2022,Delivered,Amazon,JNE3440-KR-N-M,kurta,M,1,INR,435,NAVI MUMBAI,400705,IN,FALSE
1191,405-5176395-1833943,5176395,Women,21,11/04/2022,Delivered,Amazon,J0349-SET-XS,Set,XS,1,INR,791,Bengaluru,560010,IN,FALSE
1192,408-2470347-2212333,2470347,Women,41,11/04/2022,Delivered,Myntra,JNE3465-KR-XL,kurta,XL,1,INR,523,CHENNAI,600040,IN,FALSE
1193,171-8121668-5375518,8121668,Women,45,11/04/2022,Delivered,Amazon,SET276-KR-PP-S,Set,S,1,INR,1238,Salem,636004,IN,FALSE
1194,407-1484330-2890736,1484330,Women,32,11/04/2022,Delivered,Amazon,J0295-DR-XXL,Western Dress,XXL,1,INR,859,CHENNAI,600028,IN,FALSE
1195,403-1753921-0793124,1753921,Women,31,11/04/2022,Delivered,Flipkart,SET154-KR-NP-M,Set,M,1,INR,832,BENGALURU,560064,IN,FALSE
1196,404-6968357-9473147,6968357,Women,45,11/04/2022,Returned,Meesho,J0341-DR-L,Western Dress,L,1,INR,743,BENGALURU,560078,IN,FALSE
1197,406-5809177-9237945,5809177,Women,47,11/04/2022,Returned,Amazon,JNE3364-KR-1051-A-L,kurta,L,1,INR,376,PIMPRI CHINCHWAD,412105,IN,FALSE
1198,402-1398058-8566735,1398058,Women,26,11/04/2022,Delivered,Amazon,J0213-TP-XXXL,Top,3XL,1,INR,599,GURUGRAM,122005,IN,FALSE
1199,171-8829622-5044318,8829622,Women,41,11/04/2022,Refunded,Amazon,JNE3800-KR-L,Western Dress,L,1,INR,735,Bangalore,560072,IN,FALSE
1200,408-4573619-9451545,4573619,Women,39,11/04/2022,Delivered,Myntra,JNE3405-KR-S,kurta,S,1,INR,399,PIMPRI CHINCHWAD,411033,IN,FALSE
1201,404-9927746-3838701,9927746,Women,26,11/04/2022,Delivered,Meesho,JNE3794-KR-XXL,kurta,XXL,1,INR,517,PIMPRI CHINCHWAD,411033,IN,FALSE
1202,408-4786933-5305914,4786933,Women,72,11/04/2022,Delivered,Amazon,J0334-TP-S,Top,S,1,INR,563,PUNE,411020,IN,FALSE
1203,408-4786933-5305914,4786933,Women,21,11/04/2022,Delivered,Myntra,J0333-DR-XXL,Western Dress,XXL,1,INR,885,Pune,411038,IN,FALSE
1204,408-4786933-5305914,4786933,Women,30,11/04/2022,Delivered,Myntra,J0095-SET-L,Set,L,1,INR,633,RANCHI,834002,IN,FALSE
1205,408-4786933-5305914,4786933,Women,71,11/04/2022,Delivered,Amazon,J0158-DR-XXXL,Western Dress,3XL,1,INR,721,AMRITSAR,143006,IN,FALSE
1206,403-7002542-6292300,7002542,Women,22,11/04/2022,Delivered,Amazon,J0011-LCD-XL,Set,XL,1,INR,1695,BHUBANESWAR,751003,IN,FALSE
1207,402-6834677-7678748,6834677,Women,32,11/04/2022,Delivered,Amazon,JNE3468-KR-XS,kurta,XS,1,INR,399,"Koyilandy, kozhikode",673620,IN,FALSE
1208,405-5535723-4491520,5535723,Women,71,11/04/2022,Delivered,Flipkart,SET331-KR-NP-XXXL,Set,3XL,1,INR,635,CHENNAI,600039,IN,FALSE
1209,171-8979469-3174739,8979469,Women,76,11/04/2022,Delivered,Amazon,JNE3440-KR-N-L,kurta,L,1,INR,379,RAMPUR,244901,IN,FALSE
1210,404-7768870-2998735,7768870,Women,30,11/04/2022,Refunded,Flipkart,JNE3797-KR-XXXL,Western Dress,3XL,1,INR,735,PUNE,411028,IN,FALSE
1211,405-2713833-5356345,2713833,Women,32,11/04/2022,Delivered,Amazon,SET247-KR-SHA-XS,Set,XS,1,INR,694,SATNA,485001,IN,FALSE
1212,405-4803692-5689168,4803692,Women,39,11/04/2022,Delivered,Flipkart,MEN5008-KR-L,kurta,L,1,INR,495,HYDERABAD,500089,IN,FALSE
1213,402-3727132-9219540,3727132,Women,26,11/04/2022,Delivered,Flipkart,SET268-KR-NP-XS,Set,XS,1,INR,788,Thiruvalla,689581,IN,FALSE
1214,406-2714485-3755510,2714485,Women,39,11/04/2022,Delivered,Flipkart,SET293-KR-NP-M,Set,M,1,INR,702,KOLKATA,700084,IN,FALSE
1215,407-1518509-5932309,1518509,Women,32,11/04/2022,Delivered,Myntra,JNE3461-KR-L,kurta,L,1,INR,399,BENGALURU,560078,IN,FALSE
1216,402-8172172-5965943,8172172,Women,43,11/04/2022,Delivered,Amazon,J0041-SET-M,Set,M,1,INR,660,HOSHANGABAD,461001,IN,FALSE
1217,407-2616604-4625963,2616604,Women,45,11/04/2022,Cancelled,Flipkart,SET331-KR-NP-XS,Set,XS,1,INR,589,SIDDAPUR,581355,IN,FALSE
1218,402-6767779-6718718,6767779,Women,23,11/04/2022,Delivered,Others,JNE3834-KR-XXL,kurta,XXL,1,INR,521,PRODDATUR,516360,IN,FALSE
1219,408-3501607-6055523,3501607,Women,35,11/04/2022,Delivered,Amazon,J0418-TP-XS,Top,XS,1,INR,749,Gandhinagar,382421,IN,FALSE
1220,407-3838385-5235523,3838385,Women,48,11/04/2022,Delivered,Amazon,SET402-KR-NP-M,Set,M,1,INR,988,LUCKNOW,226003,IN,FALSE
1221,407-6957650-9319552,6957650,Women,22,11/04/2022,Delivered,Amazon,SET324-KR-NP-S,Set,S,1,INR,635,MYSURU,570022,IN,FALSE
1222,404-4245640-8749126,4245640,Women,26,11/04/2022,Delivered,Amazon,SET380-KR-NP-S,Set,S,1,INR,1186,MUMBAI,400018,IN,FALSE
1223,402-3967649-7487511,3967649,Women,20,11/04/2022,Delivered,Amazon,SET145-KR-NP-XXXL,Set,3XL,1,INR,737,GONDIYA,441601,IN,FALSE
1224,171-4422587-6968347,4422587,Women,26,11/04/2022,Delivered,Ajio,J0230-SKD-XL,Set,XL,1,INR,1163,NAKODAR,144630,IN,FALSE
1225,402-5787329-2190764,5787329,Women,47,11/04/2022,Cancelled,Amazon,JNE3426-KR-XS,kurta,XS,1,INR,333,KADAPA,516001,IN,FALSE
1226,404-2485892-2327537,2485892,Men,38,11/04/2022,Delivered,Amazon,JNE3423-KR-XXL,kurta,XXL,1,INR,379,BENGALURU,560037,IN,FALSE
1227,402-8503995-0738737,8503995,Women,22,11/04/2022,Delivered,Myntra,JNE3797-KR-A-S,Western Dress,S,1,INR,725,CHENNAI,600112,IN,FALSE
1228,406-6087504-9522731,6087504,Men,35,11/04/2022,Cancelled,Myntra,JNE3468-KR-XL,kurta,XL,1,INR,387,KOLKATA,700039,IN,FALSE
1229,406-4199509-7531504,4199509,Men,46,11/04/2022,Delivered,Myntra,JNE3612-KR-S,kurta,S,1,INR,417,HYDERABAD,500018,IN,FALSE
1230,404-3985944-7931524,3985944,Women,41,11/04/2022,Delivered,Myntra,SET349-KR-NP-M,Set,M,1,INR,1152,KULLU,175138,IN,FALSE
1231,408-1025273-0247564,1025273,Women,22,11/04/2022,Delivered,Meesho,SET327-KR-DPT-XXL,Set,XXL,1,INR,999,Chennai,603103,IN,FALSE
1232,406-9225888-4709100,9225888,Women,23,11/04/2022,Delivered,Amazon,SET324-KR-NP-S,Set,S,1,INR,597,BENGALURU,560073,IN,FALSE
1233,171-9109452-2675541,9109452,Men,38,11/04/2022,Delivered,Nalli,PJ0096-KR-N-5XL,kurta,5XL,1,INR,688,GARULIA,743144,IN,FALSE
1234,403-9160131-5349911,9160131,Men,35,11/04/2022,Delivered,Amazon,JNE3399-KR-XL,kurta,XL,1,INR,435,ROURKELA,770034,IN,FALSE
1235,404-7287435-7165939,7287435,Women,36,11/04/2022,Delivered,Myntra,BTM039-PP-XL,Bottom,XL,1,INR,360,MUMBAI,400025,IN,FALSE
1236,171-5480727-1205935,5480727,Women,18,11/04/2022,Delivered,Flipkart,J0157-DR-S,Western Dress,S,1,INR,659,CHENNAI,600059,IN,FALSE
1237,402-2447093-9720315,2447093,Men,54,11/04/2022,Delivered,Meesho,JNE3776-KR-S,kurta,S,1,INR,301,CHENNAI,600071,IN,FALSE
1238,402-1706520-2668317,1706520,Men,40,11/04/2022,Delivered,Amazon,JNE3639-TP-N-XXL,Top,XXL,1,INR,487,COIMBATORE,641034,IN,FALSE
1239,408-2008379-7377111,2008379,Women,41,11/04/2022,Delivered,Amazon,JNE3802-KR-L,kurta,L,1,INR,453,BENGALURU,560062,IN,FALSE
1240,407-6342847-7656313,6342847,Women,39,11/04/2022,Delivered,Ajio,JNE3630-KR-XL,kurta,XL,1,INR,399,GURUGRAM,122001,IN,FALSE
1241,405-0144548-2018718,144548,Women,37,11/04/2022,Delivered,Meesho,SET331-KR-NP-XL,Set,XL,1,INR,627,NAVI MUMBAI,400708,IN,FALSE
1242,402-4480208-4687517,4480208,Women,57,11/04/2022,Delivered,Myntra,J0095-SET-M,Set,M,1,INR,634,Karur,639002,IN,FALSE
1243,405-0452328-5293956,452328,Women,20,11/04/2022,Delivered,Amazon,JNE3405-KR-XS,kurta,XS,1,INR,399,Lucknow,226022,IN,FALSE
1244,407-7027004-9188308,7027004,Men,32,11/04/2022,Delivered,Nalli,JNE3880-DR-XXXL,Western Dress,3XL,1,INR,564,MORADABAD,244001,IN,FALSE
1245,403-4639579-6487563,4639579,Women,77,11/04/2022,Delivered,Meesho,SET269-KR-NP-XXXL,Set,3XL,1,INR,824,port blair,744101,IN,FALSE
1246,406-8192502-7520314,8192502,Men,39,11/04/2022,Delivered,Amazon,J0341-DR-S,Western Dress,S,1,INR,791,BENGALURU,560068,IN,FALSE
1247,403-1073898-9546707,1073898,Women,51,11/04/2022,Delivered,Myntra,J0008-SKD-S,Set,S,1,INR,1075,CHENNAI,600008,IN,FALSE
1248,403-8105776-5684353,8105776,Women,25,11/04/2022,Delivered,Myntra,SET236-KR-PP-XS,Set,XS,1,INR,678,Baran,325205,IN,FALSE
1249,404-4108433-6669958,4108433,Women,38,11/04/2022,Cancelled,Myntra,SET345-KR-NP-S,Set,S,1,INR,626,GURUGRAM,122001,IN,FALSE
1250,403-7590596-4000312,7590596,Women,71,11/04/2022,Delivered,Myntra,J0301-TP-M,Top,M,1,INR,693,HALDWANI,263139,IN,FALSE
1251,407-7783914-9335507,7783914,Women,55,11/04/2022,Delivered,Myntra,SET183-KR-DH-M,Set,M,1,INR,730,CHENNAI,600032,IN,FALSE
1252,403-9286257-8004308,9286257,Women,22,11/04/2022,Delivered,Amazon,SET116-KR-NP-XXXL,Set,3XL,1,INR,586,NEW DELHI,110086,IN,FALSE
1253,404-6331688-4354744,6331688,Women,34,11/04/2022,Delivered,Amazon,J0148-SET-XXL,Set,XXL,1,INR,636,KOLLAM,691306,IN,FALSE
1254,408-6294340-2996314,6294340,Women,20,11/04/2022,Delivered,Amazon,MEN5021-KR-XL,kurta,XL,1,INR,547,FIROZABAD,283203,IN,FALSE
1255,408-4969347-0339535,4969347,Women,41,11/04/2022,Delivered,Nalli,JNE3560-KR-M,kurta,M,1,INR,544,SURAT,395007,IN,FALSE
1256,407-8321158-5315544,8321158,Women,20,11/04/2022,Delivered,Nalli,J0228-SKD-XXXL,Set,3XL,1,INR,1698,CHENNAI,600099,IN,FALSE
1257,407-6510714-5718730,6510714,Women,29,11/04/2022,Returned,Myntra,NW008-ST-CP-XXL,Set,XXL,1,INR,541,Gurugram,122002,IN,FALSE
1258,407-6510714-5718730,6510714,Women,45,11/04/2022,Returned,Meesho,MEN5022-KR-M,kurta,M,1,INR,549,MUMBAI,400074,IN,FALSE
1259,407-1094625-7097121,1094625,Women,44,11/04/2022,Delivered,Amazon,MEN5025-KR-XXL,kurta,XXL,1,INR,549,Mumbai,400067,IN,FALSE
1260,405-4748558-1637124,4748558,Women,22,11/04/2022,Delivered,Amazon,JNE3405-KR-S,kurta,S,1,INR,399,CHANDIGARH,160035,IN,FALSE
1261,404-6381580-3174701,6381580,Women,40,11/04/2022,Delivered,Amazon,J0283-SET-XL,Set,XL,1,INR,1020,PALAI,686574,IN,FALSE
1262,408-9691516-4093948,9691516,Women,34,11/04/2022,Delivered,Amazon,SAR014,Saree,Free,1,INR,486,BARBIL,758035,IN,FALSE
1263,408-0629022-3110717,629022,Women,32,11/04/2022,Delivered,Amazon,J0230-SKD-S,Set,S,1,INR,1349,NANDYAL,518501,IN,FALSE
1264,171-6838538-3969101,6838538,Women,20,11/04/2022,Delivered,Amazon,SAR018,Saree,Free,1,INR,759,KRISHNAGIRI,635001,IN,FALSE
1265,403-0775906-5565915,775906,Women,55,11/04/2022,Delivered,Flipkart,J0119-TP-XL,Top,XL,1,INR,540,Bengaluru,560033,IN,FALSE
1266,407-4153899-7382706,4153899,Women,38,11/04/2022,Delivered,Amazon,J0008-SKD-XS,Set,XS,1,INR,1075,BHUBANESWAR,751024,IN,FALSE
1267,171-4483599-5864338,4483599,Women,29,11/04/2022,Delivered,Amazon,J0230-SKD-L,Set,L,1,INR,1163,GORAKHPUR,273001,IN,FALSE
1268,406-3796629-7850767,3796629,Women,24,11/04/2022,Delivered,Amazon,JNE3641-TP-N-S,Top,S,1,INR,354,VADODARA,391740,IN,FALSE
1269,407-4018425-4510751,4018425,Men,76,11/04/2022,Delivered,Others,J0335-DR-XS,Western Dress,XS,1,INR,989,KAKINADA,533004,IN,FALSE
1270,404-4788352-4549943,4788352,Women,46,11/04/2022,Delivered,Amazon,JNE3399-KR-M,kurta,M,1,INR,426,BENGALURU,560075,IN,FALSE
1271,407-6680125-5199552,6680125,Women,47,11/04/2022,Delivered,Flipkart,NW013-ST-SR-XL,Set,XL,1,INR,496,JEYPUR,764001,IN,FALSE
1272,404-9068519-3341955,9068519,Women,41,11/04/2022,Returned,Flipkart,JNE3721-KR-L,kurta,L,1,INR,292,MANGRULPIR,444403,IN,FALSE
1273,404-9068519-3341955,9068519,Women,73,11/04/2022,Returned,Myntra,JNE3674-TU-XS,Top,XS,1,INR,798,JAGATSINGHAPUR,754142,IN,FALSE
1274,404-2989740-6307522,2989740,Women,23,11/04/2022,Delivered,Myntra,JNE3665-TP-L,Top,L,1,INR,493,SRIPERUMBUDUR,602105,IN,FALSE
1275,404-2989740-6307522,2989740,Women,44,11/04/2022,Delivered,Amazon,JNE3567-KR-M,kurta,M,1,INR,399,LUCKNOW,226016,IN,FALSE
1276,405-1201776-2028340,1201776,Men,43,11/04/2022,Delivered,Amazon,J0243-DR-XXXL,Ethnic Dress,3XL,1,INR,999,ARANI TIRUVANNAMALAI DISTRICT,632317,IN,FALSE
1277,407-3901170-2823565,3901170,Women,46,11/04/2022,Delivered,Flipkart,J0349-SET-XS,Set,XS,1,INR,801,MUMBAI,400033,IN,TRUE
1278,407-3901170-2823565,3901170,Women,31,11/04/2022,Delivered,Myntra,J0351-SET-XS,Set,XS,1,INR,832,NANPARA,271882,IN,FALSE
1279,407-3901170-2823565,3901170,Women,52,11/04/2022,Delivered,Amazon,J0205-TP-S,Top,S,1,INR,387,BENGALURU,560066,IN,FALSE
1280,403-0728924-5787551,728924,Women,19,11/04/2022,Delivered,Amazon,SET324-KR-NP-M,Set,M,1,INR,607,INDORE,452020,IN,FALSE
1281,171-5683002-3226742,5683002,Women,43,11/04/2022,Returned,Amazon,SET228-KR-PP-A-M,Set,M,1,INR,729,visakhapatnam,530048,IN,FALSE
1282,405-9722357-4855551,9722357,Women,27,11/04/2022,Delivered,Amazon,JNE3674-TU-L,Top,L,1,INR,798,CHENNAI,600054,IN,FALSE
1283,404-3662074-1824331,3662074,Women,20,11/04/2022,Returned,Amazon,MEN5004-KR-XXXL,kurta,3XL,1,INR,698,KOLKATA,700107,IN,FALSE
1284,171-2438166-4173142,2438166,Women,52,11/04/2022,Delivered,Amazon,J0181-TP-XXXL,Top,3XL,1,INR,399,NEW DELHI,110018,IN,FALSE
1285,403-6820480-4223500,6820480,Women,23,11/04/2022,Delivered,Flipkart,JNE1408-KR-UDF19-A-M,kurta,M,1,INR,376,KOZHIKODE,673001,IN,FALSE
1286,408-1750809-0165118,1750809,Men,28,11/04/2022,Delivered,Myntra,JNE3798-KR-A-XS,Western Dress,XS,1,INR,771,HYDERABAD,500045,IN,FALSE
1287,406-7894827-4294713,7894827,Women,29,11/04/2022,Delivered,Amazon,JNE3465-KR-XXXL,kurta,3XL,1,INR,523,BENGALURU,560050,IN,FALSE
1288,404-5359308-3249144,5359308,Women,24,11/04/2022,Delivered,Amazon,JNE3573-KR-XS,kurta,XS,1,INR,381,KALABURGI,585102,IN,FALSE
1289,404-9083028-6009116,9083028,Men,61,11/04/2022,Delivered,Flipkart,JNE3800-KR-A-XL,Western Dress,XL,1,INR,725,VASAI VIRAR,401202,IN,FALSE
1290,402-8259194-4068347,8259194,Women,34,11/04/2022,Delivered,Myntra,SET331-KR-NP-M,Set,M,1,INR,613,KOZHIKODE,673001,IN,FALSE
1291,402-4731403-9756349,4731403,Women,73,11/04/2022,Delivered,Amazon,SET348-KR-NP-M,Set,M,1,INR,968,MUMBAI,400026,IN,FALSE
1292,405-6035246-7525132,6035246,Women,27,11/04/2022,Delivered,Flipkart,J0009-SKD-L,Set,L,1,INR,838,DALHOUSIE,176305,IN,FALSE
1293,407-5687079-8912352,5687079,Women,75,11/04/2022,Delivered,Ajio,JNE3546-KR-M,kurta,M,1,INR,468,BENGALURU,562125,IN,FALSE
1294,171-3334901-4793937,3334901,Women,40,11/04/2022,Delivered,Flipkart,J0119-TP-S,Top,S,1,INR,574,BAREILLY,243502,IN,FALSE
1295,404-6920467-2129930,6920467,Women,44,11/04/2022,Delivered,Flipkart,JNE3560-KR-M,kurta,M,1,INR,544,Tiruchirappalli,620001,IN,FALSE
1296,404-6920467-2129930,6920467,Women,57,11/04/2022,Delivered,Ajio,JNE3560-KR-XL,kurta,XL,1,INR,481,SECUNDERABAD,500017,IN,FALSE
1297,407-3698261-4923526,3698261,Women,41,11/04/2022,Delivered,Amazon,SET405-KR-NP-L,Set,L,1,INR,725,BENGALURU,560016,IN,FALSE
1298,407-4288404-1444330,4288404,Women,18,11/04/2022,Delivered,Flipkart,J0132-KR-L,kurta,L,1,INR,362,MORADABAD,244001,IN,FALSE
1299,406-9156153-5312334,9156153,Women,72,11/04/2022,Delivered,Myntra,J0331-KR-L,kurta,L,1,INR,832,BENGALURU,560068,IN,FALSE
1300,406-0906395-7833969,906395,Women,36,11/04/2022,Delivered,Flipkart,J0230-SKD-S,Set,S,1,INR,999,GUNTUR,522007,IN,FALSE
1301,406-0723620-7392369,723620,Women,66,11/04/2022,Delivered,Amazon,JNE3773-KR-XL,kurta,XL,1,INR,280,GUNTUR,522017,IN,FALSE
1302,402-2273092-0118706,2273092,Women,20,11/04/2022,Delivered,Amazon,J0008-SKD-S,Set,S,1,INR,1065,HYDERABAD,500013,IN,FALSE
1303,171-3012152-7737908,3012152,Women,25,11/04/2022,Delivered,Amazon,SET128-KR-DH-XXL,Set,XXL,1,INR,921,MUMBAI,400005,IN,FALSE
1304,405-9259471-2737922,9259471,Women,40,11/04/2022,Delivered,Myntra,JNE2014-KR-178-XL,kurta,XL,1,INR,330,AURANGABAD,431005,IN,FALSE
1305,403-1302840-4065911,1302840,Men,45,11/04/2022,Delivered,Flipkart,JNE3644-TP-N-XXL,Top,XXL,1,INR,299,BENGALURU,560042,IN,FALSE
1306,406-1876196-6084306,1876196,Men,43,11/04/2022,Delivered,Flipkart,SAR021,Saree,Free,1,INR,399,DHARWAD,580007,IN,FALSE
1307,403-4476173-7678703,4476173,Women,51,11/04/2022,Delivered,Amazon,J0230-SKD-L,Set,L,1,INR,969,NEW DELHI,110010,IN,FALSE
1308,408-4491955-4724349,4491955,Women,23,11/04/2022,Delivered,Myntra,SET304-KR-DPT-S,Set,S,1,INR,1186,IMPHAL,795126,IN,FALSE
1309,407-1796463-8086729,1796463,Men,33,11/04/2022,Delivered,Myntra,JNE3610-KR-XS,kurta,XS,1,INR,291,KHURJA,203131,IN,FALSE
1310,406-7829542-9021933,7829542,Women,26,11/04/2022,Delivered,Myntra,SET317-KR-PP-M,Set,M,1,INR,1127,NEW TOWN,700156,IN,FALSE
1311,406-0186588-4154733,186588,Men,26,11/04/2022,Delivered,Amazon,JNE3423-KR-XXL,kurta,XXL,1,INR,399,MUMBAI,400072,IN,FALSE
1312,404-5873849-4641152,5873849,Men,37,11/04/2022,Delivered,Flipkart,J0306-DR-L,Western Dress,L,1,INR,690,BARASAT,700129,IN,FALSE
1313,408-3993353-7089909,3993353,Women,26,11/04/2022,Delivered,Amazon,SET165-KR-PP-XL,Set,XL,1,INR,567,CHINSURAH,712222,IN,FALSE
1314,406-1857124-5399558,1857124,Women,41,11/04/2022,Delivered,Flipkart,SET288-KR-NP-S,Set,S,1,INR,684,GORAKHPUR,273004,IN,FALSE
1315,171-9626926-8031529,9626926,Women,40,11/04/2022,Delivered,Myntra,SET329-KR-NP-M,Set,M,1,INR,666,CHENNAI,600016,IN,FALSE
1316,171-9626926-8031529,9626926,Men,45,11/04/2022,Delivered,Amazon,JNE3522-KR-XS,kurta,XS,1,INR,325,ORAI,285001,IN,FALSE
1317,407-1415968-1510750,1415968,Men,54,11/04/2022,Delivered,Amazon,SAR015,Saree,Free,1,INR,1115,GURGAON,122001,IN,FALSE
1318,407-6627745-3521958,6627745,Men,27,11/04/2022,Delivered,Nalli,J0399-DR-XXL,Western Dress,XXL,1,INR,1099,QUEPEM,403705,IN,FALSE
1319,171-8703669-3529120,8703669,Men,22,11/04/2022,Delivered,Amazon,J0118-TP-XXXL,Top,3XL,1,INR,529,Pondicherry,605007,IN,FALSE
1320,406-4343369-0029133,4343369,Men,39,11/04/2022,Delivered,Amazon,JNE3707-DR-XXXL,Western Dress,3XL,1,INR,496,KOLKATA,700008,IN,FALSE
1321,171-8061913-6225930,8061913,Women,40,11/04/2022,Delivered,Amazon,SET217-KR-PP-M,Set,M,1,INR,859,THANE,400608,IN,FALSE
1322,171-1461013-9063520,1461013,Women,45,11/04/2022,Delivered,Myntra,J0349-SET-L,Set,L,1,INR,801,BENGALURU,560057,IN,FALSE
1323,404-7692743-9492368,7692743,Women,27,11/04/2022,Delivered,Amazon,SET257-KR-PP-XS,Set,XS,1,INR,551,NAVI MUMBAI,400706,IN,FALSE
1324,408-1974544-3368326,1974544,Women,74,11/04/2022,Delivered,Amazon,JNE3836-KR-L,kurta,L,1,INR,626,JOURIAN,181202,IN,FALSE
1325,404-7274697-0945121,7274697,Women,68,11/04/2022,Delivered,Myntra,SET324-KR-NP-S,Set,S,1,INR,635,CHENNAI,600037,IN,FALSE
1326,404-2470566-9849124,2470566,Women,41,11/04/2022,Cancelled,Amazon,SAR002,Saree,Free,1,INR,301,ELGAID,505525,IN,FALSE
1327,405-6374128-1181128,6374128,Women,29,11/04/2022,Delivered,Amazon,JNE3786-KR-XXL,kurta,XXL,1,INR,349,Dahod,389151,IN,FALSE
1328,406-0863695-3761934,863695,Women,31,11/04/2022,Delivered,Others,J0127-SKD-S,Set,S,1,INR,1186,SOLAPUR,413006,IN,FALSE
1329,404-4798045-1368313,4798045,Men,42,11/04/2022,Returned,Amazon,JNE3797-KR-L,Western Dress,L,1,INR,771,karwar,581301,IN,FALSE
1330,404-0556797-7152320,556797,Women,47,11/04/2022,Delivered,Others,JNE3794-KR-L,kurta,L,1,INR,517,NEW DELHI,110085,IN,FALSE
1331,171-8490472-4683523,8490472,Women,24,11/04/2022,Delivered,Meesho,NW005-ST-PJ-XXXL,Set,3XL,1,INR,562,VIJAYAWADA,521108,IN,FALSE
1332,402-8775744-6848303,8775744,Women,27,11/04/2022,Delivered,Ajio,J0041-SET-XL,Set,XL,1,INR,763,MUMBAI,400089,IN,FALSE
1333,406-7924642-4540354,7924642,Women,43,11/04/2022,Delivered,Myntra,SET268-KR-NP-S,Set,S,1,INR,788,MUMBAI,400055,IN,FALSE
1334,406-3739037-6845925,3739037,Women,54,11/04/2022,Delivered,Amazon,SET397-KR-NP  -M,Set,M,1,INR,1186,LUCKNOW,226011,IN,FALSE
1335,406-3392351-9694753,3392351,Women,32,11/04/2022,Delivered,Amazon,JNE3465-KR-L,kurta,L,1,INR,491,HYDERABAD,500060,IN,FALSE
1336,405-3583244-8682738,3583244,Women,46,11/04/2022,Delivered,Amazon,JNE3785-KR-XXL,kurta,XXL,1,INR,335,Bangalore,560035,IN,FALSE
1337,171-1004509-7937963,1004509,Women,18,11/04/2022,Delivered,Amazon,JNE3793-KR-XXXL,kurta,3XL,1,INR,355,VASAI VIRAR,401203,IN,FALSE
1338,406-5149604-4516314,5149604,Women,49,11/04/2022,Delivered,Amazon,JNE3364-KR-1051-A-L,kurta,L,1,INR,376,Hyderabad,500072,IN,FALSE
1339,408-4945874-5956363,4945874,Women,35,11/04/2022,Delivered,Flipkart,JNE3405-KR-S,kurta,S,1,INR,435,ASANSOL,713302,IN,FALSE
1340,402-8370679-9742754,8370679,Women,45,11/04/2022,Delivered,Myntra,JNE3405-KR-S,kurta,S,1,INR,399,VELLORE,632006,IN,FALSE
1341,171-9757288-1506730,9757288,Women,26,11/04/2022,Delivered,Amazon,SET374-KR-NP-L,Set,L,1,INR,666,COIMBATORE,641018,IN,FALSE
1342,403-3422175-8588361,3422175,Women,27,11/04/2022,Delivered,Flipkart,JNE3697-KR-L,kurta,L,1,INR,487,GORAKHPUR,273001,IN,FALSE
1343,407-0975836-1662751,975836,Women,22,11/04/2022,Delivered,Amazon,SAR002,Saree,Free,1,INR,680,"Vindhyanagar, Singrauli",486885,IN,FALSE
1344,404-5339654-8699521,5339654,Women,45,11/04/2022,Delivered,Myntra,SET128-KR-DH-XXL,Set,XXL,1,INR,1133,AURANGABAD,431001,IN,FALSE
1345,171-8807415-3796339,8807415,Women,46,11/04/2022,Delivered,Amazon,JNE3821-KR-XS,kurta,XS,1,INR,484,CHITTUR,678510,IN,FALSE
1346,406-2584311-5969914,2584311,Women,40,11/04/2022,Delivered,Amazon,SAR023,Saree,Free,1,INR,999,INDORE,452010,IN,FALSE
1347,406-6248918-3078743,6248918,Women,43,11/04/2022,Delivered,Amazon,SET401-KR-NP-XL,Set,XL,1,INR,999,BATHINDA,151001,IN,FALSE
1348,408-8830580-2178742,8830580,Women,50,11/04/2022,Returned,Amazon,SET374-KR-NP-M,Set,M,1,INR,666,BENGALURU,560004,IN,FALSE
1349,403-7466394-6701159,7466394,Women,47,11/04/2022,Delivered,Amazon,SET240-KR-PP-XXL,Set,XXL,1,INR,579,NAGPUR,440035,IN,FALSE
1350,408-8156341-0265959,8156341,Women,46,11/04/2022,Delivered,Ajio,SET268-KR-NP-XL,Set,XL,1,INR,788,UDUPI,574105,IN,FALSE
1351,403-5346372-0793900,5346372,Women,72,11/04/2022,Cancelled,Meesho,JNE3440-KR-N-M,kurta,M,1,INR,399,KALABURGI,585102,IN,FALSE
1352,403-5346372-0793900,5346372,Women,35,11/04/2022,Delivered,Ajio,JNE3795-KR-S,kurta,S,1,INR,517,Irinjalakuda,680121,IN,FALSE
1353,402-2452708-4896329,2452708,Women,31,11/04/2022,Delivered,Myntra,SET268-KR-NP-XL,Set,XL,1,INR,788,Mumbai,400078,IN,FALSE
1354,406-7338347-7069951,7338347,Women,18,11/04/2022,Delivered,Myntra,J0011-LCD-S,Set,S,1,INR,1233,DOIWALA,248140,IN,FALSE
1355,406-0211892-0559536,211892,Women,22,11/04/2022,Delivered,Amazon,SAR005,Saree,Free,1,INR,458,RAJPUR SONARPUR,700150,IN,FALSE
1356,171-7532609-3249907,7532609,Men,63,11/04/2022,Delivered,Flipkart,JNE3797-KR-S,Western Dress,S,1,INR,725,KOLKATA,700101,IN,FALSE
1357,403-6043726-6721132,6043726,Women,47,11/04/2022,Cancelled,Amazon,SAR020,Saree,Free,1,INR,895,THANE,400607,IN,FALSE
1358,407-1712596-4050755,1712596,Women,35,11/04/2022,Cancelled,Flipkart,SET269-KR-NP-S,Set,S,1,INR,824,HYDERABAD,500055,IN,FALSE
1359,405-8411773-8229162,8411773,Men,41,11/04/2022,Delivered,Amazon,JNE3880-DR-XL,Western Dress,XL,1,INR,581,GURUGRAM,122001,IN,FALSE
1360,407-7844529-5051537,7844529,Women,46,11/04/2022,Delivered,Myntra,JNE3364-KR-1051-A-M,kurta,M,1,INR,376,LUCKNOW,226001,IN,FALSE
1361,171-3775810-2345913,3775810,Women,44,11/04/2022,Returned,Amazon,SET184-KR-PP-M,Set,M,1,INR,573,DIU,362520,IN,FALSE
1362,171-9012771-7416351,9012771,Men,19,11/04/2022,Delivered,Amazon,J0306-DR-XL,Western Dress,XL,1,INR,690,HYDERABAD,500044,IN,FALSE
1363,171-9136525-1911525,9136525,Women,29,11/04/2022,Delivered,Amazon,JNE3739-KR-L,kurta,L,1,INR,441,JAMSHEDPUR,831002,IN,FALSE
1364,171-9136525-1911525,9136525,Women,34,11/04/2022,Delivered,Meesho,JNE3399-KR-M,kurta,M,1,INR,435,BENGALURU,560043,IN,FALSE
1365,407-6279695-7581901,6279695,Women,60,11/04/2022,Returned,Myntra,SAR029,Saree,Free,1,INR,1075,BHOPAL,462016,IN,FALSE
1366,171-6817306-4265116,6817306,Women,30,11/04/2022,Delivered,Flipkart,J0237-SKD-L,Set,L,1,INR,1256,Delhi,110085,IN,FALSE
1367,405-7298234-3814730,7298234,Women,49,11/04/2022,Delivered,Flipkart,NW012-TP-PJ-XXXL,Set,3XL,1,INR,560,BENGALURU,560037,IN,FALSE
1368,405-4771236-4811503,4771236,Women,28,11/04/2022,Delivered,Myntra,NW037-TP-SR-S,Set,S,1,INR,449,PUNE,412308,IN,FALSE
1369,405-2906637-7852340,2906637,Women,23,11/04/2022,Delivered,Amazon,PJNE2199-KR-N-5XL,kurta,5XL,1,INR,453,VISAKHAPATNAM,530017,IN,FALSE
1370,406-6316473-9375528,6316473,Men,39,11/04/2022,Delivered,Meesho,J0339-DR-L,Western Dress,L,1,INR,743,MUMBAI,400068,IN,FALSE
1371,402-1860368-5003561,1860368,Women,62,11/04/2022,Delivered,Others,MEN5032-KR-L,kurta,L,1,INR,787,PUNE,411057,IN,FALSE
1372,407-7120808-1351527,7120808,Women,36,11/04/2022,Delivered,Meesho,SET345-KR-NP-S,Set,S,1,INR,635,ARSIKERE,573103,IN,FALSE
1373,405-8385584-8498728,8385584,Men,22,11/04/2022,Delivered,Amazon,SET331-KR-NP-XL,Set,XL,1,INR,635,Dungarpur,314031,IN,FALSE
1374,405-8385584-8498728,8385584,Men,41,11/04/2022,Delivered,Nalli,SET330-KR-PP-S,Set,S,1,INR,543,RUDRAPUR,263153,IN,FALSE
1375,404-8409362-0284368,8409362,Women,42,11/04/2022,Refunded,Amazon,JNE3641-TP-N-XXL,Top,XXL,1,INR,446,DEHRADUN,248001,IN,FALSE
1376,407-3508652-5836322,3508652,Men,24,11/04/2022,Delivered,Others,SET397-KR-NP-XS,Set,XS,1,INR,1115,NEW DELHI,110085,IN,FALSE
1377,403-7981359-9749924,7981359,Women,21,11/04/2022,Delivered,Amazon,J0044-TP-S,Top,S,1,INR,361,CHENNAI,600113,IN,FALSE
1378,405-7938814-1087509,7938814,Women,32,11/04/2022,Delivered,Amazon,JNE3666-TP-S,Top,S,1,INR,299,FARIDABAD,121006,IN,FALSE
1379,171-5730087-9741116,5730087,Women,54,11/04/2022,Delivered,Myntra,SET273-KR-NP-XS,Set,XS,1,INR,612,CUTTACK,753014,IN,FALSE
1380,171-1008629-5178746,1008629,Women,19,11/04/2022,Delivered,Myntra,JNE3510-KR-S,kurta,S,1,INR,424,CUNCOLIM,403703,IN,FALSE
1381,407-1528185-7186758,1528185,Men,36,11/04/2022,Delivered,Nalli,J0335-DR-L,Western Dress,L,1,INR,807,BENGALURU,560084,IN,FALSE
1382,408-1908576-3189123,1908576,Women,46,11/04/2022,Delivered,Amazon,JNE3465-KR-XL,kurta,XL,1,INR,491,HYDERABAD,500019,IN,FALSE
1383,408-8035303-1545928,8035303,Men,26,11/04/2022,Delivered,Amazon,JNE3798-KR-XXXL,Western Dress,3XL,1,INR,771,Jamshedpur,831004,IN,FALSE
1384,407-9696755-1240327,9696755,Women,31,11/04/2022,Delivered,Amazon,JNE3421-KR-L,kurta,L,1,INR,349,Kanpur,208016,IN,FALSE
1385,402-1679192-6240356,1679192,Women,64,11/04/2022,Delivered,Myntra,JNE3609-KR-XXXL,kurta,3XL,1,INR,568,CHENNAI,600095,IN,FALSE
1386,408-1564787-5856337,1564787,Women,43,11/04/2022,Delivered,Amazon,JNE3510-KR-XXL,kurta,XXL,1,INR,442,PUNE,411058,IN,FALSE
1387,407-3896824-6146758,3896824,Women,75,11/04/2022,Delivered,Amazon,JNE3697-KR-XXL,kurta,XXL,1,INR,517,BIDHAN NAGAR,700064,IN,FALSE
1388,407-6528768-8929920,6528768,Women,44,11/04/2022,Cancelled,Amazon,JNE3425-KR-XL,kurta,XL,1,INR,333,MUMBAI,400093,IN,FALSE
1389,408-5099210-1165148,5099210,Women,22,11/04/2022,Cancelled,Amazon,SET271-KR-NP-S,Set,S,1,INR,895,HYDERABAD,500010,IN,FALSE
1390,171-6350746-9007558,6350746,Women,28,11/04/2022,Cancelled,Nalli,JNE1977-KR-237-XXL,kurta,XXL,1,INR,310,GODHRA,389001,IN,FALSE
1391,405-6139036-4994745,6139036,Women,66,11/04/2022,Delivered,Amazon,JNE3437-KR-L,kurta,L,1,INR,517,Nizamabad,503001,IN,FALSE
1392,406-6549790-6262739,6549790,Women,41,11/04/2022,Delivered,Others,J0239-SKD-M,Set,M,1,INR,1299,VISAKHAPATNAM,530002,IN,FALSE
1393,404-1912718-8415550,1912718,Men,30,11/04/2022,Delivered,Amazon,J0335-DR-XL,Western Dress,XL,1,INR,807,KOLKATA,700153,IN,FALSE
1394,404-2345765-1785110,2345765,Women,30,11/04/2022,Delivered,Myntra,SET333-KR-DPT-XS,Set,XS,1,INR,967,BARABANKI,225001,IN,FALSE
1395,171-9054821-6610735,9054821,Men,34,11/04/2022,Delivered,Ajio,SET251-KR-PP-M,Set,M,1,INR,759,KHATAULI,251201,IN,FALSE
1396,405-8065116-7629144,8065116,Men,51,11/04/2022,Delivered,Ajio,SET141-KR-NP-S,Set,S,1,INR,774,SATARA,415001,IN,FALSE
1397,408-2516921-3716311,2516921,Women,34,11/04/2022,Delivered,Amazon,SET378-KR-NP-L,Set,L,1,INR,1221,GREATER NOIDA,201306,IN,TRUE
1398,403-3759418-6709126,3759418,Women,40,11/04/2022,Delivered,Nalli,JNE3618-KR-M,kurta,M,1,INR,375,BANGALORE,560037,IN,FALSE
1399,408-4141277-0193956,4141277,Women,34,11/04/2022,Delivered,Amazon,JNE3813-KR-XXL,kurta,XXL,1,INR,627,BENGALURU,560064,IN,FALSE
1400,403-9333662-4662730,9333662,Women,49,11/04/2022,Delivered,Amazon,SET377-KR-NP-XXL,Set,XXL,1,INR,1036,NANDIVARAM GUDUVANCHERI,603202,IN,FALSE
1401,403-0771338-5988312,771338,Women,72,11/04/2022,Delivered,Amazon,JNE3365-KR-1052-A-XXL,kurta,XXL,1,INR,376,KARKAL,574110,IN,FALSE
1402,402-6544214-3573969,6544214,Women,33,11/04/2022,Returned,Meesho,JNE3838-KR-XXXL,kurta,3XL,1,INR,399,BENGALURU,560067,IN,FALSE
1403,406-9213513-4800327,9213513,Men,21,11/04/2022,Delivered,Flipkart,J0339-DR-XXL,Western Dress,XXL,1,INR,791,PUNE,411045,IN,FALSE
1404,405-0433643-1144349,433643,Women,71,11/04/2022,Delivered,Amazon,JNE3801-KR-XXXL,kurta,3XL,1,INR,724,BENGALURU,560072,IN,FALSE
1405,171-7430723-6787516,7430723,Men,67,11/04/2022,Delivered,Myntra,J0013-SKD-L,Set,L,1,INR,1099,CHENNAI,600061,IN,FALSE
1406,408-2912274-2522734,2912274,Men,53,11/04/2022,Delivered,Flipkart,JNE3423-KR-M,kurta,M,1,INR,435,NIZAMABAD,503002,IN,FALSE
1407,405-0023422-9779521,23422,Men,23,11/04/2022,Delivered,Flipkart,JNE3405-KR-S,kurta,S,1,INR,435,BERMO,829104,IN,FALSE
1408,408-7234922-1148318,7234922,Women,50,11/04/2022,Delivered,Amazon,J0003-SET-L,Set,L,1,INR,664,NEW DELHI,110025,IN,FALSE
1409,171-0490840-3053915,490840,Women,35,11/04/2022,Delivered,Myntra,SET389-KR-NP-XL,Set,XL,1,INR,680,Hyderabad,500089,IN,FALSE
1410,171-6516243-3492354,6516243,Women,35,11/04/2022,Delivered,Amazon,SET392-KR-NP-L,Set,L,1,INR,799,HARDOI,241001,IN,FALSE
1411,171-7222033-5792320,7222033,Men,25,11/04/2022,Delivered,Amazon,JNE3648-TP-N-XXL,Top,XXL,1,INR,518,AKOLA,444001,IN,FALSE
1412,403-4347680-3239550,4347680,Men,62,11/04/2022,Delivered,Myntra,J0134-SET-XS,Set,XS,1,INR,699,CUTTACK,754100,IN,FALSE
1413,171-6525563-8877103,6525563,Men,40,11/04/2022,Delivered,Ajio,J0341-DR-L,Western Dress,L,1,INR,885,AURANGABAD,824101,IN,FALSE
1414,405-3186738-7721118,3186738,Men,60,11/04/2022,Delivered,Others,J0139-KR-XL,kurta,XL,1,INR,399,GHAZIABAD,201017,IN,FALSE
1415,403-1826402-9435560,1826402,Men,35,11/04/2022,Delivered,Myntra,J0343-DR-M,Western Dress,M,1,INR,744,CHANGANACHERRY,686103,IN,FALSE
1416,406-6667637-9966753,6667637,Women,31,11/04/2022,Delivered,Meesho,SET247-KR-SHA-XS,Set,XS,1,INR,716,MUMBAI,400067,IN,FALSE
1417,406-8156230-5674718,8156230,Men,46,11/04/2022,Delivered,Amazon,J0301-TP-XXL,Top,XXL,1,INR,464,AHMEDABAD,380058,IN,FALSE
1418,171-1728497-2329143,1728497,Women,30,11/04/2022,Delivered,Others,J0041-SET-L,Set,L,1,INR,631,CHENNAI,600073,IN,FALSE
1419,407-1435458-1919510,1435458,Men,43,11/04/2022,Delivered,Others,SET144-KR-NP-S,Set,S,1,INR,788,New Delhi,110041,IN,FALSE
1420,406-6913365-0861962,6913365,Men,70,11/04/2022,Delivered,Ajio,J0339-DR-XS,Western Dress,XS,1,INR,776,ALLAHABAD,211008,IN,FALSE
1421,171-2993620-5828353,2993620,Women,29,11/04/2022,Delivered,Ajio,JNE3423-KR-S,kurta,S,1,INR,399,NEW DELHI,110019,IN,FALSE
1422,408-2359400-8260316,2359400,Men,39,11/04/2022,Delivered,Myntra,J0416-DR-M,Western Dress,M,1,INR,825,NAVI MUMBAI,400703,IN,FALSE
1423,406-1518551-8159546,1518551,Men,42,11/04/2022,Delivered,Myntra,JNE3797-KR-XL,Western Dress,XL,1,INR,735,PUNE,411038,IN,FALSE
1424,408-6485769-9061154,6485769,Women,44,11/04/2022,Delivered,Amazon,SET197-KR-NP-M,Set,M,1,INR,759,CHENNAI,600001,IN,FALSE
1425,404-2640683-8356316,2640683,Women,47,11/04/2022,Delivered,Amazon,JNE3468-KR-XXL,kurta,XXL,1,INR,352,MUMBAI,400093,IN,FALSE
1426,404-5332578-7605138,5332578,Women,51,11/04/2022,Delivered,Amazon,MEN5026-KR-L,kurta,L,1,INR,499,GREATER NOIDA,201310,IN,FALSE
1427,408-7565589-4918732,7565589,Men,49,11/04/2022,Delivered,Amazon,J0308-DR-M,Western Dress,M,1,INR,625,HYDERABAD,500072,IN,FALSE
1428,404-4011410-5805159,4011410,Women,65,11/04/2022,Cancelled,Myntra,JNE3431-KR-M,kurta,M,1,INR,333,COIMBATORE,641005,IN,FALSE
1429,407-7383664-4251535,7383664,Men,48,11/04/2022,Delivered,Amazon,SET233-KR-PP-S,Set,S,1,INR,529,Faridabad,121002,IN,FALSE
1430,407-8020405-7634731,8020405,Men,42,11/04/2022,Delivered,Amazon,J0236-SKD-L,Set,L,1,INR,922,FATEHPUR,332301,IN,FALSE
1431,402-8026142-9249964,8026142,Women,45,11/04/2022,Delivered,Amazon,JNE3440-KR-N-L,kurta,L,1,INR,379,THANE,400601,IN,FALSE
1432,403-4670066-5206731,4670066,Men,43,11/04/2022,Delivered,Amazon,SET197-KR-NP-M,Set,M,1,INR,759,MUMBAI,400043,IN,FALSE
1433,407-8441117-8985143,8441117,Men,18,11/04/2022,Delivered,Amazon,J0346-SET-XL,Set,XL,1,INR,474,BENGALURU,560008,IN,FALSE
1434,171-5347420-8465156,5347420,Women,45,11/04/2022,Delivered,Amazon,JNE3794-KR-L,kurta,L,1,INR,517,FARIDABAD,121010,IN,FALSE
1435,402-2135883-0929113,2135883,Women,24,11/04/2022,Delivered,Amazon,J0230-SKD-M,Set,M,1,INR,1319,SOHNA,122102,IN,FALSE
1436,408-4711899-6544333,4711899,Women,34,11/04/2022,Delivered,Amazon,MEN5009-KR-M,kurta,M,1,INR,499,GWALIOR,474005,IN,FALSE
1437,402-1353336-2743504,1353336,Women,70,11/04/2022,Delivered,Flipkart,JNE3405-KR-S,kurta,S,1,INR,399,Kolkata,700014,IN,FALSE
1438,407-2333018-0219523,2333018,Men,60,11/04/2022,Delivered,Amazon,JNE3869-DR-XXXL,Western Dress,3XL,1,INR,721,Kanchipuram,603210,IN,FALSE
1439,402-7346638-7916354,7346638,Men,29,11/04/2022,Delivered,Myntra,JNE3797-KR-A-L,Western Dress,L,1,INR,725,BENGALURU,560068,IN,FALSE
1440,404-8672033-7928356,8672033,Women,30,11/04/2022,Delivered,Flipkart,JNE3432-KR-M,kurta,M,1,INR,432,ASANSOL,713302,IN,FALSE
1441,408-9222012-8687508,9222012,Women,44,11/04/2022,Delivered,Myntra,JNE3691-TU-XXL,Top,XXL,1,INR,690,BENGALURU,560070,IN,FALSE
1442,404-2256348-5508312,2256348,Men,32,11/04/2022,Delivered,Meesho,SET285-KR-SHA-XXXL,Set,3XL,1,INR,499,UJJAIN,456010,IN,FALSE
1443,171-7378656-4945136,7378656,Men,40,11/04/2022,Delivered,Amazon,SET187-KR-DH-XL,Set,XL,1,INR,599,ERNAKULAM,682311,IN,FALSE
1444,404-0303558-0924362,303558,Women,42,11/04/2022,Delivered,Amazon,JNE3611-KR-XXL,kurta,XXL,1,INR,459,HYDERABAD,500049,IN,FALSE
1445,406-8358105-5972367,8358105,Women,44,11/04/2022,Cancelled,Myntra,SET277-KR-NP-XL,Set,XL,1,INR,1338,Gurugram,122102,IN,FALSE
1446,407-3023807-2244342,3023807,Men,21,11/04/2022,Delivered,Amazon,SET265-KR-NP-S,Set,S,1,INR,877,GADAG BETIGERI,582101,IN,FALSE
1447,402-8951738-8744317,8951738,Women,28,11/04/2022,Delivered,Meesho,NW001-TP-PJ-XXL,Set,XXL,1,INR,523,SHIMLA,171005,IN,FALSE
1448,402-8951738-8744317,8951738,Women,65,11/04/2022,Delivered,Amazon,MEN5025-KR-L,kurta,L,1,INR,547,NEW DELHI,110063,IN,FALSE
1449,406-6421898-2702741,6421898,Women,41,11/04/2022,Delivered,Myntra,SET378-KR-NP-XXXL,Set,3XL,1,INR,1245,HYDERABAD,500090,IN,FALSE
1450,406-0366316-9300365,366316,Men,66,11/04/2022,Delivered,Amazon,SET348-KR-NP-XXXL,Set,3XL,1,INR,899,JAIPUR,302033,IN,FALSE
1451,408-0881227-1909157,881227,Women,23,11/04/2022,Delivered,Flipkart,JNE3440-KR-N-XS,kurta,XS,1,INR,422,CHENNAI,600010,IN,FALSE
1452,407-3188067-2032310,3188067,Women,29,11/04/2022,Delivered,Myntra,J0252-SKD-L,Set,L,1,INR,899,NEW DELHI,110092,IN,FALSE
1453,402-3062922-7386738,3062922,Women,37,11/04/2022,Delivered,Meesho,JNE3886-KR-XXL,kurta,XXL,1,INR,510,Thane,400615,IN,FALSE
1454,171-9851273-1489902,9851273,Women,46,11/04/2022,Delivered,Meesho,J0248-KR-DPT-XXL,Set,XXL,1,INR,828,Hyderabad,500023,IN,FALSE
1455,408-1252191-5613126,1252191,Women,60,11/04/2022,Delivered,Myntra,SET333-KR-DPT-XS,Set,XS,1,INR,967,RAJKOT,360005,IN,FALSE
1456,404-0801054-7823531,801054,Men,38,11/04/2022,Delivered,Nalli,J0003-SET-S,Set,S,1,INR,664,BANGALORE,560070,IN,FALSE
1457,404-7262078-0821950,7262078,Men,43,11/04/2022,Delivered,Myntra,SET374-KR-NP-M,Set,M,1,INR,636,ALLAHABAD,211006,IN,FALSE
1458,407-6529033-8467555,6529033,Women,26,11/04/2022,Delivered,Flipkart,NW034-TP-PJ-XXL,Set,XXL,1,INR,613,HYDERABAD,500044,IN,FALSE
1459,406-8454722-9951509,8454722,Men,30,11/04/2022,Delivered,Meesho,NW005-ST-PJ-XXL,Set,XXL,1,INR,599,ARRAH,802301,IN,FALSE
1460,403-8944992-1995506,8944992,Women,36,11/04/2022,Delivered,Amazon,JNE3160-KR-G-L,kurta,L,1,INR,749,GUNTUR,522006,IN,FALSE
1461,402-7298767-9017923,7298767,Women,33,11/04/2022,Delivered,Myntra,J0002-SKD-S,Set,S,1,INR,1186,TALEGAON DABHADE,410506,IN,FALSE
1462,406-1642344-8681967,1642344,Men,31,11/04/2022,Delivered,Others,J0013-SKD-M,Set,M,1,INR,1099,ALLAHABAD,211001,IN,FALSE
1463,407-3289271-0591501,3289271,Women,41,11/04/2022,Delivered,Amazon,SET265-KR-NP-L,Set,L,1,INR,846,Thanjavur,613006,IN,FALSE
1464,408-0224438-4410712,224438,Men,29,11/04/2022,Delivered,Amazon,SET324-KR-NP-M,Set,M,1,INR,607,NOIDA,201304,IN,FALSE
1465,404-1154525-5590710,1154525,Women,29,11/04/2022,Returned,Myntra,SET397-KR-NP  -M,Set,M,1,INR,969,PALGHAR,401404,IN,FALSE
1466,404-8669517-8398769,8669517,Women,47,11/04/2022,Delivered,Flipkart,JNE3817-KR-XS,kurta,XS,1,INR,449,TINSUKIA,786125,IN,FALSE
1467,406-4894136-3187553,4894136,Women,56,11/04/2022,Delivered,Flipkart,JNE3623-KR-M,kurta,M,1,INR,362,PATIALA,147003,IN,FALSE
1468,404-6441994-0926721,6441994,Women,51,11/04/2022,Delivered,Amazon,MEN5032-KR-XL,kurta,XL,1,INR,562,BENGALURU,560028,IN,FALSE
1469,407-3857140-4855515,3857140,Women,39,11/04/2022,Delivered,Meesho,SET374-KR-NP-M,Set,M,1,INR,666,PUNE,411057,IN,FALSE
1470,405-1461081-8011538,1461081,Women,65,11/04/2022,Delivered,Flipkart,SET385-KR-NP-XXXL,Set,3XL,1,INR,599,SOUTH DELHI,110017,IN,FALSE
1471,403-7515163-6761163,7515163,Women,66,11/04/2022,Delivered,Meesho,SET357-KR-NP-L,Set,L,1,INR,771,BHUBANESWAR,751003,IN,FALSE
1472,403-0584759-6017139,584759,Women,19,11/04/2022,Delivered,Amazon,JNE3518-KR-L,kurta,L,1,INR,458,GURUGRAM,122002,IN,FALSE
1473,403-5237450-0177141,5237450,Women,21,11/04/2022,Delivered,Flipkart,JNE3790-KR-XXL,kurta,XXL,1,INR,301,BENGALURU,560032,IN,FALSE
1474,406-5008235-5143521,5008235,Men,48,11/04/2022,Delivered,Flipkart,SET397-KR-NP-XS,Set,XS,1,INR,979,CHENNAI,600094,IN,FALSE
1475,407-6214589-9425930,6214589,Men,44,11/04/2022,Delivered,Amazon,JNE3860-DR-XXXL,Western Dress,3XL,1,INR,614,MUZAFFARNAGAR,251001,IN,FALSE
1476,403-3465545-9609165,3465545,Men,53,11/04/2022,Delivered,Amazon,SET288-KR-NP-S,Set,S,1,INR,650,CALAPOR,403005,IN,FALSE
1477,404-0390677-9835569,390677,Women,44,11/04/2022,Delivered,Ajio,SET264-KR-NP-XXXL,Set,3XL,1,INR,824,SARDARSHAHAR,331403,IN,FALSE
1478,406-3680107-7864353,3680107,Women,49,11/04/2022,Delivered,Flipkart,JNE3612-KR-L,kurta,L,1,INR,417,MARGAO,403601,IN,FALSE
1479,406-2033412-3428322,2033412,Women,40,11/04/2022,Delivered,Nalli,JNE3399-KR-M,kurta,M,1,INR,435,MUVATTUPUZHA,686673,IN,FALSE
1480,407-1477283-7097144,1477283,Women,39,11/04/2022,Delivered,Amazon,SET380-KR-NP-XXXL,Set,3XL,1,INR,995,VIJAYAWADA,520015,IN,FALSE
1481,404-0988834-5309963,988834,Women,67,11/04/2022,Delivered,Amazon,SET291-KR-PP-XXL,Set,XXL,1,INR,563,ANANDPUR SAHIB,140117,IN,FALSE
1482,408-4583329-2648319,4583329,Women,24,11/04/2022,Cancelled,Ajio,SET374-KR-NP-S,Set,S,1,INR,589,Vikarabad,501101,IN,FALSE
1483,406-8936832-7080327,8936832,Men,27,11/04/2022,Returned,Amazon,SET388-KR-NP-S,Set,S,1,INR,1499,gorakhpur,273008,IN,FALSE
1484,406-9911191-2496369,9911191,Women,66,11/04/2022,Delivered,Flipkart,JNE3703-KR-L,kurta,L,1,INR,316,BENGALURU,560068,IN,FALSE
1485,171-7773738-6873157,7773738,Men,41,11/04/2022,Delivered,Flipkart,J0208-DR-S,Western Dress,S,1,INR,605,GHAZIABAD,201014,IN,FALSE
1486,405-9652389-5037110,9652389,Women,24,11/04/2022,Delivered,Amazon,JNE3468-KR-S,kurta,S,1,INR,399,NOIDA,201305,IN,FALSE
1487,406-3312546-5081907,3312546,Men,29,11/04/2022,Delivered,Myntra,SET330-KR-PP-M,Set,M,1,INR,560,RANGPO,737136,IN,FALSE
1488,171-4251045-7058753,4251045,Women,44,11/04/2022,Delivered,Amazon,JNE3724-KR-L,kurta,L,1,INR,484,CHENNAI,600063,IN,FALSE
1489,403-7485773-0954712,7485773,Women,36,11/04/2022,Delivered,Amazon,J0381-SKD-S,Set,S,1,INR,1221,SHIMLA,171003,IN,FALSE
1490,408-0986501-7261937,986501,Women,51,11/04/2022,Delivered,Flipkart,J0236-SKD-XL,Set,XL,1,INR,949,HYDERABAD,500072,IN,FALSE
1491,403-3791898-1168357,3791898,Women,57,11/04/2022,Delivered,Myntra,J0301-TP-XXXL,Top,3XL,1,INR,464,BHUBANESWAR,752054,IN,FALSE
1492,406-6685863-8898746,6685863,Women,40,11/04/2022,Returned,Amazon,JNE3609-KR-XXXL,kurta,3XL,1,INR,568,LAKHIMPUR Kheri,262701,IN,FALSE
1493,402-0345867-3597105,345867,Women,28,11/04/2022,Returned,Amazon,SET386-KR-NP-M,Set,M,1,INR,599,KHAMBHAT,388620,IN,FALSE
1494,171-6911000-1977146,6911000,Women,31,11/04/2022,Delivered,Myntra,SAR002,Saree,Free,1,INR,1271,GWALIOR,474011,IN,FALSE
1495,406-8893631-9381900,8893631,Men,37,11/04/2022,Delivered,Flipkart,JNE3797-KR-S,Western Dress,S,1,INR,735,BENGALURU,560037,IN,FALSE
1496,405-6796932-0639547,6796932,Women,25,11/04/2022,Delivered,Flipkart,J0124-TP-XS,Top,XS,1,INR,523,NEW DELHI,110075,IN,FALSE
1497,405-6796932-0639547,6796932,Men,23,11/04/2022,Delivered,Nalli,J0201-TP-M,Top,M,1,INR,625,JAIPUR,302020,IN,FALSE
1498,405-0271059-1293107,271059,Men,26,11/04/2022,Delivered,Myntra,JNE3669-TU-XXXL,Top,3XL,1,INR,869,NOIDA,201301,IN,FALSE
1499,405-0271059-1293107,271059,Men,30,11/04/2022,Delivered,Amazon,JNE3680-TU-M,Top,M,1,INR,574,BENGALURU,560033,IN,FALSE
1500,405-0271059-1293107,271059,Men,34,11/04/2022,Delivered,Nalli,JNE3674-TU-L,Top,L,1,INR,540,GURUGRAM,122001,IN,FALSE
1501,405-0271059-1293107,271059,Men,19,11/04/2022,Delivered,Myntra,J0209-DR-XL,Ethnic Dress,XL,1,INR,1229,GHAZIABAD,201005,IN,FALSE
1502,405-0271059-1293107,271059,Men,36,11/04/2022,Delivered,Amazon,JNE3665-TP-XL,Top,XL,1,INR,493,MUMBAI,400072,IN,FALSE
1503,408-5064895-2625909,5064895,Men,46,11/04/2022,Delivered,Myntra,PJNE3252-KR-N-5XL,kurta,5XL,1,INR,599,MIRYALAGUDA,508207,IN,FALSE
1504,408-3798702-4595521,3798702,Men,47,11/04/2022,Delivered,Amazon,PJNE3364-KR-5XL,kurta,5XL,1,INR,836,NAGPUR,440037,IN,FALSE
1505,405-4107684-2759554,4107684,Men,64,11/04/2022,Delivered,Amazon,JNE3440-KR-N-L,kurta,L,1,INR,399,HALDIA,721645,IN,FALSE
1506,405-3572419-8898708,3572419,Men,74,11/04/2022,Delivered,Amazon,SET388-KR-NP-XXXL,Set,3XL,1,INR,1299,VIJAPURA,586101,IN,FALSE
1507,404-7685627-5473113,7685627,Women,27,11/04/2022,Delivered,Myntra,J0334-TP-M,Top,M,1,INR,549,KADUR,577548,IN,FALSE
1508,405-4362268-3301143,4362268,Women,23,11/04/2022,Delivered,Flipkart,SET374-KR-NP-L,Set,L,1,INR,666,HYDERABAD,500054,IN,FALSE
1509,404-6435955-3158734,6435955,Women,51,11/04/2022,Delivered,Amazon,JNE3640-TP-N-S,Top,S,1,INR,499,KALYAN,421301,IN,FALSE
1510,171-7448214-1616361,7448214,Women,19,11/04/2022,Delivered,Flipkart,SET243-KR-PP-L,Set,L,1,INR,534,HYDERABAD,500013,IN,FALSE
1511,403-9969448-7918748,9969448,Women,77,11/04/2022,Delivered,Ajio,SET355-KR-PP-XS,Set,XS,1,INR,1399,HYDERABAD,500037,IN,FALSE
1512,402-6359995-5072333,6359995,Men,37,11/04/2022,Delivered,Flipkart,BTM036-PP-L,Bottom,L,1,INR,377,BENGALURU,560011,IN,FALSE
1513,402-6359995-5072333,6359995,Men,35,11/04/2022,Cancelled,Flipkart,BTM033-NP-XXL,Bottom,XXL,1,INR,297,VADODARA,390020,IN,FALSE
1514,171-6597399-7582729,6597399,Men,23,11/04/2022,Delivered,Ajio,J0014-LCD-L,Set,L,1,INR,1199,LUCKNOW,226018,IN,FALSE
1515,405-5356391-0888357,5356391,Women,25,11/04/2022,Delivered,Amazon,MEN5013-KR-XL,kurta,XL,1,INR,499,PUNE,411062,IN,FALSE
1516,405-5356391-0888357,5356391,Women,23,11/04/2022,Delivered,Myntra,MEN5009-KR-L,kurta,L,1,INR,499,MUMBAI,400068,IN,FALSE
1517,402-6382929-0089967,6382929,Women,59,11/04/2022,Delivered,Amazon,SET268-KR-NP-XS,Set,XS,1,INR,788,NEW DELHI,110091,IN,FALSE
1518,404-4133616-6510719,4133616,Women,34,11/04/2022,Delivered,Flipkart,PJNE2100-KR-N-4XL,kurta,4XL,1,INR,452,VINDHYA NAGAR NTPC TOWNSHIP,486888,IN,FALSE
1519,171-2288474-6174729,2288474,Men,42,11/04/2022,Delivered,Amazon,SET345-KR-NP-M,Set,M,1,INR,641,Lakhimpur,262701,IN,FALSE
1520,407-5308365-9333954,5308365,Women,23,11/04/2022,Delivered,Flipkart,JNE3665-TP-XL,Top,XL,1,INR,493,VADODARA,390009,IN,FALSE
1521,407-3359583-8657937,3359583,Women,76,11/04/2022,Delivered,Myntra,SET397-KR-NP-S,Set,S,1,INR,1186,PUNE,411060,IN,FALSE
1522,403-4652998-4217920,4652998,Men,24,11/04/2022,Delivered,Myntra,SET264-KR-NP-L,Set,L,1,INR,824,PATHANAMTHITTA,689501,IN,FALSE
1523,171-0193674-5397974,193674,Women,39,11/04/2022,Delivered,Amazon,SET386-KR-NP-XL,Set,XL,1,INR,581,DOHAD,389151,IN,FALSE
1524,171-6183438-2882702,6183438,Men,32,11/04/2022,Delivered,Ajio,SET386-KR-NP-XXL,Set,XXL,1,INR,699,MOHALI,160059,IN,FALSE
1525,406-9541623-4533155,9541623,Women,32,11/04/2022,Delivered,Amazon,SET154-KR-NP-L,Set,L,1,INR,832,BENGALURU,560102,IN,FALSE
1526,407-1537228-7748360,1537228,Women,47,11/04/2022,Delivered,Myntra,SET334-KR-NP-XXL,Set,XXL,1,INR,666,KOTTAYAM,686613,IN,FALSE
1527,404-9462272-0106738,9462272,Women,52,11/04/2022,Delivered,Amazon,JNE3638-KR-L,kurta,L,1,INR,517,BENGALURU,560075,IN,FALSE
1528,404-1453043-8105162,1453043,Men,77,11/04/2022,Delivered,Amazon,SET324-KR-NP-M,Set,M,1,INR,635,BENGALURU,560017,IN,FALSE
1529,171-2894896-0829140,2894896,Men,72,11/04/2022,Delivered,Myntra,SET355-KR-PP-S,Set,S,1,INR,1192,THIRUVANANTHAPURAM,695504,IN,FALSE
1530,408-4224057-4833140,4224057,Men,23,11/04/2022,Delivered,Amazon,JNE3797-KR-S,Western Dress,S,1,INR,735,JODHPUR,342008,IN,FALSE
1531,171-3637560-6011516,3637560,Men,67,11/04/2022,Delivered,Flipkart,J0003-SET-XXXL,Set,3XL,1,INR,655,BILASPUR,495001,IN,FALSE
1532,403-1352141-9130751,1352141,Women,43,11/04/2022,Returned,Amazon,MEN5018-KR-XXL,kurta,XXL,1,INR,655,LUCKNOW,226028,IN,FALSE
1533,402-5813082-6256358,5813082,Women,64,11/04/2022,Returned,Flipkart,JNE3560-KR-XL,kurta,XL,1,INR,487,GURUGRAM,122003,IN,FALSE
1534,402-0894007-8680326,894007,Men,36,11/04/2022,Delivered,Myntra,SET374-KR-NP-L,Set,L,1,INR,666,CHENNAI,600128,IN,FALSE
1535,404-0465764-3426704,465764,Men,46,11/04/2022,Delivered,Amazon,SET388-KR-NP-L,Set,L,1,INR,1233,LEH,194101,IN,FALSE
1536,405-7376929-8431531,7376929,Men,25,11/04/2022,Delivered,Myntra,J0341-DR-L,Western Dress,L,1,INR,1168,LUDHIANA,141001,IN,FALSE
1537,403-6661351-9453959,6661351,Men,70,11/04/2022,Delivered,Flipkart,J0341-DR-S,Western Dress,S,1,INR,885,East Godavari,533221,IN,FALSE
1538,171-7910592-4027504,7910592,Women,37,11/04/2022,Delivered,Flipkart,JNE3837-KR-M,kurta,M,1,INR,533,BENGALURU,560022,IN,FALSE
1539,408-5104847-3122755,5104847,Women,46,11/04/2022,Delivered,Myntra,J0160-TP-L,Top,L,1,INR,352,MYSURU,570023,IN,FALSE
1540,405-1466365-1742736,1466365,Men,43,11/04/2022,Cancelled,Myntra,J0339-DR-L,Western Dress,L,1,INR,744,BENGALURU,560016,IN,FALSE
1541,406-3705877-1440321,3705877,Men,36,11/04/2022,Delivered,Myntra,J0341-DR-S,Western Dress,S,1,INR,842,KOLAR,563101,IN,FALSE
1542,406-3064916-4566740,3064916,Women,44,11/04/2022,Delivered,Amazon,J0230-SKD-M,Set,M,1,INR,1112,BENGALURU,560017,IN,FALSE
1543,402-5730171-4461904,5730171,Women,42,11/04/2022,Delivered,Amazon,SET098-KR-PP-M,Set,M,1,INR,696,GURUGRAM,122017,IN,FALSE
1544,404-5008674-0541137,5008674,Men,38,11/04/2022,Delivered,Ajio,JNE3800-KR-XXXL,Western Dress,3XL,1,INR,735,KAYAMKULAM,690502,IN,FALSE
1545,171-5329056-1935521,5329056,Men,20,11/04/2022,Returned,Amazon,J0244-SKD-M,Set,M,1,INR,1174,GUNTUR,522007,IN,FALSE
1546,402-9071801-7321147,9071801,Women,44,11/04/2022,Delivered,Myntra,JNE3564-KR-XL,kurta,XL,1,INR,487,GUNTUR,522006,IN,FALSE
1547,407-0254956-0204378,254956,Men,75,11/04/2022,Delivered,Ajio,JNE3800-KR-L,Western Dress,L,1,INR,735,MUMBAI,400052,IN,FALSE
1548,402-1522564-9974760,1522564,Men,29,11/04/2022,Delivered,Meesho,SET386-KR-NP-S,Set,S,1,INR,599,hoshiarpur,146001,IN,FALSE
1549,402-6029952-7326765,6029952,Women,42,11/04/2022,Delivered,Amazon,SET383-KR-NP-XS,Set,XS,1,INR,631,TANAKPUR,262309,IN,FALSE
1550,406-7454120-0577940,7454120,Men,25,11/04/2022,Delivered,Myntra,J0005-DR-L,Western Dress,L,1,INR,899,JALGAON,425001,IN,FALSE
1551,408-9528462-6373103,9528462,Men,29,11/04/2022,Delivered,Amazon,SET374-KR-NP-L,Set,L,1,INR,589,THIRUVANANTHAPURAM,695024,IN,FALSE
1552,171-5127854-9868331,5127854,Men,23,11/04/2022,Delivered,Myntra,J0399-DR-L,Western Dress,L,1,INR,791,MOHALI,160062,IN,FALSE
1553,171-8690203-8305108,8690203,Men,37,11/04/2022,Delivered,Myntra,SET128-KR-DH-S,Set,S,1,INR,921,AHMEDABAD,382481,IN,FALSE
1554,405-7352987-7841152,7352987,Men,49,11/04/2022,Delivered,Flipkart,J0012-SKD-M,Set,M,1,INR,1140,Haldwani,263139,IN,FALSE
1555,403-4024641-1322716,4024641,Men,38,11/04/2022,Delivered,Myntra,J0164-DR-S,Ethnic Dress,S,1,INR,373,BENGALURU,560068,IN,FALSE
1556,403-4024641-1322716,4024641,Women,20,11/04/2022,Delivered,Amazon,JNE3716-KR-M,kurta,M,1,INR,406,CHAMBA,176310,IN,FALSE
1557,407-5527376-6269119,5527376,Women,30,11/04/2022,Delivered,Amazon,JNE3776-KR-XXXL,kurta,3XL,1,INR,280,BENGALURU,560006,IN,FALSE
1558,407-1689926-8825916,1689926,Women,20,11/04/2022,Delivered,Nalli,JNE2153-KR-278-A-M,kurta,M,1,INR,420,New Delhi,110076,IN,FALSE
1559,407-1689926-8825916,1689926,Women,40,11/04/2022,Refunded,Meesho,JNE3782-KR-XXXL,kurta,3XL,1,INR,487,Noida,201301,IN,TRUE
1560,408-1214329-1764333,1214329,Men,29,11/04/2022,Delivered,Myntra,SET265-KR-NP-XL,Set,XL,1,INR,888,BENGALURU,560048,IN,FALSE
1561,408-1917148-0465940,1917148,Women,24,11/04/2022,Delivered,Flipkart,JNE3364-KR-1051-A-M,kurta,M,1,INR,382,SECUNDERABAD,500011,IN,FALSE
1562,171-4255852-0009923,4255852,Men,22,11/04/2022,Delivered,Myntra,JNE3797-KR-L,Western Dress,L,1,INR,735,BEAWAR,305901,IN,FALSE
1563,404-2130734-0213928,2130734,Men,29,11/04/2022,Delivered,Myntra,J0341-DR-S,Western Dress,S,1,INR,791,SONIPAT,131001,IN,FALSE
1564,405-6422036-5284303,6422036,Women,66,11/04/2022,Delivered,Myntra,SET374-KR-NP-L,Set,L,1,INR,626,CHENNAI,600106,IN,FALSE
1565,403-3810130-8379540,3810130,Men,49,11/04/2022,Delivered,Amazon,J0341-DR-S,Western Dress,S,1,INR,791,PUNE,411038,IN,FALSE
1566,402-8232938-3360348,8232938,Women,27,11/04/2022,Delivered,Flipkart,JNE3691-TU-XXXL,Top,3XL,1,INR,956,PUNE,411038,IN,FALSE
1567,404-2340810-1736305,2340810,Men,33,11/04/2022,Delivered,Myntra,SET264-KR-NP-XXL,Set,XXL,1,INR,824,MUMBAI,400012,IN,FALSE
1568,407-2622360-7158724,2622360,Men,24,11/04/2022,Delivered,Amazon,SET374-KR-NP-M,Set,M,1,INR,635,VARKALA,695141,IN,FALSE
1569,407-2622360-7158724,2622360,Men,40,11/04/2022,Delivered,Flipkart,SET171-KR-NP-M,Set,M,1,INR,792,NEW DELHI,110024,IN,FALSE
1570,403-8745417-4133907,8745417,Women,42,11/04/2022,Delivered,Flipkart,JNE3757-KR-M,kurta,M,1,INR,487,BENGALURU,560085,IN,FALSE
1571,407-2636623-7864339,2636623,Men,27,11/04/2022,Delivered,Flipkart,JNE3797-KR-XS,Western Dress,XS,1,INR,725,KADUNGALLOOR,683511,IN,FALSE
1572,408-2912749-1101156,2912749,Women,20,11/04/2022,Delivered,Flipkart,JNE3404-KR-M,kurta,M,1,INR,481,KOLKATA,700082,IN,FALSE
1573,403-8576837-5411540,8576837,Women,24,11/04/2022,Delivered,Myntra,SET433-KR-NP-M,Set,M,1,INR,560,KAWARDHA,491995,IN,FALSE
1574,402-6099075-4482704,6099075,Women,22,11/04/2022,Delivered,Ajio,JNE3645-TP-N-XXL,Top,XXL,1,INR,460,PIMPRI CHINCHWAD,411027,IN,FALSE
1575,408-0012002-3582747,12002,Women,54,11/04/2022,Cancelled,Amazon,JNE3468-KR-S,kurta,S,1,INR,387,NEW DELHI,110080,IN,FALSE
1576,405-0864248-6775548,864248,Women,47,11/04/2022,Delivered,Myntra,MEN5004-KR-XXXL,kurta,3XL,1,INR,480,PIMPRI CHINCHWAD,411033,IN,FALSE
1577,405-8545650-4021957,8545650,Women,53,11/04/2022,Delivered,Amazon,MEN5012-KR-XXXL,kurta,3XL,1,INR,635,JAMSHEDPUR,831011,IN,FALSE
1578,402-7194626-3409907,7194626,Men,51,11/04/2022,Delivered,Ajio,SET327-KR-DPT-XXL,Set,XXL,1,INR,999,BHIWADI,301019,IN,FALSE
1579,404-4744505-1597122,4744505,Men,56,11/04/2022,Delivered,Amazon,SET144-KR-NP-L,Set,L,1,INR,788,BHUBANESWAR,751030,IN,FALSE
1580,171-8436761-4601101,8436761,Women,34,11/04/2022,Delivered,Myntra,JNE3665-TP-M,Top,M,1,INR,512,Greater Noida West,201306,IN,FALSE
1581,406-2295229-5043549,2295229,Women,38,11/04/2022,Delivered,Amazon,SET295-KR-NP-M,Set,M,1,INR,747,HYDERABAD,500049,IN,FALSE
1582,403-8622153-6231561,8622153,Men,39,11/04/2022,Delivered,Nalli,SET386-KR-NP-XL,Set,XL,1,INR,631,NEW DELHI,110014,IN,FALSE
1583,403-7005637-3770718,7005637,Men,34,11/04/2022,Delivered,Flipkart,J0008-SKD-L,Set,L,1,INR,1075,BENGALURU,560054,IN,FALSE
1584,171-5893391-0276335,5893391,Men,41,11/04/2022,Delivered,Amazon,SET386-KR-NP-M,Set,M,1,INR,699,MOHALI,140301,IN,FALSE
1585,171-3504363-6025953,3504363,Men,72,11/04/2022,Delivered,Ajio,J0076-SET-S,Set,S,1,INR,468,BENGALURU,560003,IN,FALSE
1586,408-1410569-7136300,1410569,Men,26,11/04/2022,Delivered,Amazon,SET183-KR-DH-XXXL,Set,3XL,1,INR,759,MUMBAI,400091,IN,FALSE
1587,171-7024719-0150757,7024719,Men,23,11/04/2022,Delivered,Ajio,SET319-KR-NP-S,Set,S,1,INR,835,BENGALURU,562125,IN,FALSE
1588,402-9692614-4826725,9692614,Women,53,11/04/2022,Delivered,Myntra,JNE3553-KR-XL,kurta,XL,1,INR,517,BENGALURU,560102,IN,FALSE
1589,171-7142951-0615537,7142951,Women,23,11/04/2022,Delivered,Flipkart,J0354-KR-XL,kurta,XL,1,INR,597,NOIDA,201307,IN,FALSE
1590,404-8593898-3412341,8593898,Women,47,11/04/2022,Delivered,Flipkart,MEN5021-KR-L,kurta,L,1,INR,754,PUNE,411008,IN,FALSE
1591,405-5144822-9645938,5144822,Men,48,11/04/2022,Delivered,Amazon,JNE3800-KR-A-XL,Western Dress,XL,1,INR,725,Kozhikode,673571,IN,FALSE
1592,402-6421517-3904338,6421517,Women,58,11/04/2022,Delivered,Amazon,SET377-KR-NP-XXXL,Set,3XL,1,INR,1068,BALAGHAT,481001,IN,FALSE
1593,403-6810474-7913926,6810474,Women,41,11/04/2022,Delivered,Myntra,JNE3856-KR-XXXL,kurta,3XL,1,INR,666,HYDERABAD,500049,IN,FALSE
1594,171-2245202-8545166,2245202,Women,21,11/04/2022,Delivered,Amazon,JNE3837-KR-XXXL,kurta,3XL,1,INR,635,KAKINADA,533003,IN,FALSE
1595,407-0567706-0801965,567706,Men,29,11/04/2022,Delivered,Flipkart,SET183-KR-DH-XL,Set,XL,1,INR,759,SANGAMNER,422605,IN,FALSE
1596,405-5182820-0264352,5182820,Women,37,11/04/2022,Delivered,Nalli,SET183-KR-DH-M,Set,M,1,INR,759,CUTTACK,753001,IN,FALSE
1597,408-8975764-3445954,8975764,Men,52,11/04/2022,Delivered,Myntra,BTM008-B-L,Bottom,L,1,INR,518,GOPALGANJ,841409,IN,FALSE
1598,407-0125464-9581144,125464,Men,18,11/04/2022,Cancelled,Myntra,SAR010,Saree,Free,1,INR,1338,DAMOH,470661,IN,FALSE
1599,406-7034120-7497121,7034120,Men,46,11/04/2022,Delivered,Amazon,J0301-TP-XL,Top,XL,1,INR,464,COIMBATORE,641035,IN,FALSE
1600,406-2280126-9637125,2280126,Men,32,11/04/2022,Delivered,Meesho,J0157-DR-XXL,Western Dress,XXL,1,INR,588,KRISHNAGIRI,635001,IN,FALSE
1601,405-1508326-6125968,1508326,Men,48,11/04/2022,Delivered,Flipkart,J0349-SET-XXXL,Set,3XL,1,INR,845,MUMBAI,400098,IN,FALSE
1602,405-3426769-7652368,3426769,Women,35,11/04/2022,Delivered,Flipkart,SET154-KR-NP-XL,Set,XL,1,INR,782,LUCKNOW,226020,IN,FALSE
1603,406-5414045-3294706,5414045,Men,41,11/04/2022,Delivered,Flipkart,JNE3837-KR-XXL,kurta,XXL,1,INR,533,LONI,201102,IN,FALSE
1604,171-7981476-6619501,7981476,Men,20,11/04/2022,Delivered,Amazon,J0117-TP-XXXL,Top,3XL,1,INR,487,PIMPRI CHINCHWAD,411027,IN,FALSE
1605,404-5089733-5874759,5089733,Women,43,11/04/2022,Refunded,Amazon,SET364-KR-NP-M,Set,M,1,INR,1126,KANPUR,208002,IN,FALSE
1606,171-8260419-4709164,8260419,Men,25,11/04/2022,Delivered,Amazon,MEN5026-KR-M,kurta,M,1,INR,499,GUWAHATI,781005,IN,FALSE
1607,405-9041898-9243542,9041898,Men,57,11/04/2022,Delivered,Others,JNE3647-TP-N-XS,Top,XS,1,INR,332,MADURAI,625003,IN,FALSE
1608,407-5857160-1281109,5857160,Women,49,11/04/2022,Delivered,Myntra,SET268-KR-NP-M,Set,M,1,INR,788,NEW DELHI,110015,IN,FALSE
1609,407-1210153-6277909,1210153,Men,30,11/04/2022,Cancelled,Flipkart,J0119-TP-XXXL,Top,3XL,1,INR,758,BHOPAL,462022,IN,FALSE
1610,405-8212181-4440365,8212181,Men,25,11/04/2022,Cancelled,Myntra,JNE3562-KR-L,kurta,L,1,INR,476,vijayawada,520007,IN,FALSE
1611,404-9398851-2487533,9398851,Men,27,11/04/2022,Delivered,Amazon,SET398-KR-PP-S,Set,S,1,INR,1115,MADHURAWADA,530048,IN,FALSE
1612,404-6745828-0474701,6745828,Women,74,11/04/2022,Delivered,Amazon,JNE3654-TP-M,Top,M,1,INR,371,BENGALURU,560100,IN,FALSE
1613,403-7120068-1339527,7120068,Men,40,11/04/2022,Delivered,Myntra,SET257-KR-PP-M,Set,M,1,INR,568,THANE,400615,IN,FALSE
1614,408-1625835-7636314,1625835,Women,24,11/04/2022,Delivered,Ajio,MEN5025-KR-XXXL,kurta,3XL,1,INR,533,GHAZIABAD,201010,IN,FALSE
1615,404-1671954-1337921,1671954,Women,36,11/04/2022,Delivered,Flipkart,JNE3437-KR-XXXL,kurta,3XL,1,INR,496,NASHIK,422010,IN,FALSE
1616,402-3848255-6274716,3848255,Women,65,11/04/2022,Delivered,Myntra,JNE2270-KR-487-A-M,kurta,M,1,INR,518,ASANSOL,713302,IN,FALSE
1617,405-3320548-4405903,3320548,Men,44,11/04/2022,Delivered,Myntra,SET291-KR-PP-M,Set,M,1,INR,569,CHENNAI,600066,IN,FALSE
1618,408-5880983-2516352,5880983,Men,36,11/04/2022,Cancelled,Amazon,J0158-DR-M,Western Dress,M,1,INR,1091,MANDI,175001,IN,FALSE
1619,406-1686653-3725103,1686653,Women,22,11/04/2022,Delivered,Flipkart,JNE3463-KR-XXXL,kurta,3XL,1,INR,550,MUZAFFARPUR,842002,IN,FALSE
1620,404-9484748-9408359,9484748,Women,34,11/04/2022,Delivered,Amazon,MEN5014-KR-S,kurta,S,1,INR,665,JAMMU,180004,IN,FALSE
1621,404-9484748-9408359,9484748,Women,62,11/04/2022,Delivered,Ajio,MEN5025-KR-XXL,kurta,XXL,1,INR,533,Risali BHILAI,490006,IN,FALSE
1622,407-5024323-9102722,5024323,Women,41,11/04/2022,Delivered,Amazon,SET364-KR-NP-S,Set,S,1,INR,1126,MALDA,732205,IN,FALSE
1623,405-1282122-0057153,1282122,Men,71,11/04/2022,Cancelled,Amazon,JNE3797-KR-A-M,Western Dress,M,1,INR,771,AHMEDABAD,380015,IN,FALSE
1624,407-6504432-3130742,6504432,Women,29,11/04/2022,Delivered,Myntra,SET374-KR-NP-M,Set,M,1,INR,635,SAHARSA,852201,IN,FALSE
1625,407-6504432-3130742,6504432,Men,29,11/04/2022,Delivered,Myntra,SET400-KR-NP-XXL,Set,XXL,1,INR,1068,Mumbai,400101,IN,FALSE
1626,407-2496084-2017114,2496084,Women,48,11/04/2022,Delivered,Flipkart,JNE3716-KR-L,kurta,L,1,INR,375,HYDERABAD,500072,IN,FALSE
1627,404-1788640-6681150,1788640,Women,30,11/04/2022,Delivered,Others,JNE3504-KR-L,kurta,L,1,INR,459,KALYAN west,421301,IN,FALSE
1628,405-7081127-4683544,7081127,Women,62,11/04/2022,Cancelled,Flipkart,JNE3429-KR-L,kurta,L,1,INR,299,BENGALURU,560066,IN,FALSE
1629,407-0355102-7050773,355102,Women,30,11/04/2022,Delivered,Amazon,MEN5032-KR-XL,kurta,XL,1,INR,797,JUNAGADH,362001,IN,FALSE
1630,404-7377348-4045125,7377348,Women,36,11/04/2022,Delivered,Amazon,JNE3838-KR-XXL,kurta,XXL,1,INR,399,HYDERABAD,500018,IN,FALSE
1631,405-8865419-7471553,8865419,Men,45,11/04/2022,Cancelled,Myntra,J0341-DR-L,Western Dress,L,1,INR,744,SHIVAMOGGA,577202,IN,FALSE
1632,405-8865419-7471553,8865419,Men,70,11/04/2022,Cancelled,Myntra,J0332-DR-XXL,Western Dress,XXL,1,INR,699,NOIDA,201301,IN,FALSE
1633,405-2756391-3461130,2756391,Men,33,11/04/2022,Delivered,Amazon,J0413-DR-XL,Western Dress,XL,1,INR,741,BENGALURU,560003,IN,FALSE
1634,403-2066357-8187533,2066357,Women,42,11/04/2022,Delivered,Myntra,BTM005-XXXL,Bottom,3XL,1,INR,518,INDORE,452001,IN,FALSE
1635,408-0298901-9473965,298901,Women,46,11/04/2022,Delivered,Myntra,JNE3405-KR-XXXL,kurta,3XL,1,INR,449,SHAHADA,425409,IN,FALSE
1636,405-8876490-7089100,8876490,Women,31,11/04/2022,Delivered,Others,JNE3567-KR-S,kurta,S,1,INR,459,MAHABUBABAD,506101,IN,FALSE
1637,171-8379023-9601117,8379023,Men,71,11/04/2022,Delivered,Amazon,J0396-DR-M,Western Dress,M,1,INR,859,DANKUNI,712311,IN,FALSE
1638,408-8648043-8640362,8648043,Men,35,11/04/2022,Delivered,Amazon,SET392-KR-NP-S,Set,S,1,INR,799,Raikal,505460,IN,FALSE
1639,408-6264083-4613142,6264083,Women,29,11/04/2022,Delivered,Myntra,JNE3697-KR-XXL,kurta,XXL,2,INR,972,PUNE,411022,IN,FALSE
1640,171-6889225-2918728,6889225,Women,28,11/04/2022,Delivered,Amazon,SET195-KR-NP-A-S,Set,S,1,INR,729,NEW DELHI,110018,IN,FALSE
1641,403-3304748-7990742,3304748,Men,40,11/04/2022,Delivered,Amazon,SET110-KR-PP-XL,Set,XL,1,INR,788,Chennai,600080,IN,FALSE
1642,406-3104311-3425925,3104311,Men,21,11/04/2022,Delivered,Flipkart,JNE3797-KR-XXL,Western Dress,XXL,1,INR,735,NOIDA,201307,IN,FALSE
1643,403-9487335-4870734,9487335,Women,19,11/04/2022,Delivered,Amazon,JNE3560-KR-XXL,kurta,XXL,1,INR,544,LUCKNOW,226010,IN,FALSE
1644,402-5289100-3363541,5289100,Women,41,11/04/2022,Delivered,Amazon,SET331-KR-NP-XXXL,Set,3XL,1,INR,635,MAVOOR,673008,IN,FALSE
1645,404-2113184-9657921,2113184,Women,38,11/04/2022,Delivered,Amazon,SET375-KR-NP-XXL,Set,XXL,1,INR,688,margao,403602,IN,FALSE
1646,408-4408446-1153122,4408446,Women,39,11/04/2022,Delivered,Amazon,MEN5012-KR-L,kurta,L,1,INR,499,GHAZIABAD,201012,IN,FALSE
1647,408-9796757-8480336,9796757,Women,31,11/04/2022,Delivered,Amazon,MEN5015-KR-XL,kurta,XL,1,INR,495,ROORKEE,247667,IN,FALSE
1648,403-9353192-4005956,9353192,Women,63,11/04/2022,Delivered,Ajio,MEN5009-KR-XXL,kurta,XXL,1,INR,484,GUWAHATI,781011,IN,FALSE
1649,403-9353192-4005956,9353192,Women,27,11/04/2022,Delivered,Amazon,MEN5018-KR-XXXL,kurta,3XL,1,INR,655,PATIALA,147001,IN,FALSE
1650,404-8838095-2518760,8838095,Women,33,11/04/2022,Cancelled,Amazon,MEN5013-KR-M,kurta,M,1,INR,499,DHARMADOM,670661,IN,FALSE
1651,404-9300843-7418756,9300843,Women,56,11/04/2022,Delivered,Myntra,JNE3636-KR-XXXL,kurta,3XL,1,INR,459,SOLAPUR,413002,IN,FALSE
1652,408-2048542-6305932,2048542,Women,35,11/04/2022,Delivered,Ajio,NW015-TP-PJ-XS,Set,XS,1,INR,539,CHAMPAWAT,262523,IN,FALSE
1653,402-4581062-6312341,4581062,Men,31,11/04/2022,Delivered,Others,SET360-KR-NP-L,Set,L,1,INR,1126,NEW DELHI,110045,IN,FALSE
1654,402-4581062-6312341,4581062,Women,48,11/04/2022,Delivered,Meesho,J0386-KR-L,kurta,L,1,INR,1369,HYDERABAD,500085,IN,FALSE
1655,407-5836993-3066706,5836993,Women,75,11/04/2022,Delivered,Myntra,J0244-SKD-XXXL,Set,3XL,1,INR,1174,DIMAPUR,797115,IN,FALSE
1656,405-1185374-5736352,1185374,Men,45,11/04/2022,Delivered,Nalli,SET197-KR-NP-XS,Set,XS,1,INR,759,PATNA,800016,IN,FALSE
1657,171-3803097-0906749,3803097,Women,36,11/04/2022,Cancelled,Myntra,JNE3431-KR-M,kurta,M,1,INR,333,MALAPPURAM P O,676505,IN,FALSE
1658,408-7997468-9610736,7997468,Women,19,11/04/2022,Delivered,Myntra,SET171-KR-NP-L,Set,L,1,INR,775,AHMADNAGAR,414001,IN,FALSE
1659,408-3538830-4777941,3538830,Men,19,11/04/2022,Delivered,Myntra,SET374-KR-NP-M,Set,M,1,INR,666,MUMBAI,400052,IN,FALSE
1660,408-8496647-5767503,8496647,Women,42,11/04/2022,Delivered,Myntra,MEN5032-KR-XXL,kurta,XXL,1,INR,579,CHANDIGARH,160009,IN,FALSE
1661,171-4736372-5729142,4736372,Men,20,11/04/2022,Delivered,Amazon,SET398-KR-PP-L,Set,L,1,INR,1186,IMPHAL,795004,IN,FALSE
1662,405-0215741-3407515,215741,Women,47,11/04/2022,Delivered,Myntra,JNE3560-KR-XL,kurta,XL,1,INR,487,MANNARKAD,678596,IN,FALSE
1663,171-0559701-4824312,559701,Women,41,11/04/2022,Delivered,Amazon,J0023-TP-XXL,Top,XXL,1,INR,399,VADODARA,390021,IN,FALSE
1664,408-7896782-2890711,7896782,Women,30,11/04/2022,Delivered,Flipkart,JNE3399-KR-XS,kurta,XS,1,INR,435,AIZAWL,796005,IN,FALSE
1665,402-9006850-7045158,9006850,Women,54,11/04/2022,Delivered,Amazon,JNE3405-KR-L,kurta,L,1,INR,399,LUDHIANA,141003,IN,FALSE
1666,402-7515893-5061906,7515893,Women,38,11/04/2022,Delivered,Myntra,SET155-KR-PP-XS,Set,XS,1,INR,446,NANDYAL,518502,IN,FALSE
1667,403-5127945-7699566,5127945,Women,38,11/04/2022,Delivered,Myntra,JNE3405-KR-XXXL,kurta,3XL,1,INR,449,PUNE,411038,IN,FALSE
1668,403-9639443-0036322,9639443,Women,37,11/04/2022,Delivered,Myntra,JNE3776-KR-M,kurta,M,1,INR,301,HODAL,121106,IN,FALSE
1669,403-2675136-0216364,2675136,Women,20,11/04/2022,Delivered,Amazon,JNE3838-KR-L,kurta,L,1,INR,399,BATHINDA,151001,IN,FALSE
1670,408-0047281-1921957,47281,Men,45,11/04/2022,Cancelled,Myntra,J0006-SET-XXXL,Ethnic Dress,3XL,1,INR,845,ROHTAK,124001,IN,FALSE
1671,408-1662364-6325102,1662364,Women,41,11/04/2022,Returned,Flipkart,JNE3721-KR-XXL,kurta,XXL,1,INR,292,CHILAKALURIPET,522616,IN,FALSE
1672,405-1453424-4453119,1453424,Women,66,11/04/2022,Delivered,Flipkart,SAR008,Saree,Free,1,INR,487,CHAPRA,841301,IN,FALSE
1673,408-4968747-2660307,4968747,Women,31,11/04/2022,Delivered,Flipkart,JNE3759-KR-XL,kurta,XL,1,INR,568,PUNE,411060,IN,FALSE
1674,404-4354116-9008348,4354116,Women,36,11/04/2022,Returned,Amazon,MEN5009-KR-L,kurta,L,1,INR,688,KHAMMAM,507170,IN,FALSE
1675,403-9376656-5621120,9376656,Men,67,11/04/2022,Delivered,Amazon,SET319-KR-NP-XXL,Set,XXL,1,INR,835,MADURAI,625018,IN,FALSE
1676,408-0204910-3678762,204910,Women,21,11/04/2022,Delivered,Nalli,JNE3634-KR-L,kurta,L,1,INR,544,TEZPUR,784001,IN,FALSE
1677,404-0765462-3328328,765462,Women,44,11/04/2022,Delivered,Amazon,JNE3405-KR-XXL,kurta,XXL,1,INR,399,RANCHI,834003,IN,FALSE
1678,408-8484778-7848356,8484778,Men,20,11/04/2022,Cancelled,Amazon,JNE3697-KR-XXL,kurta,XXL,1,INR,486,TADEPALLIGUDEM,534101,IN,FALSE
1679,403-8604089-3688364,8604089,Men,66,11/04/2022,Delivered,Amazon,JNE3560-KR-XS,kurta,XS,1,INR,487,Bangalore,560032,IN,FALSE
1680,406-8009396-9748316,8009396,Men,46,11/04/2022,Delivered,Flipkart,SET392-KR-NP-XS,Set,XS,1,INR,799,JAMMU,180001,IN,FALSE
1681,408-2214438-7776320,2214438,Women,33,11/04/2022,Delivered,Myntra,J0345-SET-XXL,Set,XXL,1,INR,499,New Thakurli,421201,IN,FALSE
1682,408-2214438-7776320,2214438,Men,43,11/04/2022,Delivered,Myntra,SET278-KR-NP-XS,Set,XS,1,INR,1523,PORVORIM,403521,IN,FALSE
1683,406-4517240-8425922,4517240,Women,78,11/04/2022,Delivered,Amazon,SET377-KR-NP-M,Set,M,1,INR,1068,Rewari,123401,IN,FALSE
1684,407-4873520-2483539,4873520,Men,45,11/04/2022,Delivered,Flipkart,SET171-KR-NP-L,Set,L,1,INR,775,KHARAGPUR,721306,IN,FALSE
1685,404-6586145-3086740,6586145,Men,22,11/04/2022,Returned,Myntra,J0391-TP-M,Top,M,1,INR,690,HYDERABAD,500034,IN,FALSE
1686,408-4380501-8767501,4380501,Men,20,11/04/2022,Delivered,Amazon,J0334-TP-M,Top,M,1,INR,513,KANPUR,208013,IN,FALSE
1687,171-0099047-8153938,99047,Men,29,11/04/2022,Delivered,Others,SET333-KR-DPT-S,Set,S,1,INR,967,BENGALURU,560037,IN,FALSE
1688,171-5366679-1599557,5366679,Men,42,11/04/2022,Delivered,Myntra,J0003-SET-XXXL,Set,3XL,1,INR,646,NEW DELHI,110012,IN,FALSE
1689,404-7233035-6137141,7233035,Men,38,11/04/2022,Cancelled,Amazon,J0122-TP-XXXL,Top,3XL,1,INR,330,ZIRAKPUR,140603,IN,FALSE
1690,405-4265160-5525131,4265160,Men,40,11/04/2022,Cancelled,Amazon,J0117-TP-M,Top,M,1,INR,545,MUMBAI,400078,IN,FALSE
1691,171-4114101-3118763,4114101,Men,60,11/04/2022,Delivered,Amazon,SET110-KR-PP-S,Set,S,1,INR,788,Meerut,250002,IN,FALSE
1692,406-7505617-5321905,7505617,Women,28,11/04/2022,Delivered,Myntra,J0041-SET-S,Set,S,1,INR,622,Malappuram,682030,IN,FALSE
1693,406-7505617-5321905,7505617,Men,27,11/04/2022,Delivered,Ajio,SET147-KR-NP-XXXL,Set,3XL,1,INR,684,DELHI,110092,IN,FALSE
1694,406-1127090-1931509,1127090,Women,42,11/04/2022,Returned,Ajio,J0003-SET-S,Set,S,1,INR,664,COIMBATORE,641003,IN,FALSE
1695,171-2899135-6539516,2899135,Men,41,11/04/2022,Cancelled,Amazon,JNE3785-KR-XL,kurta,XL,1,INR,362,MUMBAI,400093,IN,FALSE
1696,407-4872363-6505123,4872363,Men,38,11/04/2022,Cancelled,Amazon,JNE3797-KR-A-L,Western Dress,L,1,INR,725,PUNE,411015,IN,FALSE
1697,402-7100821-7494723,7100821,Women,20,11/04/2022,Delivered,Myntra,JNE3530-KR-XXL,kurta,XXL,1,INR,329,BENGALURU,560043,IN,FALSE
1698,403-7803071-3733955,7803071,Women,58,11/04/2022,Delivered,Myntra,J0374-KR-XS,kurta,XS,1,INR,614,PARAVUR,683513,IN,FALSE
1699,403-6345852-7121148,6345852,Women,40,11/04/2022,Delivered,Amazon,J0179-KR-XXXL,kurta,3XL,1,INR,696,Karur,639136,IN,FALSE
1700,407-6842585-5394764,6842585,Women,32,11/04/2022,Delivered,Ajio,JNE2291-KR-602-XXL,kurta,XXL,1,INR,376,RAIPUR,492001,IN,FALSE
1701,407-3187453-5542766,3187453,Women,33,11/04/2022,Delivered,Others,JNE3484-KR-L,kurta,L,1,INR,292,PIMPRI CHINCHWAD,411033,IN,FALSE
1702,404-8180425-4190737,8180425,Men,18,11/04/2022,Delivered,Myntra,SET257-KR-PP-XXXL,Set,3XL,1,INR,546,DELHI,110092,IN,FALSE
1703,403-6550884-1505904,6550884,Women,32,11/04/2022,Delivered,Amazon,J0340-TP-XXL,Top,XXL,1,INR,690,CHIRAWA,333026,IN,FALSE
1704,405-1298401-3315532,1298401,Women,26,11/04/2022,Delivered,Amazon,J0009-SKD-L,Set,L,1,INR,838,CHANDAULI,232104,IN,FALSE
1705,402-0755753-8326704,755753,Men,29,11/04/2022,Cancelled,Ajio,JNE3797-KR-A-M,Western Dress,M,1,INR,771,Thrissur,680006,IN,FALSE
1706,407-9901996-2973102,9901996,Men,34,11/04/2022,Delivered,Flipkart,J0008-SKD-XS,Set,XS,1,INR,1147,UTTARKASHI,249193,IN,FALSE
1707,402-4823334-4102741,4823334,Women,55,11/04/2022,Delivered,Flipkart,J0003-SET-S,Set,S,1,INR,655,NAGPUR,440026,IN,FALSE
1708,403-5710054-4579543,5710054,Women,20,11/04/2022,Delivered,Meesho,J0285-SKD-S,Set,S,1,INR,1432,BHARATPUR,321001,IN,FALSE
1709,171-1681815-8743537,1681815,Women,24,11/04/2022,Delivered,Myntra,JNE3443-KR-XXXL,kurta,3XL,1,INR,487,HYDERABAD,500049,IN,FALSE
1710,403-1142906-2512305,1142906,Women,56,11/04/2022,Delivered,Flipkart,SET144-KR-NP-M,Set,M,1,INR,788,NALBARI,781334,IN,FALSE
1711,405-8089359-5348348,8089359,Women,18,11/04/2022,Returned,Amazon,JNE3652-TP-N-XL,Top,XL,1,INR,339,BENGALURU,560082,IN,FALSE
1712,407-9448315-4957921,9448315,Women,49,11/04/2022,Delivered,Others,SET300-KR-NP-M,Set,M,1,INR,919,LEH ladakh,194101,IN,FALSE
1713,406-9885150-7845162,9885150,Men,57,11/04/2022,Delivered,Ajio,J0008-SKD-L,Set,L,1,INR,1075,GUWAHATI,781034,IN,FALSE
1714,402-7610320-2713935,7610320,Men,49,11/04/2022,Delivered,Flipkart,J0095-SET-XXXL,Set,3XL,1,INR,633,BENGALURU,560025,IN,FALSE
1715,408-3024186-7047537,3024186,Women,35,11/04/2022,Delivered,Ajio,J0003-SET-XL,Set,XL,1,INR,696,NEW DELHI,110062,IN,FALSE
1716,407-2002192-7944312,2002192,Women,46,11/04/2022,Returned,Ajio,JNE2291-KR-602-XXXL,kurta,3XL,1,INR,376,CHAMBA,176310,IN,FALSE
1717,407-1411653-5181962,1411653,Women,31,11/04/2022,Delivered,Amazon,JNE3368-KR-M,kurta,M,1,INR,471,HYDERABAD,500055,IN,FALSE
1718,408-6056033-7755524,6056033,Men,69,11/04/2022,Delivered,Amazon,SET253-KR-NP-XXXL,Set,3XL,1,INR,737,NEW DELHI,110085,IN,FALSE
1719,407-1929196-8761153,1929196,Women,62,11/04/2022,Delivered,Flipkart,SET268-KR-NP-S,Set,S,1,INR,698,JORETHANG,737121,IN,FALSE
1720,407-8741961-8514720,8741961,Women,46,11/04/2022,Delivered,Nalli,MEN5022-KR-M,kurta,M,1,INR,549,GHAZIABAD,201009,IN,FALSE
1721,407-8332629-7691511,8332629,Men,63,11/04/2022,Delivered,Nalli,J0244-SKD-XXXL,Set,3XL,1,INR,1174,NEW DELHI,110062,IN,FALSE
1722,404-1558173-0214747,1558173,Women,20,11/04/2022,Delivered,Ajio,JNE2131-KR-A-XL,kurta,XL,1,INR,599,BENGALURU,560036,IN,FALSE
1723,402-7440192-0747523,7440192,Women,45,11/04/2022,Delivered,Flipkart,SET331-KR-NP-XXL,Set,XXL,1,INR,597,PATHANAMTHITTA,686510,IN,FALSE
1724,403-0137392-1413904,137392,Women,47,11/04/2022,Delivered,Amazon,J0301-TP-S,Top,S,1,INR,693,BHUBANESWAR,751019,IN,FALSE
1725,407-0355604-8792340,355604,Women,44,11/04/2022,Delivered,Myntra,SAR030,Saree,Free,1,INR,405,Murwara Katni,483501,IN,FALSE
1726,404-9312519-2953929,9312519,Women,38,11/04/2022,Delivered,Flipkart,SAR007,Saree,Free,1,INR,487,COIMBATORE,641006,IN,FALSE
1727,402-0626064-6084350,626064,Men,29,11/04/2022,Delivered,Myntra,SET374-KR-NP-S,Set,S,1,INR,635,BILASPUR,495001,IN,FALSE
1728,407-3624637-5041108,3624637,Women,43,11/04/2022,Returned,Amazon,JNE3758-KR-L,kurta,L,1,INR,357,ALLAHABAD,211008,IN,FALSE
1729,403-6411590-5750749,6411590,Women,25,11/04/2022,Delivered,Others,JNE3515-KR-M,kurta,M,1,INR,459,BENGALURU,560085,IN,FALSE
1730,404-8435632-7577163,8435632,Women,38,11/04/2022,Delivered,Amazon,J0088-TP-XL,Top,XL,1,INR,497,AHMEDABAD,380052,IN,FALSE
1731,403-9378804-0789104,9378804,Women,77,11/04/2022,Delivered,Ajio,SET374-KR-NP-M,Set,M,1,INR,597,BENGALURU,560034,IN,FALSE
1732,406-9476790-8787551,9476790,Women,49,11/04/2022,Delivered,Myntra,SET220-KR-PP-S,Set,S,1,INR,1199,LUCKNOW,226012,IN,FALSE
1733,402-7657456-6146715,7657456,Women,27,10/04/2022,Delivered,Amazon,J0230-SKD-M,Set,M,1,INR,999,BENGALURU,560008,IN,FALSE
1734,405-7911124-9415505,7911124,Men,72,10/04/2022,Delivered,Flipkart,SET402-KR-NP-S,Set,S,1,INR,988,RATLAM,457001,IN,FALSE
1735,407-8548056-6694735,8548056,Women,40,10/04/2022,Delivered,Myntra,SET402-KR-NP-XXXL,Set,3XL,1,INR,988,JALANDHAR,144003,IN,FALSE
1736,405-8874896-2049133,8874896,Women,28,10/04/2022,Delivered,Amazon,JNE3400-KR-S,kurta,S,1,INR,459,HYDERABAD,500028,IN,FALSE
1737,405-9368312-9078761,9368312,Men,23,10/04/2022,Delivered,Others,J0005-DR-XXL,Western Dress,XXL,1,INR,899,MUMBAI,400092,IN,FALSE
1738,407-7011061-3042734,7011061,Women,38,10/04/2022,Delivered,Amazon,J0012-SKD-XL,Set,XL,1,INR,1140,LUCKNOW,226021,IN,FALSE
1739,403-7146505-0884328,7146505,Women,32,10/04/2022,Delivered,Amazon,JNE3400-KR-XL,kurta,XL,1,INR,459,BURDWAN,713103,IN,FALSE
1740,404-9972035-9476321,9972035,Women,44,10/04/2022,Delivered,Meesho,JNE3468-KR-XXXL,kurta,3XL,1,INR,352,MUMBAI,400086,IN,TRUE
1741,404-0692909-2727534,692909,Women,69,10/04/2022,Delivered,Meesho,SET192-KR-NP-S,Set,S,1,INR,648,NEW DELHI,110021,IN,FALSE
1742,403-8610220-3633963,8610220,Women,46,10/04/2022,Delivered,Amazon,JNE3609-KR-XS,kurta,XS,1,INR,568,BINOLA INDUSTRIAL AREA,122413,IN,FALSE
1743,402-8122747-0393909,8122747,Women,24,10/04/2022,Returned,Flipkart,SET264-KR-NP-M,Set,M,1,INR,824,NEW DELHI,110015,IN,FALSE
1744,403-3777977-9946757,3777977,Women,23,10/04/2022,Delivered,Amazon,SET110-KR-PP-XL,Set,XL,1,INR,788,Nayagarh,752085,IN,FALSE
1745,403-4185479-4257919,4185479,Men,20,10/04/2022,Delivered,Amazon,SET278-KR-NP-S,Set,S,1,INR,1450,GONDIYA,441614,IN,FALSE
1746,402-0912390-5821961,912390,Women,32,10/04/2022,Delivered,Flipkart,SET290-KR-DPT-XXL,Set,XXL,1,INR,715,HYDERABAD,500039,IN,FALSE
1747,171-5750117-2857942,5750117,Women,32,10/04/2022,Delivered,Amazon,JNE1951-KR-155-XXL,kurta,XXL,1,INR,368,HYDERABAD,500049,IN,FALSE
1748,402-6262442-8491544,6262442,Men,21,10/04/2022,Delivered,Amazon,SET316-KR-DPT-XXL,Set,XXL,1,INR,1238,MORADABAD,244001,IN,FALSE
1749,408-4843663-2881118,4843663,Women,21,10/04/2022,Delivered,Flipkart,JNE2270-KR-487-A-XL,kurta,XL,1,INR,518,THIRUMANGALAM,625706,IN,FALSE
1750,407-0114320-7272372,114320,Women,27,10/04/2022,Delivered,Amazon,NW012-TP-PJ-L,Set,L,1,INR,537,HYDERABAD,500004,IN,FALSE
1751,402-9796696-0207544,9796696,Women,46,10/04/2022,Delivered,Amazon,J0119-TP-XL,Top,XL,1,INR,540,MUMBAI,400061,IN,FALSE
1752,406-9898912-9600325,9898912,Women,21,10/04/2022,Delivered,Myntra,JNE3421-KR-XL,kurta,XL,1,INR,449,Virar west,401303,IN,FALSE
1753,407-4310740-1265952,4310740,Men,64,10/04/2022,Delivered,Flipkart,SET187-KR-DH-M,Set,M,1,INR,671,BIKANER,334001,IN,FALSE
1754,405-7580202-3129933,7580202,Women,20,10/04/2022,Delivered,Amazon,JNE3468-KR-L,kurta,L,1,INR,399,JAIPUR,302004,IN,FALSE
1755,406-8853977-3210705,8853977,Women,76,10/04/2022,Delivered,Myntra,SET269-KR-NP-XL,Set,XL,1,INR,799,"Ranip,AHMEDABAD",382480,IN,FALSE
1756,403-8588850-2729105,8588850,Men,49,10/04/2022,Cancelled,Meesho,J0339-DR-XXXL,Western Dress,3XL,1,INR,744,BENGALURU,561203,IN,FALSE
1757,404-0259182-7385127,259182,Women,61,10/04/2022,Delivered,Myntra,SAR026,Saree,Free,1,INR,599,MUMBAI,400037,IN,FALSE
1758,405-8172537-4689939,8172537,Women,46,10/04/2022,Delivered,Amazon,J0003-SET-M,Set,M,1,INR,664,PIPILI,752104,IN,FALSE
1759,405-8172537-4689939,8172537,Men,33,10/04/2022,Delivered,Ajio,J0006-SET-M,Ethnic Dress,M,1,INR,899,Inkollu,523167,IN,FALSE
1760,407-8441367-2294719,8441367,Women,33,10/04/2022,Delivered,Ajio,JNE3633-KR-L,kurta,L,1,INR,459,PUDUCHERRY,605011,IN,FALSE
1761,408-0176428-8467506,176428,Men,65,10/04/2022,Delivered,Amazon,SET324-KR-NP-XXL,Set,XXL,1,INR,589,CHANDRAPUR,442401,IN,FALSE
1762,171-7717706-6545917,7717706,Men,41,10/04/2022,Delivered,Amazon,J0230-SKD-S,Set,S,1,INR,999,Bareilly,243001,IN,FALSE
1763,406-7868806-1650717,7868806,Women,38,10/04/2022,Delivered,Amazon,JNE3440-KR-N-M,kurta,M,1,INR,399,BENGALURU,560087,IN,FALSE
1764,171-5820287-5303561,5820287,Men,28,10/04/2022,Delivered,Amazon,NW034-TP-PJ-XS,Set,XS,1,INR,774,FARIDABAD,121001,IN,FALSE
1765,403-9741800-5819553,9741800,Women,51,10/04/2022,Delivered,Flipkart,J0355-KR-XL,kurta,XL,1,INR,589,NOIDA,201301,IN,FALSE
1766,407-0791618-9361133,791618,Women,18,10/04/2022,Delivered,Myntra,SET355-KR-PP-XXXL,Set,3XL,1,INR,1229,BHUBANESWAR,751019,IN,FALSE
1767,403-7495401-0764342,7495401,Women,42,10/04/2022,Delivered,Flipkart,NW034-TP-PJ-L,Set,L,1,INR,613,JHAJJAR,124103,IN,FALSE
1768,404-4981903-1518742,4981903,Women,30,10/04/2022,Delivered,Amazon,J0385-KR-XL,kurta,XL,1,INR,835,KURNOOL,518002,IN,FALSE
1769,407-4044062-9733110,4044062,Women,61,10/04/2022,Delivered,Amazon,JNE3405-KR-M,kurta,M,1,INR,399,CHENNAI,600073,IN,FALSE
1770,403-4831900-3941118,4831900,Women,33,10/04/2022,Cancelled,Flipkart,JNE3405-KR-XXL,kurta,XXL,1,INR,399,JALGAON,424101,IN,FALSE
1771,403-3033222-9834752,3033222,Women,65,10/04/2022,Delivered,Myntra,JNE3465-KR-XS,kurta,XS,1,INR,469,HYDERABAD,500072,IN,FALSE
1772,406-1512883-7585108,1512883,Men,23,10/04/2022,Delivered,Nalli,SET197-KR-NP-XXXL,Set,3XL,1,INR,759,Bengaluru,560062,IN,FALSE
1773,407-3484078-1174741,3484078,Men,55,10/04/2022,Delivered,Flipkart,SET265-KR-NP-L,Set,L,1,INR,888,MANGALURU,574142,IN,FALSE
1774,407-1108004-8829901,1108004,Women,70,10/04/2022,Delivered,Flipkart,J0301-TP-L,Top,L,1,INR,497,MUMBAI,400059,IN,FALSE
1775,171-2621999-6061140,2621999,Women,28,10/04/2022,Cancelled,Ajio,JNE3405-KR-XXXL,kurta,3XL,1,INR,399,KANIGIRI,523230,IN,FALSE
1776,406-4326061-5546766,4326061,Women,22,10/04/2022,Delivered,Amazon,JNE3560-KR-XS,kurta,XS,1,INR,544,MUMBAI,400018,IN,FALSE
1777,171-5136408-2023508,5136408,Women,42,10/04/2022,Delivered,Myntra,SET183-KR-DH-XL,Set,XL,1,INR,759,Bangalore,560049,IN,FALSE
1778,408-9706325-0101931,9706325,Women,39,10/04/2022,Delivered,Amazon,SAR018,Saree,Free,1,INR,1523,SULTANPUR,228159,IN,FALSE
1779,408-4067480-2993100,4067480,Women,32,10/04/2022,Delivered,Ajio,JNE3261-KR-M,kurta,M,1,INR,376,NOIDA,201304,IN,FALSE
1780,404-9512559-8996340,9512559,Women,30,10/04/2022,Delivered,Nalli,JNE3463-KR-M,kurta,M,1,INR,540,HYDERABAD,500018,IN,FALSE
1781,402-2413855-0618702,2413855,Women,43,10/04/2022,Delivered,Amazon,SET264-KR-NP-XXXL,Set,3XL,1,INR,824,DHANBAD,826001,IN,FALSE
1782,402-5547944-7645953,5547944,Men,39,10/04/2022,Delivered,Flipkart,SET268-KR-NP-XL,Set,XL,1,INR,788,VISAKHAPATNAM,530002,IN,FALSE
1783,402-5547944-7645953,5547944,Men,26,10/04/2022,Delivered,Amazon,SET206-KR-PP-S,Set,S,1,INR,522,GUWAHATI,781015,IN,FALSE
1784,407-0504438-2024329,504438,Women,31,10/04/2022,Delivered,Flipkart,SET365-KR-NP-M,Set,M,1,INR,1099,BENGALURU,560097,IN,FALSE
1785,405-4016197-7084310,4016197,Women,35,10/04/2022,Delivered,Myntra,MEN5019-KR-XL,kurta,XL,1,INR,635,CHIRALA,523157,IN,FALSE
1786,404-4209955-2326722,4209955,Women,31,10/04/2022,Delivered,Flipkart,J0285-SKD-L,Set,L,1,INR,1442,KOLKATA,700055,IN,FALSE
1787,402-9257889-5093156,9257889,Women,40,10/04/2022,Delivered,Myntra,SET131-KR-NP-A-L,Set,L,1,INR,567,Khanna,141401,IN,FALSE
1788,403-3250527-2139532,3250527,Women,37,10/04/2022,Delivered,Amazon,SAR030,Saree,Free,1,INR,399,MOODBIDRI,574197,IN,FALSE
1789,402-7487456-7382731,7487456,Women,35,10/04/2022,Delivered,Myntra,J0297-TP-S,Top,S,1,INR,499,PANAJI,403004,IN,FALSE
1790,171-4080807-0210765,4080807,Women,18,10/04/2022,Delivered,Amazon,SAR030,Saree,Free,1,INR,1099,SHAJAPUR,465001,IN,FALSE
1791,404-9990602-5797161,9990602,Men,20,10/04/2022,Cancelled,Amazon,SAR004,Saree,Free,1,INR,394,VISAKHAPATNAM,530046,IN,FALSE
1792,404-0921791-5774735,921791,Men,33,10/04/2022,Delivered,Amazon,SAR022,Saree,Free,1,INR,988,PATNA,800001,IN,FALSE
1793,404-0921791-5774735,921791,Men,76,10/04/2022,Delivered,Flipkart,SAR004,Saree,Free,1,INR,696,VASAI VIRAR,401201,IN,FALSE
1794,404-3944272-9360358,3944272,Women,55,10/04/2022,Delivered,Flipkart,J0230-SKD-XXL,Set,XXL,1,INR,1319,SILIGURI,734001,IN,FALSE
1795,408-1896213-3899560,1896213,Women,40,10/04/2022,Delivered,Flipkart,SET291-KR-PP-L,Set,L,1,INR,605,BENGALURU,560068,IN,FALSE
1796,406-8160757-0481949,8160757,Men,38,10/04/2022,Delivered,Amazon,SAR019,Saree,Free,2,INR,752,JAMNAGAR,361007,IN,FALSE
1797,404-1614581-6008307,1614581,Men,27,10/04/2022,Delivered,Others,SET268-KR-NP-S,Set,S,1,INR,698,CHENNAI,600056,IN,FALSE
1798,404-4322712-0144357,4322712,Men,72,10/04/2022,Delivered,Myntra,BL107-S,Blouse,S,1,INR,545,HYDERABAD,500029,IN,FALSE
1799,406-3852429-4446764,3852429,Women,24,10/04/2022,Delivered,Myntra,SET185-KR-NP-S,Set,S,1,INR,911,Bangalore,560079,IN,FALSE
1800,408-5178812-0436362,5178812,Men,51,10/04/2022,Delivered,Myntra,BL107-XXL,Blouse,XXL,1,INR,588,BHILAI,490024,IN,FALSE
1801,403-1047940-6771503,1047940,Men,28,10/04/2022,Refunded,Nalli,J0346-SET-XXL,Set,XXL,1,INR,464,MUMBAI,400034,IN,FALSE
1802,404-5814390-9258705,5814390,Women,27,10/04/2022,Delivered,Myntra,SAR001,Saree,Free,1,INR,475,BENGALURU,560032,IN,FALSE
1803,407-5913566-5608361,5913566,Women,46,10/04/2022,Returned,Ajio,BL113-L,Blouse,L,1,INR,625,CHENNAI,600020,IN,FALSE
1804,403-9878858-9596345,9878858,Women,18,10/04/2022,Delivered,Myntra,SET110-KR-PP-S,Set,S,1,INR,788,Siliguri,734001,IN,FALSE
1805,171-8547981-6630726,8547981,Men,66,10/04/2022,Delivered,Amazon,SET187-KR-DH-M,Set,M,1,INR,671,KOLKATA,700014,IN,FALSE
1806,407-8311406-2116343,8311406,Women,75,10/04/2022,Delivered,Myntra,SAR013,Saree,Free,1,INR,999,NEW DELHI,110092,IN,FALSE
1807,404-0847500-6047554,847500,Men,32,10/04/2022,Delivered,Meesho,J0348-SET-S,Set,S,1,INR,478,Payyannur,670307,IN,FALSE
1808,403-3614541-5598701,3614541,Women,34,10/04/2022,Delivered,Amazon,SAR019,Saree,Free,1,INR,458,BENGALURU,560100,IN,FALSE
1809,404-6343488-8969111,6343488,Women,49,10/04/2022,Delivered,Myntra,SET201-KR-NP-A-XL,Set,XL,1,INR,568,CHIRAKKAL,670011,IN,FALSE
1810,407-1145953-3325116,1145953,Men,37,10/04/2022,Delivered,Flipkart,J0349-SET-S,Set,S,1,INR,791,BHUBANESWAR,751024,IN,FALSE
1811,407-7408385-6735521,7408385,Women,45,10/04/2022,Delivered,Myntra,SAR018,Saree,Free,1,INR,457,COIMBATORE,641041,IN,FALSE
1812,407-9764849-8353913,9764849,Women,45,10/04/2022,Delivered,Nalli,SAR030,Saree,Free,1,INR,526,BENGALURU,560066,IN,FALSE
1813,402-7762025-8916348,7762025,Men,47,10/04/2022,Returned,Flipkart,SET363-KR-NP-XXL,Set,XXL,1,INR,1149,JAMMU,180003,IN,FALSE
1814,405-7026559-9641144,7026559,Men,43,10/04/2022,Delivered,Ajio,SET277-KR-NP-XL,Set,XL,1,INR,1338,NASHIK,422004,IN,FALSE
1815,408-6908529-4934744,6908529,Women,28,10/04/2022,Delivered,Myntra,J0008-SKD-XS,Set,XS,1,INR,1147,DEHRADUN,248001,IN,FALSE
1816,402-7098136-8078763,7098136,Women,61,10/04/2022,Delivered,Myntra,JNE3446-KR-S,kurta,S,1,INR,318,GHAZIABAD,201002,IN,FALSE
1817,402-9794993-0705148,9794993,Women,21,10/04/2022,Delivered,Others,BTM036-PP-S,Bottom,S,1,INR,360,NEYVELI,607803,IN,FALSE
1818,407-9410239-6081101,9410239,Women,33,10/04/2022,Delivered,Amazon,JNE3506-KR-S,kurta,S,1,INR,597,MUMBAI,400051,IN,FALSE
1819,408-8422444-6945955,8422444,Women,45,10/04/2022,Delivered,Ajio,SET400-KR-NP-XXXL,Set,3XL,1,INR,1254,VARANASI,221003,IN,FALSE
1820,405-3582179-3235517,3582179,Women,25,10/04/2022,Delivered,Amazon,SAR001,Saree,Free,1,INR,759,JABALPUR,482002,IN,FALSE
1821,406-4346856-4819547,4346856,Men,63,10/04/2022,Delivered,Amazon,J0004-SKD-L,Set,L,1,INR,1127,Chennai,600106,IN,FALSE
1822,403-3433402-9595516,3433402,Men,42,10/04/2022,Delivered,Flipkart,J0003-SET-XXL,Set,XXL,1,INR,654,VAIJAPUR,423701,IN,FALSE
1823,407-2252197-7465936,2252197,Men,74,10/04/2022,Delivered,Myntra,SET392-KR-NP-L,Set,L,1,INR,799,Dombivali,421204,IN,FALSE
1824,407-6742401-7084321,6742401,Women,23,10/04/2022,Returned,Nalli,JNE2305-KR-533-M,kurta,M,1,INR,376,VELLORE,632009,IN,FALSE
1825,406-6860051-7389112,6860051,Men,28,10/04/2022,Delivered,Ajio,SET268-KR-NP-S,Set,S,1,INR,788,Mumbai,400071,IN,FALSE
1826,406-6860051-7389112,6860051,Women,66,10/04/2022,Delivered,Amazon,SET269-KR-NP-XL,Set,XL,1,INR,824,NAGROTA,181221,IN,FALSE
1827,407-0901504-2406745,901504,Women,45,10/04/2022,Delivered,Flipkart,JNE3560-KR-L,kurta,L,1,INR,487,KRISHNAGIRI,635001,IN,FALSE
1828,403-0176494-4944365,176494,Men,78,10/04/2022,Delivered,Ajio,J0014-LCD-XL,Set,XL,1,INR,1199,MACHILIPATNAM,521002,IN,FALSE
1829,406-0757722-3932333,757722,Men,45,10/04/2022,Delivered,Meesho,SET277-KR-NP-M,Set,M,1,INR,1268,UPPER TADONG,737102,IN,FALSE
1830,407-3592998-7652357,3592998,Women,34,10/04/2022,Delivered,Myntra,SET335-KR-NP-M,Set,M,1,INR,771,GURUGRAM,122001,IN,FALSE
1831,407-3293343-9533150,3293343,Men,36,10/04/2022,Delivered,Flipkart,SET383-KR-NP-M,Set,M,1,INR,581,Bardhaman,713103,IN,FALSE
1832,407-3492180-8641914,3492180,Men,30,10/04/2022,Delivered,Amazon,J0003-SET-XS,Set,XS,1,INR,646,NOIDA,201301,IN,FALSE
1833,407-1390938-2769921,1390938,Men,56,10/04/2022,Delivered,Amazon,SET328-KR-NP-S,Set,S,1,INR,635,MUMBAI,400042,IN,FALSE
1834,402-8819438-3932319,8819438,Men,36,10/04/2022,Delivered,Nalli,JNE3797-KR-M,Western Dress,M,1,INR,735,CHENNAI,600076,IN,FALSE
1835,402-9005367-4295569,9005367,Women,59,10/04/2022,Delivered,Flipkart,SET250-KR-SHA-XL,Set,XL,1,INR,648,NEW DELHI,110059,IN,FALSE
1836,171-1622706-9620348,1622706,Women,38,10/04/2022,Delivered,Amazon,JNE3421-KR-XL,kurta,XL,1,INR,435,CHENNAI,600089,IN,FALSE
1837,406-4941088-2343522,4941088,Men,38,10/04/2022,Delivered,Amazon,SET389-KR-NP-S,Set,S,1,INR,648,BANGALORE,560048,IN,TRUE
1838,406-4941088-2343522,4941088,Women,28,10/04/2022,Delivered,Amazon,SET388-KR-NP-XXXL,Set,3XL,1,INR,1260,AGRA,282005,IN,FALSE
1839,171-3961106-2189146,3961106,Women,33,10/04/2022,Delivered,Amazon,J0369-SKD-M,Set,M,1,INR,1099,HYDERABAD,500049,IN,FALSE
1840,407-2439944-6108364,2439944,Women,68,10/04/2022,Delivered,Flipkart,J0419-TP-XXL,Top,XXL,1,INR,1099,JAIPUR,302034,IN,FALSE
1841,407-5915828-7878766,5915828,Women,18,10/04/2022,Delivered,Amazon,SET397-KR-NP  -M,Set,M,1,INR,999,BENGALURU,560096,IN,FALSE
1842,171-2466684-6854763,2466684,Women,32,10/04/2022,Delivered,Meesho,SET128-KR-DH-XL,Set,XL,1,INR,921,OZAR,422207,IN,FALSE
1843,171-9553161-6527536,9553161,Women,36,10/04/2022,Delivered,Myntra,JNE3546-KR-L,kurta,L,1,INR,458,PITHORAGARH,262501,IN,FALSE
1844,403-6976074-5281135,6976074,Men,48,10/04/2022,Cancelled,Myntra,JNE3797-KR-A-XS,Western Dress,XS,1,INR,761,JAIPUR,302021,IN,FALSE
1845,171-7335997-7918722,7335997,Women,36,10/04/2022,Delivered,Amazon,SET171-KR-NP-XXXL,Set,3XL,1,INR,792,HYDERABAD,500040,IN,FALSE
1846,171-6648982-0798749,6648982,Women,63,10/04/2022,Returned,Myntra,SET364-KR-NP-L,Set,L,1,INR,1126,FARIDABAD,121009,IN,FALSE
1847,402-9720670-2233169,9720670,Men,34,10/04/2022,Delivered,Flipkart,SET310-KR-NP-S,Set,S,1,INR,999,BENGALURU,560076,IN,FALSE
1848,402-6889837-8313139,6889837,Men,20,10/04/2022,Delivered,Ajio,SET340-KR-NP-S,Set,S,1,INR,799,BENGALURU,560100,IN,FALSE
1849,402-8764819-3937102,8764819,Men,52,10/04/2022,Cancelled,Flipkart,J0341-DR-L,Western Dress,L,1,INR,743,KURNOOL,518005,IN,FALSE
1850,403-9107146-4775563,9107146,Women,27,10/04/2022,Delivered,Nalli,JNE3757-KR-L,kurta,L,1,INR,487,JAIPUR,302015,IN,FALSE
1851,406-9340243-5757138,9340243,Women,48,10/04/2022,Delivered,Amazon,SET389-KR-NP-XXXL,Set,3XL,1,INR,680,JAMMU,180007,IN,FALSE
1852,406-9340243-5757138,9340243,Women,43,10/04/2022,Delivered,Amazon,SET350-KR-NP-XXL,Set,XXL,1,INR,1122,HYDERABAD,500090,IN,FALSE
1853,406-9340243-5757138,9340243,Women,52,10/04/2022,Delivered,Myntra,SET393-KR-NP-S,Set,S,1,INR,969,Hosur,635114,IN,FALSE
1854,403-2655727-8608329,2655727,Women,42,10/04/2022,Delivered,Ajio,JNE3407-KR-L,kurta,L,1,INR,249,SHIRUR,412210,IN,FALSE
1855,405-4075478-0401156,4075478,Women,65,10/04/2022,Delivered,Ajio,MEN5028-KR-XL,kurta,XL,1,INR,499,BENGALURU,562107,IN,FALSE
1856,171-3590667-7109122,3590667,Women,39,10/04/2022,Delivered,Amazon,SAR015,Saree,Free,1,INR,452,RAJAHMUNDRY,533293,IN,FALSE
1857,403-0514204-4605929,514204,Men,26,10/04/2022,Delivered,Amazon,J0130-SET-XL,Set,XL,1,INR,659,KOLKATA,700023,IN,FALSE
1858,403-4406261-4756366,4406261,Women,30,10/04/2022,Delivered,Myntra,JNE3489-KR-S,kurta,S,1,INR,487,JAMNAGAR,361005,IN,FALSE
1859,406-2114105-7958754,2114105,Men,29,10/04/2022,Delivered,Myntra,JNE3797-KR-M,Western Dress,M,1,INR,735,HYDERABAD,500048,IN,FALSE
1860,402-4976399-8849956,4976399,Women,41,10/04/2022,Delivered,Amazon,J0179-KR-XXXL,kurta,3XL,1,INR,696,NEW DELHI,110009,IN,FALSE
1861,404-1116044-8297149,1116044,Men,23,10/04/2022,Delivered,Nalli,SET156-KR-NP-L,Set,L,1,INR,680,Navi Mumbai,400708,IN,FALSE
1862,405-1826037-6206769,1826037,Women,30,10/04/2022,Delivered,Myntra,MEN5029-KR-L,kurta,L,1,INR,495,AHMEDABAD,380007,IN,FALSE
1863,407-1635061-4573942,1635061,Women,35,10/04/2022,Delivered,Amazon,SAR006,Saree,Free,1,INR,579,Bangalore-560 086,560086,IN,FALSE
1864,171-9180614-1173168,9180614,Women,25,10/04/2022,Delivered,Nalli,SET408-KR-NP-XXXL,Set,3XL,1,INR,499,port blair,744101,IN,FALSE
1865,171-4176356-2941949,4176356,Men,68,10/04/2022,Delivered,Myntra,SET138-KR-PP-M,Set,M,1,INR,729,GAYA,823001,IN,FALSE
1866,404-5798780-8233932,5798780,Women,65,10/04/2022,Delivered,Amazon,J0150-KR-S,kurta,S,1,INR,399,haridwar,249401,IN,FALSE
1867,171-8492966-3951512,8492966,Women,71,10/04/2022,Delivered,Myntra,SET304-KR-DPT-L,Set,L,1,INR,1125,LUDHIANA,141010,IN,FALSE
1868,407-2103967-9718705,2103967,Men,72,10/04/2022,Delivered,Amazon,SET380-KR-NP-XXL,Set,XXL,1,INR,984,Rourkela,769012,IN,FALSE
1869,171-5757863-4977124,5757863,Men,30,10/04/2022,Delivered,Flipkart,SET388-KR-NP-XXXL,Set,3XL,1,INR,1299,BENGALURU,560070,IN,FALSE
1870,402-0570938-8042761,570938,Women,27,10/04/2022,Delivered,Amazon,JNE3567-KR-XS,kurta,XS,1,INR,399,HYDERABAD,500094,IN,FALSE
1871,403-0861786-5948339,861786,Men,26,10/04/2022,Delivered,Myntra,SET239-KR-NP-XS,Set,XS,1,INR,654,LUCKNOW,226016,IN,FALSE
1872,403-2568352-6625948,2568352,Women,45,10/04/2022,Delivered,Flipkart,SET392-KR-NP-S,Set,S,1,INR,799,AURAD,585326,IN,FALSE
1873,408-1430314-0597907,1430314,Women,31,10/04/2022,Delivered,Flipkart,J0003-SET-XXL,Set,XXL,1,INR,664,RAIPUR,492001,IN,FALSE
1874,404-4638036-2960328,4638036,Women,46,10/04/2022,Delivered,Myntra,SET128-KR-DH-XS,Set,XS,1,INR,1133,CUDDALORE,607401,IN,FALSE
1875,402-4464162-6977908,4464162,Men,43,10/04/2022,Cancelled,Amazon,J0339-DR-XXXL,Western Dress,3XL,1,INR,1091,SRINIVASPUR,563135,IN,FALSE
1876,171-2142405-6085910,2142405,Men,42,10/04/2022,Delivered,Flipkart,SET291-KR-PP-XL,Set,XL,1,INR,579,PANVEL,410206,IN,FALSE
1877,402-3366307-6810719,3366307,Women,23,10/04/2022,Delivered,Ajio,J0213-TP-M,Top,M,1,INR,599,NEW DELHI,110092,IN,FALSE
1878,406-8742413-2682733,8742413,Women,46,10/04/2022,Delivered,Nalli,JNE3568-KR-XL,kurta,XL,1,INR,435,NAGDA,456331,IN,FALSE
1879,407-0189968-1167529,189968,Women,33,10/04/2022,Delivered,Amazon,SET265-KR-NP-L,Set,L,1,INR,846,HYDERABAD,500032,IN,FALSE
1880,407-0189968-1167529,189968,Women,45,10/04/2022,Delivered,Amazon,JNE2153-KR-278-A-M,kurta,M,1,INR,424,GUWAHATI,781028,IN,FALSE
1881,408-5650408-5373914,5650408,Men,26,10/04/2022,Returned,Amazon,J0236-SKD-L,Set,L,1,INR,922,KATIHAR,854105,IN,FALSE
1882,405-5147544-7929152,5147544,Men,45,10/04/2022,Cancelled,Flipkart,J0106-KR-S,Western Dress,S,1,INR,1399,BALLY,711227,IN,FALSE
1883,405-8141855-6225919,8141855,Women,25,10/04/2022,Delivered,Myntra,JNE3633-KR-L,kurta,L,1,INR,431,COIMBATORE,641046,IN,FALSE
1884,402-5503305-3003552,5503305,Women,39,10/04/2022,Delivered,Flipkart,SET179-KR-PP-XXXL,Set,3XL,1,INR,496,ONGOLE,523001,IN,FALSE
1885,406-5782819-6344315,5782819,Women,45,10/04/2022,Delivered,Flipkart,SET268-KR-NP-XXL,Set,XXL,1,INR,788,KOTA,324010,IN,FALSE
1886,171-1770307-9199500,1770307,Men,48,10/04/2022,Delivered,Ajio,JNE3798-KR-A-XXL,Western Dress,XXL,1,INR,771,RAXAUL BAZAR,845305,IN,FALSE
1887,405-9228852-4178721,9228852,Women,42,10/04/2022,Delivered,Flipkart,JNE3554-KR-XL,kurta,XL,1,INR,517,JATANI,752050,IN,FALSE
1888,408-3070750-4449140,3070750,Women,28,10/04/2022,Delivered,Myntra,JNE1977-KR-237-L,kurta,L,1,INR,259,Lanka,782446,IN,FALSE
1889,408-6051352-1828307,6051352,Women,67,10/04/2022,Delivered,Others,JNE3364-KR-1051-A-XL,kurta,XL,1,INR,376,NEW DELHI,110010,IN,FALSE
1890,408-9337200-9034762,9337200,Men,63,10/04/2022,Delivered,Myntra,SET268-KR-NP-XXL,Set,XXL,1,INR,698,LUCKNOW,226002,IN,FALSE
1891,406-4820273-9614740,4820273,Women,42,10/04/2022,Delivered,Nalli,JNE3506-KR-XXL,kurta,XXL,1,INR,635,BELAGAVI,590008,IN,FALSE
1892,408-8447307-7573113,8447307,Men,65,10/04/2022,Delivered,Ajio,SET171-KR-NP-L,Set,L,1,INR,792,Lucknow,226001,IN,FALSE
1893,406-8987543-2369135,8987543,Women,35,10/04/2022,Cancelled,Amazon,JNE3427-KR-M,kurta,M,1,INR,301,VELLORE,632002,IN,FALSE
1894,406-3537593-8722737,3537593,Women,43,10/04/2022,Delivered,Flipkart,JNE3364-KR-1051-A-L,kurta,L,1,INR,376,PANIPAT,132103,IN,FALSE
1895,408-3193444-4668340,3193444,Women,26,10/04/2022,Delivered,Flipkart,JNE3560-KR-XL,kurta,XL,1,INR,544,CHENNAI,600021,IN,FALSE
1896,404-0358091-0579554,358091,Women,72,10/04/2022,Delivered,Nalli,SET320-KR-NP-S,Set,S,1,INR,856,NEW DELHI,110059,IN,FALSE
1897,171-4122508-5822731,4122508,Men,48,10/04/2022,Delivered,Amazon,J0243-DR-XXXL,Ethnic Dress,3XL,1,INR,1449,NOIDA,201304,IN,FALSE
1898,171-9726183-9658732,9726183,Women,62,10/04/2022,Delivered,Others,JNE3702-KR-XS,kurta,XS,1,INR,342,south goa,403716,IN,FALSE
1899,407-3204474-1540365,3204474,Women,35,10/04/2022,Delivered,Myntra,SET333-KR-DPT-S,Set,S,1,INR,909,JAIPUR,302020,IN,FALSE
1900,403-9590970-3585154,9590970,Women,28,10/04/2022,Delivered,Meesho,SET171-KR-NP-XXXL,Set,3XL,1,INR,792,MOHALI,160059,IN,FALSE
1901,406-5147430-0941961,5147430,Women,26,10/04/2022,Delivered,Amazon,J0230-SKD-L,Set,L,1,INR,969,HYDERABAD,500019,IN,FALSE
1902,171-6810466-3039552,6810466,Women,29,10/04/2022,Delivered,Ajio,SET286-KR-NP-L,Set,L,1,INR,618,RAJAHMUNDRY,533104,IN,FALSE
1903,402-5003165-6788335,5003165,Men,39,10/04/2022,Returned,Flipkart,SET257-KR-PP-XS,Set,XS,1,INR,568,MUMBAI,400078,IN,FALSE
1904,171-2023316-1846715,2023316,Women,41,10/04/2022,Delivered,Amazon,J0123-TP-XL,Top,XL,1,INR,267,Shimoga,577201,IN,FALSE
1905,408-2893347-4784365,2893347,Men,33,10/04/2022,Cancelled,Amazon,JNE3440-KR-N-XXXL,kurta,3XL,1,INR,379,PORT BLAIR,744103,IN,FALSE
1906,405-1492777-5835512,1492777,Men,64,10/04/2022,Delivered,Amazon,PJNE2199-KR-N-5XL,kurta,5XL,1,INR,764,LUCKNOW,226001,IN,FALSE
1907,402-2282465-5711556,2282465,Men,32,10/04/2022,Delivered,Amazon,SET268-KR-NP-L,Set,L,1,INR,698,THANE,400607,IN,FALSE
1908,407-7686513-2429123,7686513,Men,48,10/04/2022,Returned,Flipkart,SET165-KR-PP-XXL,Set,XXL,1,INR,567,MAHESANA,384002,IN,FALSE
1909,407-7686513-2429123,7686513,Men,43,10/04/2022,Returned,Myntra,JNE3560-KR-XXL,kurta,XXL,1,INR,544,GWALIOR,474009,IN,FALSE
1910,407-3515095-6281162,3515095,Men,31,10/04/2022,Delivered,Flipkart,SET374-KR-NP-M,Set,M,1,INR,635,BENGALURU,560085,IN,FALSE
1911,402-6628443-5602714,6628443,Men,47,10/04/2022,Delivered,Amazon,JNE3630-KR-XXL,kurta,XXL,1,INR,405,THRISSUR,680004,IN,FALSE
1912,407-5916244-8305115,5916244,Men,36,10/04/2022,Delivered,Ajio,J0117-TP-XXXL,Top,3XL,1,INR,545,NAGPUR,440009,IN,FALSE
1913,407-2932986-6501930,2932986,Men,37,10/04/2022,Cancelled,Amazon,JNE3702-KR-XL,kurta,XL,1,INR,325,"Iritty,KANNUR",670703,IN,FALSE
1914,171-9354893-4335566,9354893,Women,19,10/04/2022,Delivered,Amazon,J0301-TP-XL,Top,XL,1,INR,464,BENGALURU,560072,IN,FALSE
1915,406-7895671-1461152,7895671,Women,34,10/04/2022,Delivered,Amazon,JNE3487-KR-S,kurta,S,1,INR,345,HYDERABAD,501510,IN,FALSE
1916,406-7895671-1461152,7895671,Women,22,10/04/2022,Delivered,Flipkart,JNE3405-KR-L,kurta,L,1,INR,399,SILCHAR,788101,IN,FALSE
1917,406-7895671-1461152,7895671,Women,31,10/04/2022,Delivered,Flipkart,JNE3481-KR-XL,kurta,XL,1,INR,269,jaipur,302001,IN,FALSE
1918,406-4121271-9465913,4121271,Men,67,10/04/2022,Cancelled,Nalli,J0416-DR-XL,Western Dress,XL,1,INR,776,PANCHLA,711322,IN,FALSE
1919,171-9433123-5697900,9433123,Women,35,10/04/2022,Delivered,Amazon,JNE3697-KR-M,kurta,M,1,INR,486,MANDIDEEP,462046,IN,FALSE
1920,171-2872384-1110704,2872384,Women,35,10/04/2022,Delivered,Myntra,SET365-KR-NP-XXXL,Set,3XL,1,INR,1099,BENGALURU,560086,IN,FALSE
1921,408-6154848-0610754,6154848,Women,46,10/04/2022,Delivered,Flipkart,MEN5026-KR-M,kurta,M,1,INR,499,Karimganj,788710,IN,FALSE
1922,408-5087469-9245120,5087469,Men,21,10/04/2022,Delivered,Flipkart,J0382-SKD-XS,Set,XS,1,INR,1173,NOIDA,201301,IN,FALSE
1923,408-0361075-1696374,361075,Women,27,10/04/2022,Delivered,Myntra,JNE3613-KR-L,kurta,L,1,INR,399,ROURKELA,769015,IN,FALSE
1924,171-3132467-5256361,3132467,Women,26,10/04/2022,Delivered,Amazon,JNE3440-KR-N-XXXL,kurta,3XL,1,INR,422,VISAKHAPATNAM,530003,IN,FALSE
1925,405-8165336-5589101,8165336,Women,25,10/04/2022,Delivered,Ajio,J0213-TP-XXL,Top,XXL,1,INR,599,Chandrugonda,507166,IN,FALSE
1926,406-9946243-0859523,9946243,Men,49,10/04/2022,Cancelled,Flipkart,J0212-DR-M,Ethnic Dress,M,1,INR,744,BHUBANESWAR,751003,IN,FALSE
1927,404-9407061-4897941,9407061,Men,59,10/04/2022,Returned,Flipkart,J0002-SKD-XL,Set,XL,1,INR,1186,ZARUGUMILLI,523271,IN,FALSE
1928,404-0278420-6213142,278420,Women,25,10/04/2022,Delivered,Flipkart,JNE3865-TP-M,Top,M,1,INR,498,Sonipat,131001,IN,FALSE
1929,407-4353076-7858710,4353076,Women,20,10/04/2022,Delivered,Amazon,MEN5025-KR-XL,kurta,XL,1,INR,530,BENGALURU,560021,IN,FALSE
1930,402-8049324-5758746,8049324,Women,60,10/04/2022,Delivered,Myntra,J0117-TP-M,Top,M,1,INR,518,BILASPUR,495001,IN,FALSE
1931,405-6338175-9908329,6338175,Women,26,10/04/2022,Delivered,Ajio,SET171-KR-NP-L,Set,L,1,INR,802,JAIPUR,302021,IN,FALSE
1932,402-6445326-8392317,6445326,Women,76,10/04/2022,Delivered,Myntra,J0080-TP-S,Top,S,1,INR,531,LUCKNOW,226002,IN,FALSE
1933,406-9549897-5843547,9549897,Women,31,10/04/2022,Delivered,Myntra,SAR013,Saree,Free,1,INR,764,Bangalore,560075,IN,FALSE
1934,171-3897230-0944345,3897230,Women,18,10/04/2022,Delivered,Myntra,JNE3703-KR-M,kurta,M,1,INR,301,KOLKATA,700094,IN,FALSE
1935,406-5788537-1778706,5788537,Men,23,10/04/2022,Cancelled,Myntra,J0335-DR-M,Western Dress,M,1,INR,807,BENGALURU,560037,IN,FALSE
1936,408-1200414-2626722,1200414,Women,27,10/04/2022,Delivered,Flipkart,JNE2153-KR-278-A-XL,kurta,XL,1,INR,424,MUMBAI,400067,IN,FALSE
1937,405-8739704-2443559,8739704,Men,36,10/04/2022,Delivered,Myntra,SET154-KR-NP-XL,Set,XL,1,INR,782,VASAI VIRAR,401210,IN,FALSE
1938,406-8539445-6594727,8539445,Women,20,10/04/2022,Delivered,Flipkart,JNE3785-KR-L,kurta,L,1,INR,335,ETAWAH,206002,IN,FALSE
1939,406-4039876-8637900,4039876,Women,67,10/04/2022,Delivered,Amazon,SET295-KR-NP-L,Set,L,1,INR,747,PUDUCHERRY,605005,IN,FALSE
1940,406-4039876-8637900,4039876,Women,48,10/04/2022,Delivered,Nalli,SET349-KR-NP-XXL,Set,XXL,1,INR,1152,GREATER NOIDA,201306,IN,FALSE
1941,407-2858423-3325920,2858423,Women,39,10/04/2022,Delivered,Amazon,SET397-KR-NP-XL,Set,XL,1,INR,1129,KHAIRA BARi,781315,IN,FALSE
1942,404-7620918-7046748,7620918,Men,46,10/04/2022,Cancelled,Amazon,JNE3797-KR-A-XL,Western Dress,XL,1,INR,725,MEERUT,250004,IN,FALSE
1943,406-8301437-6125925,8301437,Women,36,10/04/2022,Returned,Amazon,JNE3794-KR-XL,kurta,XL,1,INR,517,GHAZIABAD,201007,IN,FALSE
1944,408-4121205-5319568,4121205,Men,41,10/04/2022,Delivered,Amazon,JNE3797-KR-XXXL,Western Dress,3XL,1,INR,735,THANE,400610,IN,FALSE
1945,403-9786643-7573962,9786643,Women,47,10/04/2022,Delivered,Flipkart,SET374-KR-NP-M,Set,M,1,INR,635,MORBI,363641,IN,FALSE
1946,408-3622020-6631529,3622020,Men,26,10/04/2022,Delivered,Myntra,J0379-SKD-S,Set,S,1,INR,1297,Shimla,171001,IN,FALSE
1947,405-3180984-5139503,3180984,Women,47,10/04/2022,Delivered,Myntra,J0236-SKD-S,Set,S,1,INR,931,NEW DELHI,110025,IN,FALSE
1948,406-0678966-7067566,678966,Women,49,10/04/2022,Delivered,Ajio,SET183-KR-DH-M,Set,M,1,INR,759,PUNE,411015,IN,FALSE
1949,403-1438073-4769101,1438073,Women,45,10/04/2022,Delivered,Myntra,JNE3894-TP-L,Top,L,1,INR,1039,ALMORA,263601,IN,FALSE
1950,171-9126698-2760343,9126698,Women,43,10/04/2022,Delivered,Ajio,PJ0096-KR-N-5XL,kurta,5XL,1,INR,688,CHENNAI,600082,IN,FALSE
1951,408-1867634-8217920,1867634,Women,30,10/04/2022,Delivered,Myntra,JNE3784-KR-XL,kurta,XL,1,INR,517,SILLOD,431112,IN,FALSE
1952,406-0418717-1938734,418717,Men,29,10/04/2022,Cancelled,Amazon,SET233-KR-PP-M,Set,M,1,INR,545,MUMBAI,400028,IN,FALSE
1953,404-9475962-3969942,9475962,Men,36,10/04/2022,Cancelled,Others,J0038-DR-S,Ethnic Dress,S,1,INR,546,HYDERABAD,500084,IN,FALSE
1954,406-5227490-3254721,5227490,Women,29,10/04/2022,Delivered,Amazon,SAR012,Saree,Free,1,INR,635,SILIGURI,734009,IN,FALSE
1955,407-4090543-5059547,4090543,Men,42,10/04/2022,Cancelled,Amazon,J0339-DR-L,Western Dress,L,1,INR,744,PUNE,412207,IN,FALSE
1956,404-7897453-6125961,7897453,Men,26,10/04/2022,Cancelled,Ajio,J0341-DR-L,Western Dress,L,1,INR,743,KOZHIKODE,673001,IN,FALSE
1957,402-8550790-0113142,8550790,Women,31,10/04/2022,Delivered,Flipkart,SET277-KR-NP-L,Set,L,1,INR,1338,BALLIA,277001,IN,FALSE
1958,403-2538135-6076310,2538135,Women,45,10/04/2022,Delivered,Myntra,SET233-KR-PP-L,Set,L,1,INR,529,BENGALURU,560091,IN,FALSE
1959,402-8204265-4234741,8204265,Men,39,10/04/2022,Delivered,Amazon,SET393-KR-NP-M,Set,M,1,INR,984,BENGALURU,560025,IN,FALSE
1960,407-1772430-4111519,1772430,Men,62,10/04/2022,Delivered,Flipkart,JNE3797-KR-M,Western Dress,M,1,INR,735,SAMBALPUR,768001,IN,FALSE
1961,408-5152099-3035534,5152099,Women,39,10/04/2022,Delivered,Myntra,JNE3405-KR-L,kurta,L,1,INR,399,Coimbatore,641038,IN,FALSE
1962,404-6387846-5453114,6387846,Women,68,10/04/2022,Delivered,Nalli,SET273-KR-NP-L,Set,L,1,INR,612,GHAZIABAD,201014,IN,FALSE
1963,403-8518320-7817143,8518320,Men,21,10/04/2022,Delivered,Myntra,J0007-SKD-S,Set,S,1,INR,1065,NEW DELHI,110047,IN,FALSE
1964,405-4755854-9568304,4755854,Women,62,10/04/2022,Delivered,Myntra,JNE3468-KR-XXL,kurta,XXL,1,INR,387,VASCO DA GAMA,403802,IN,FALSE
1965,405-4755854-9568304,4755854,Women,51,10/04/2022,Delivered,Amazon,JNE3468-KR-XL,kurta,XL,1,INR,352,MUMBAI,400084,IN,FALSE
1966,405-4755854-9568304,4755854,Women,31,10/04/2022,Delivered,Flipkart,JNE3468-KR-M,kurta,M,1,INR,352,VASAI VIRAR,401303,IN,FALSE
1967,405-4755854-9568304,4755854,Women,34,10/04/2022,Delivered,Amazon,JNE3468-KR-S,kurta,S,1,INR,363,Mumbai,400017,IN,FALSE
1968,405-4755854-9568304,4755854,Women,45,10/04/2022,Delivered,Amazon,JNE3468-KR-XL,kurta,XL,1,INR,363,chennai,600017,IN,FALSE
1969,407-4178953-9509950,4178953,Men,33,10/04/2022,Delivered,Myntra,NW002-TP-PJ-M,Set,M,1,INR,455,BENGALURU,560094,IN,FALSE
1970,403-7608886-2802750,7608886,Men,25,10/04/2022,Cancelled,Amazon,J0341-DR-S,Western Dress,S,1,INR,1168,CHHINDWARA,480001,IN,FALSE
1971,404-5029426-4681909,5029426,Men,54,10/04/2022,Delivered,Amazon,SET288-KR-NP-S,Set,S,1,INR,650,BENGALURU,560093,IN,FALSE
1972,404-5029426-4681909,5029426,Men,77,10/04/2022,Delivered,Flipkart,SET364-KR-NP-L,Set,L,1,INR,1126,BENGALURU,562107,IN,FALSE
1973,402-2421418-4136326,2421418,Women,48,10/04/2022,Delivered,Amazon,J0007-SKD-L,Set,L,1,INR,1079,NAWADA,805102,IN,FALSE
1974,171-4006098-6176319,4006098,Women,69,10/04/2022,Delivered,Flipkart,J0353-KR-M,kurta,M,1,INR,635,Vizianagaram,535002,IN,FALSE
1975,171-4908179-1859533,4908179,Women,18,10/04/2022,Delivered,Myntra,SET374-KR-NP-M,Set,M,1,INR,635,KOLKATA,700103,IN,FALSE
1976,405-6446972-4571555,6446972,Men,40,10/04/2022,Delivered,Flipkart,J0348-SET-M,Set,M,1,INR,478,NEW DELHI,110021,IN,FALSE
1977,405-0893816-9309133,893816,Men,36,10/04/2022,Delivered,Myntra,JNE3797-KR-L,Western Dress,L,1,INR,735,SANGAMNER,422605,IN,FALSE
1978,406-1784285-7023564,1784285,Men,22,10/04/2022,Delivered,Ajio,SET158-KR-PP-XXXL,Set,3XL,1,INR,791,Delhi,110096,IN,FALSE
1979,402-2602946-2127564,2602946,Women,33,10/04/2022,Delivered,Amazon,SET110-KR-PP-S,Set,S,1,INR,788,VIJAYAWADA,520003,IN,FALSE
1980,407-9769660-2682744,9769660,Women,24,10/04/2022,Delivered,Amazon,J0301-TP-XXL,Top,XXL,1,INR,463,DHANBAD,826005,IN,FALSE
1981,406-9302740-6397127,9302740,Women,47,10/04/2022,Returned,Flipkart,SAR010,Saree,Free,1,INR,969,VINDHYA NAGAR NTPC TOWNSHIP,486885,IN,FALSE
1982,402-5192624-7908307,5192624,Men,23,10/04/2022,Refunded,Myntra,J0346-SET-XXL,Set,XXL,1,INR,464,HIMMATNAGAR,383001,IN,FALSE
1983,402-7869008-3621965,7869008,Women,47,10/04/2022,Delivered,Nalli,JNE3160-KR-L,kurta,L,1,INR,729,amritsar,143001,IN,FALSE
1984,402-0755923-1422713,755923,Women,37,10/04/2022,Delivered,Amazon,JNE3405-KR-S,kurta,S,1,INR,449,YELAMANCHILI,531055,IN,FALSE
1985,406-0635155-1573120,635155,Women,47,10/04/2022,Delivered,Amazon,JNE3500-KR-S,kurta,S,1,INR,348,BENGALURU,560016,IN,FALSE
1986,406-0635155-1573120,635155,Women,59,10/04/2022,Delivered,Amazon,J0196-TP-XXXL,Top,3XL,1,INR,490,CHENNAI,600101,IN,FALSE
1987,171-1151224-7513125,1151224,Men,24,10/04/2022,Delivered,Myntra,J0377-SKD-XL,Set,XL,1,INR,969,DIMAPUR,797112,IN,FALSE
1988,408-5723597-5999539,5723597,Men,43,10/04/2022,Delivered,Amazon,SET154-KR-NP-M,Set,M,1,INR,832,GUWAHATI,781034,IN,FALSE
1989,408-0490339-4221145,490339,Men,61,10/04/2022,Delivered,Flipkart,SET331-KR-NP-XL,Set,XL,1,INR,635,PUNE,412207,IN,FALSE
1990,407-1558500-0296323,1558500,Women,39,10/04/2022,Delivered,Flipkart,SET291-KR-PP-L,Set,L,1,INR,569,BIKANER,334001,IN,FALSE
1991,404-8915878-5849932,8915878,Men,57,10/04/2022,Cancelled,Amazon,J0212-DR-XXXL,Ethnic Dress,3XL,1,INR,744,MUMBAI,400067,IN,FALSE
1992,404-8915878-5849932,8915878,Men,26,10/04/2022,Delivered,Myntra,J0161-DR-XXXL,Western Dress,3XL,1,INR,473,BAGRU,303007,IN,FALSE
1993,404-8915878-5849932,8915878,Women,76,10/04/2022,Delivered,Flipkart,J0041-SET-L,Set,L,1,INR,763,HYDERABAD,500032,IN,FALSE
1994,404-8915878-5849932,8915878,Men,24,10/04/2022,Delivered,Amazon,J0212-DR-S,Ethnic Dress,S,1,INR,791,THANE,400605,IN,FALSE
1995,404-5804253-1370760,5804253,Women,30,10/04/2022,Delivered,Amazon,JNE3805-KR-XL,kurta,XL,1,INR,487,MUMBAI,400088,IN,FALSE
1996,407-0145415-0474759,145415,Women,38,10/04/2022,Cancelled,Amazon,JNE3721-KR-XL,kurta,XL,1,INR,292,HYDERABAD,500092,IN,FALSE
1997,406-7463031-4603566,7463031,Women,20,10/04/2022,Delivered,Amazon,JNE3549-KR-S,kurta,S,1,INR,329,BENGALURU,560037,IN,FALSE
1998,171-0793125-7643526,793125,Women,20,10/04/2022,Delivered,Flipkart,PJNE2270-KR-N-5XL,kurta,5XL,1,INR,736,MUMBAI,400016,IN,FALSE
1999,408-8231229-5343558,8231229,Women,43,10/04/2022,Delivered,Amazon,JNE3549-KR-XXL,kurta,XXL,1,INR,308,Bengaluru,560054,IN,FALSE
2000,171-7981625-9622762,7981625,Women,46,10/04/2022,Delivered,Ajio,J0204-TP-S,Top,S,1,INR,749,NEW DELHI,110049,IN,FALSE
2001,404-8473800-1377936,8473800,Women,28,10/04/2022,Delivered,Amazon,SET270-KR-PP-XXL,Set,XXL,1,INR,568,Kolkata,700131,IN,FALSE
2002,404-8473800-1377936,8473800,Women,28,10/04/2022,Delivered,Ajio,SET209-KR-PP-XXL,Set,XXL,1,INR,548,BENGALURU,562123,IN,FALSE
2003,405-1365663-5876336,1365663,Women,43,10/04/2022,Delivered,Flipkart,NW004-TP-PJ-M,Set,M,1,INR,496,NAGAUR,341001,IN,FALSE
2004,405-0020969-5333941,20969,Women,36,10/04/2022,Delivered,Amazon,MEN5021-KR-L,kurta,L,1,INR,764,NEW DELHI,110059,IN,FALSE
2005,407-0274246-5281951,274246,Men,41,10/04/2022,Delivered,Amazon,J0339-DR-XXXL,Western Dress,3XL,1,INR,825,COIMBATORE,641035,IN,FALSE
2006,408-0066299-6267502,66299,Women,57,10/04/2022,Delivered,Others,JNE3856-KR-XXL,kurta,XXL,1,INR,666,THIRUVANANTHAPURAM,695003,IN,FALSE
2007,403-9195570-7611533,9195570,Men,33,10/04/2022,Delivered,Amazon,SET287-KR-NP-XL,Set,XL,1,INR,666,Chennai,600092,IN,FALSE
2008,403-2874940-9313910,2874940,Men,39,10/04/2022,Delivered,Amazon,J0236-SKD-M,Set,M,1,INR,922,SEDAM,585222,IN,FALSE
2009,408-1677368-4413126,1677368,Men,62,10/04/2022,Delivered,Myntra,JNE3484-KR-XXL,kurta,XXL,1,INR,295,Hyderabad,500034,IN,FALSE
2010,405-0107080-9526713,107080,Men,22,10/04/2022,Delivered,Nalli,J0248-KR-DPT-XXL,Set,XXL,1,INR,854,PORT BLAIR / South Andaman,744101,IN,FALSE
2011,408-2826518-4796304,2826518,Men,22,10/04/2022,Delivered,Amazon,JNE3797-KR-A-L,Western Dress,L,1,INR,725,Mumbai,400076,IN,FALSE
2012,407-2679623-6317101,2679623,Men,75,10/04/2022,Delivered,Meesho,J0157-DR-S,Western Dress,S,1,INR,588,VISAKHAPATNAM,530017,IN,FALSE
2013,408-1002922-1261136,1002922,Men,34,10/04/2022,Delivered,Ajio,SET265-KR-NP-XXL,Set,XXL,1,INR,835,YERRABALEM,507201,IN,FALSE
2014,405-2941701-5421951,2941701,Men,22,10/04/2022,Delivered,Flipkart,JNE3697-KR-XXL,kurta,XXL,1,INR,486,PIRANGUT,412115,IN,FALSE
2015,405-2941701-5421951,2941701,Men,39,10/04/2022,Delivered,Others,J0119-TP-XXL,Top,XXL,1,INR,550,HISAR,125001,IN,FALSE
2016,407-4091650-4666717,4091650,Men,46,10/04/2022,Delivered,Amazon,J0346-SET-XL,Set,XL,1,INR,464,SALEM,636003,IN,FALSE
2017,404-6572108-4953161,6572108,Women,56,10/04/2022,Delivered,Flipkart,SET374-KR-NP-L,Set,L,1,INR,666,BHUBANESWAR,751003,IN,FALSE
2018,407-7854832-4251563,7854832,Men,28,10/04/2022,Delivered,Nalli,MEN5008-KR-XL,kurta,XL,1,INR,709,MUMBAI,400014,IN,FALSE
2019,403-1577845-3025919,1577845,Men,32,10/04/2022,Delivered,Myntra,JNE3611-KR-L,kurta,L,1,INR,459,HYDERABAD,500037,IN,FALSE
2020,408-8395386-3203523,8395386,Men,73,10/04/2022,Returned,Ajio,BL104-M,Blouse,M,1,INR,665,RANCHI,834003,IN,FALSE
2021,408-5445859-4360318,5445859,Men,40,10/04/2022,Delivered,Flipkart,SAR013,Saree,Free,1,INR,399,PALWANCHA,507115,IN,FALSE
2022,402-8650621-7753968,8650621,Men,36,10/04/2022,Delivered,Ajio,J0006-SET-M,Ethnic Dress,M,1,INR,855,JAIPUR,302006,IN,FALSE
2023,404-3987684-3021114,3987684,Women,71,10/04/2022,Delivered,Others,SET324-KR-NP-S,Set,S,1,INR,597,TEZPUR,784001,IN,FALSE
2024,403-7713096-2041151,7713096,Men,42,10/04/2022,Delivered,Amazon,J0343-DR-S,Western Dress,S,1,INR,1168,PALAKKAD,678004,IN,FALSE
2025,408-7306894-0538719,7306894,Women,54,10/04/2022,Delivered,Others,SET331-KR-NP-XXL,Set,XXL,1,INR,635,Thane,401107,IN,FALSE
2026,403-9653380-0723527,9653380,Women,42,10/04/2022,Delivered,Flipkart,SAR006,Saree,Free,1,INR,666,BHOPAL,462026,IN,FALSE
2027,171-1290090-0027523,1290090,Women,48,10/04/2022,Delivered,Flipkart,JNE3465-KR-S,kurta,S,1,INR,491,HUBBALLI,580025,IN,FALSE
2028,407-7906789-0956353,7906789,Women,43,10/04/2022,Delivered,Myntra,SET158-KR-PP-M,Set,M,1,INR,791,GUWAHATI,781028,IN,FALSE
2029,407-1109977-6820330,1109977,Women,45,10/04/2022,Delivered,Nalli,SET374-KR-NP-M,Set,M,1,INR,635,MYSURU,570030,IN,FALSE
2030,404-3683082-8059563,3683082,Women,63,10/04/2022,Delivered,Myntra,SET401-KR-NP-XXL,Set,XXL,1,INR,999,JAIPUR,302017,IN,FALSE
2031,402-6695712-5040325,6695712,Women,71,10/04/2022,Delivered,Amazon,JNE3703-KR-S,kurta,S,1,INR,316,Kondotty,673638,IN,FALSE
2032,406-4961209-0292318,4961209,Women,62,10/04/2022,Delivered,Flipkart,JNE3160-KR-L,kurta,L,1,INR,729,SUPAUL,852131,IN,FALSE
2033,404-2663693-2353126,2663693,Women,42,10/04/2022,Delivered,Nalli,SAR004,Saree,Free,1,INR,353,Bhubaneswar,751021,IN,FALSE
2034,404-2663693-2353126,2663693,Women,27,10/04/2022,Delivered,Ajio,SET380-KR-NP-XS,Set,XS,1,INR,984,IDAR,383430,IN,FALSE
2035,405-9380246-0333165,9380246,Women,45,10/04/2022,Delivered,Flipkart,JNE3405-KR-XXL,kurta,XXL,1,INR,399,BENGALURU,560075,IN,FALSE
2036,402-3556954-1384336,3556954,Women,34,10/04/2022,Delivered,Meesho,JNE3412-KR-XXL,kurta,XXL,1,INR,419,NELLORE,524001,IN,FALSE
2037,402-5379003-9973146,5379003,Women,58,10/04/2022,Delivered,Nalli,JNE3405-KR-XXXL,kurta,3XL,1,INR,449,Gurgaon,122001,IN,FALSE
2038,404-5241796-2819546,5241796,Women,31,10/04/2022,Delivered,Flipkart,JNE3522-KR-XXL,kurta,XXL,1,INR,342,NELLORE,524003,IN,FALSE
2039,402-1701638-6598747,1701638,Women,19,10/04/2022,Delivered,Myntra,JNE3712-TP-N-XS,Top,XS,1,INR,518,BARRACKPORE,700123,IN,FALSE
2040,404-9418739-4394743,9418739,Women,52,10/04/2022,Delivered,Amazon,SET345-KR-NP-M,Set,M,1,INR,635,MUMBAI,400066,IN,FALSE
2041,403-2666496-7900346,2666496,Women,43,10/04/2022,Delivered,Flipkart,JNE3423-KR-M,kurta,M,1,INR,435,MUMBAI,400095,IN,FALSE
2042,407-1342623-0021107,1342623,Women,72,10/04/2022,Delivered,Nalli,JNE3810-KR-XL,kurta,XL,1,INR,587,HYDERABAD,500043,IN,FALSE
2043,405-8815724-5824301,8815724,Women,50,10/04/2022,Delivered,Myntra,NW037-TP-SR-XXL,Set,XXL,1,INR,450,GHAZIABAD,201016,IN,FALSE
2044,408-0933515-1554728,933515,Men,29,10/04/2022,Delivered,Flipkart,SET402-KR-NP-L,Set,L,1,INR,988,NEW DELHI,110092,IN,FALSE
2045,403-6508945-4538742,6508945,Women,25,10/04/2022,Delivered,Myntra,J0140-SET-XL,Set,XL,1,INR,591,HYDERABAD,500081,IN,FALSE
2046,405-6874041-3503540,6874041,Women,45,10/04/2022,Delivered,Flipkart,SET171-KR-NP-L,Set,L,1,INR,792,Lucknow,226016,IN,FALSE
2047,403-3816793-8387567,3816793,Women,39,10/04/2022,Delivered,Myntra,SET269-KR-NP-M,Set,M,1,INR,799,NORTH LAKHIMPUR,787031,IN,FALSE
2048,402-7440350-0844369,7440350,Women,36,10/04/2022,Delivered,Flipkart,JNE2032-KR-205-XXXL,kurta,3XL,1,INR,316,HYDERABAD,500018,IN,FALSE
2049,402-6738785-2384308,6738785,Women,41,10/04/2022,Delivered,Meesho,JNE3160-KR-XXL,kurta,XXL,1,INR,749,Hyderabad,500089,IN,FALSE
2050,405-3315541-6501911,3315541,Men,18,10/04/2022,Delivered,Amazon,JNE3880-DR-XL,Western Dress,XL,1,INR,690,NEW DELHI,110002,IN,FALSE
2051,405-9298496-7577926,9298496,Women,32,10/04/2022,Delivered,Amazon,SET400-KR-NP-M,Set,M,1,INR,1036,HYDERABAD,500090,IN,FALSE
2052,171-9614786-8352355,9614786,Women,39,10/04/2022,Delivered,Myntra,JNE3765-KR-XS,kurta,XS,1,INR,517,TIRUCHIRAPPALLI,620102,IN,FALSE
2053,171-4655628-4052301,4655628,Women,67,10/04/2022,Delivered,Flipkart,J0351-SET-M,Set,M,1,INR,832,BENGALURU,560040,IN,FALSE
2054,404-9536954-8577910,9536954,Women,27,10/04/2022,Delivered,Meesho,J0097-KR-XL,kurta,XL,1,INR,544,BHUBANESWAR,751030,IN,FALSE
2055,402-7551322-5681113,7551322,Women,34,10/04/2022,Delivered,Flipkart,JNE3399-KR-XS,kurta,XS,1,INR,435,NANDYAL,518502,IN,FALSE
2056,408-5851999-1796327,5851999,Men,72,10/04/2022,Delivered,Amazon,J0002-SKD-XXL,Set,XXL,1,INR,1125,Kadipur,228161,IN,FALSE
2057,404-8882446-7821120,8882446,Men,23,10/04/2022,Delivered,Flipkart,J0230-SKD-XS,Set,XS,1,INR,969,UDUPI,576230,IN,FALSE
2058,408-4015560-0425936,4015560,Women,18,10/04/2022,Returned,Myntra,JNE3560-KR-XL,kurta,XL,1,INR,487,HAMIRPUR,177001,IN,FALSE
2059,408-4015560-0425936,4015560,Men,23,10/04/2022,Returned,Amazon,SET154-KR-NP-L,Set,L,1,INR,832,BENGALURU,560070,IN,FALSE
2060,408-4015560-0425936,4015560,Women,20,10/04/2022,Returned,Myntra,JNE3440-KR-N-XXL,kurta,XXL,1,INR,399,JAIPUR,302001,IN,FALSE
2061,406-9407350-3687544,9407350,Men,21,10/04/2022,Delivered,Amazon,SET268-KR-NP-XL,Set,XL,1,INR,788,MUMBAI,400095,IN,FALSE
2062,404-0732001-7288364,732001,Men,51,10/04/2022,Delivered,Myntra,JNE3797-KR-A-M,Western Dress,M,1,INR,771,BENGALURU,560016,IN,FALSE
2063,408-5014067-4353953,5014067,Women,46,10/04/2022,Delivered,Others,SET217-KR-PP-XXL,Set,XXL,1,INR,786,PIMPRI CHINCHWAD,411027,IN,FALSE
2064,404-5298155-4965110,5298155,Women,50,10/04/2022,Delivered,Amazon,SET269-KR-NP-S,Set,S,1,INR,799,NEW DELHI,110064,IN,FALSE
2065,402-8297211-5339514,8297211,Women,22,10/04/2022,Refunded,Amazon,JNE3294-KR-M,kurta,M,1,INR,353,VISAKHAPATNAM,530008,IN,FALSE
2066,405-8456164-1608358,8456164,Women,30,10/04/2022,Delivered,Amazon,SET273-KR-NP-M,Set,M,1,INR,612,DELHI,110034,IN,FALSE
2067,407-1488480-3304332,1488480,Women,28,10/04/2022,Delivered,Myntra,SET377-KR-NP-S,Set,S,1,INR,1068,Nashik,422004,IN,FALSE
2068,408-3853788-2326762,3853788,Women,47,10/04/2022,Returned,Flipkart,SET288-KR-NP-XL,Set,XL,1,INR,674,Chandigarh,160003,IN,FALSE
2069,405-2206460-3893939,2206460,Women,29,10/04/2022,Delivered,Amazon,JNE2014-KR-178-XL,kurta,XL,1,INR,353,VISAKHAPATNAM,530005,IN,FALSE
2070,171-7367745-6108338,7367745,Men,75,10/04/2022,Delivered,Amazon,SET317-KR-PP-S,Set,S,1,INR,1199,DEHRADUN,248001,IN,FALSE
2071,408-6014992-6189131,6014992,Women,58,10/04/2022,Returned,Amazon,SET339-KR-NP-M,Set,M,1,INR,646,RANGPO,737132,IN,FALSE
2072,408-3170626-3685931,3170626,Women,35,10/04/2022,Delivered,Flipkart,JNE2305-KR-533-XL,kurta,XL,1,INR,376,CHENNAI,600122,IN,FALSE
2073,407-3811032-5687554,3811032,Men,39,10/04/2022,Delivered,Myntra,BTM027-NP-XXL,Bottom,XXL,1,INR,518,ALDONA,403508,IN,FALSE
2074,407-7878890-7119514,7878890,Women,31,10/04/2022,Delivered,Myntra,JNE3721-KR-L,kurta,L,1,INR,292,Allahabad,212107,IN,FALSE
2075,403-0564459-3776330,564459,Men,45,10/04/2022,Delivered,Myntra,SET392-KR-NP-XS,Set,XS,1,INR,799,DEVANAHALLI,562110,IN,FALSE
2076,407-1241236-5961162,1241236,Men,38,10/04/2022,Delivered,Flipkart,J0285-SKD-XS,Set,XS,1,INR,1442,NEW DELHI,110092,IN,FALSE
2077,407-2636810-3265169,2636810,Women,31,10/04/2022,Delivered,Flipkart,SET356-KR-NP-XXL,Set,XXL,1,INR,999,CHENNAI,600088,IN,FALSE
2078,406-0984632-6958701,984632,Men,37,10/04/2022,Delivered,Amazon,SET130-KR-NP-S,Set,S,1,INR,499,SAHARANPUR,247001,IN,FALSE
2079,405-6730912-8357933,6730912,Women,36,10/04/2022,Delivered,Amazon,JNE3816-KR-S,kurta,S,1,INR,521,BENGALURU,560043,IN,FALSE
2080,408-3201891-3599507,3201891,Women,61,10/04/2022,Delivered,Amazon,SET257-KR-PP-XL,Set,XL,1,INR,546,NEW DELHI,110053,IN,FALSE
2081,404-8668802-0485147,8668802,Women,24,10/04/2022,Delivered,Myntra,SET130-KR-NP-XXXL,Set,3XL,1,INR,612,HYDERABAD,500068,IN,FALSE
2082,403-5902601-0757105,5902601,Men,27,10/04/2022,Returned,Nalli,SET277-KR-NP-M,Set,M,1,INR,1268,Hyderabad,500050,IN,FALSE
2083,403-5902601-0757105,5902601,Women,33,10/04/2022,Cancelled,Ajio,SET269-KR-NP-M,Set,M,1,INR,824,LUCKNOW,226010,IN,FALSE
2084,404-8295066-2401105,8295066,Men,27,10/04/2022,Delivered,Myntra,J0157-DR-XXL,Western Dress,XXL,1,INR,659,JABALPUR,482011,IN,FALSE
2085,171-6217398-9682744,6217398,Women,51,10/04/2022,Delivered,Amazon,SET293-KR-NP-L,Set,L,1,INR,702,BENGALURU,560097,IN,FALSE
2086,402-4279559-5440307,4279559,Women,32,10/04/2022,Delivered,Ajio,SET197-KR-NP-XXL,Set,XXL,1,INR,759,Bangalore,560078,IN,FALSE
2087,402-7201513-3469962,7201513,Women,19,10/04/2022,Delivered,Flipkart,J0117-TP-XL,Top,XL,1,INR,518,MUMBAI,400104,IN,FALSE
2088,405-1832225-5585961,1832225,Men,21,10/04/2022,Delivered,Flipkart,SET392-KR-NP-XS,Set,XS,1,INR,799,BENGALURU,560066,IN,FALSE
2089,404-4913085-0895503,4913085,Men,44,10/04/2022,Delivered,Meesho,J0092-SET-XL,Set,XL,1,INR,833,HYDERABAD,500049,IN,FALSE
2090,408-2354557-7193113,2354557,Men,21,10/04/2022,Delivered,Flipkart,J0339-DR-XXL,Western Dress,XXL,1,INR,825,GHAZIABAD,201001,IN,FALSE
2091,406-2563484-0750753,2563484,Men,58,10/04/2022,Delivered,Meesho,JNE3797-KR-A-M,Western Dress,M,1,INR,771,THANE,400615,IN,FALSE
2092,407-7911306-2225168,7911306,Women,27,10/04/2022,Delivered,Amazon,JNE3753-KR-XXL,kurta,XXL,1,INR,499,HYDERABAD,500019,IN,FALSE
2093,407-7306651-6168364,7306651,Men,18,10/04/2022,Delivered,Amazon,JNE3797-KR-L,Western Dress,L,1,INR,724,KARIMNAGAR,505001,IN,FALSE
2094,404-3733400-5408341,3733400,Men,40,10/04/2022,Delivered,Amazon,SET171-KR-NP-L,Set,L,1,INR,802,DURGAPUR,713216,IN,FALSE
2095,408-9192143-9729143,9192143,Men,35,10/04/2022,Delivered,Flipkart,SET171-KR-NP-M,Set,M,1,INR,775,NEW DELHI,110015,IN,FALSE
2096,408-4917514-1869167,4917514,Women,31,10/04/2022,Delivered,Flipkart,JNE3801-KR-XL,kurta,XL,1,INR,725,BENGALURU,560098,IN,FALSE
2097,408-4073000-7700301,4073000,Men,36,10/04/2022,Delivered,Amazon,JNE3797-KR-L,Western Dress,L,1,INR,735,TIRUPATI,517501,IN,TRUE
2098,408-6254423-9906746,6254423,Women,32,10/04/2022,Delivered,Amazon,SET243-KR-PP-XL,Set,XL,1,INR,499,SEHORE,466001,IN,FALSE
2099,408-0595204-9546740,595204,Men,66,10/04/2022,Delivered,Flipkart,J0306-DR-XXL,Western Dress,XXL,1,INR,690,VIJAYAWADA,520012,IN,FALSE
2100,403-8280224-6565906,8280224,Women,44,10/04/2022,Delivered,Ajio,JNE3688-TU-XS,Top,XS,1,INR,599,Chennai,600042,IN,FALSE
2101,404-6403482-0085100,6403482,Men,41,10/04/2022,Delivered,Amazon,SET110-KR-PP-XS,Set,XS,1,INR,788,Dehri,821307,IN,FALSE
2102,408-6069656-2777915,6069656,Men,42,10/04/2022,Delivered,Amazon,SET144-KR-NP-L,Set,L,1,INR,788,KOLKATA,700036,IN,FALSE
2103,171-2740039-2484320,2740039,Women,47,10/04/2022,Delivered,Amazon,SET273-KR-NP-S,Set,S,1,INR,612,BULANDSHAHR,203001,IN,FALSE
2104,406-1893448-0805943,1893448,Men,26,10/04/2022,Delivered,Amazon,JNE3798-KR-L,Western Dress,L,1,INR,724,HYDERABAD,500085,IN,FALSE
2105,406-1394833-1636307,1394833,Men,42,10/04/2022,Delivered,Amazon,NW039-TP-SR-S,Set,S,1,INR,499,GREATER NOIDA,201310,IN,FALSE
2106,408-0182524-3985907,182524,Women,43,10/04/2022,Delivered,Others,JNE3645-TP-N-M,Top,M,1,INR,432,PUNE,411045,IN,FALSE
2107,403-8217262-4515514,8217262,Men,27,10/04/2022,Delivered,Amazon,SET374-KR-NP-L,Set,L,2,INR,1194,Angul,759145,IN,FALSE
2108,171-2147024-8005150,2147024,Men,49,10/04/2022,Delivered,Myntra,SET145-KR-NP-L,Set,L,1,INR,764,GUWAHATI,781003,IN,FALSE
2109,403-9440138-4530750,9440138,Women,33,10/04/2022,Delivered,Others,MEN5021-KR-XL,kurta,XL,1,INR,530,GORAKHPUR,273008,IN,FALSE
2110,404-8122185-1736345,8122185,Men,35,10/04/2022,Delivered,Amazon,SET269-KR-NP-L,Set,L,1,INR,824,MANDAPETA,533340,IN,FALSE
2111,407-0232500-3997150,232500,Men,19,10/04/2022,Delivered,Amazon,NW014-ST-SR-XXL,Set,XXL,1,INR,537,BENGALURU,560068,IN,FALSE
2112,405-8778113-4285957,8778113,Men,26,10/04/2022,Delivered,Flipkart,SET310-KR-NP-XXXL,Set,3XL,1,INR,969,BHOPAL,462038,IN,FALSE
2113,404-3400977-7416329,3400977,Men,33,10/04/2022,Delivered,Flipkart,SET324-KR-NP-M,Set,M,1,INR,607,Sagar,470001,IN,FALSE
2114,404-5901963-7277154,5901963,Women,32,10/04/2022,Delivered,Amazon,SAR005,Saree,Free,1,INR,832,BENGALURU,560029,IN,TRUE
2115,171-1254948-0254749,1254948,Women,37,10/04/2022,Delivered,Amazon,SET224-KR-NP-XS,Set,XS,1,INR,1098,HYDERABAD,500079,IN,FALSE
2116,402-6883557-1244357,6883557,Women,65,10/04/2022,Delivered,Amazon,JNE3836-KR-S,kurta,S,1,INR,635,BENGALURU,560048,IN,FALSE
2117,408-2888625-3861950,2888625,Women,46,10/04/2022,Delivered,Myntra,JNE3720-KR-S,kurta,S,1,INR,517,Pune,411019,IN,FALSE
2118,405-4081572-8531534,4081572,Women,19,10/04/2022,Delivered,Flipkart,JNE3399-KR-M,kurta,M,1,INR,426,HYDERABAD,500081,IN,FALSE
2119,404-7770106-5374752,7770106,Women,39,10/04/2022,Delivered,Amazon,SET268-KR-NP-S,Set,S,1,INR,788,BENGALURU,560098,IN,FALSE
2120,404-2901592-6943534,2901592,Women,28,10/04/2022,Delivered,Flipkart,JNE2270-KR-487-A-L,kurta,L,1,INR,518,RANCHI,834008,IN,FALSE
2121,402-0783414-9164324,783414,Women,48,10/04/2022,Delivered,Myntra,MEN5017-KR-L,kurta,L,1,INR,736,LUCKNOW,226010,IN,FALSE
2122,405-9071831-9746724,9071831,Women,23,10/04/2022,Delivered,Amazon,SET268-KR-NP-XS,Set,XS,1,INR,788,MIRIK,734214,IN,FALSE
2123,407-3716905-2157943,3716905,Men,23,10/04/2022,Delivered,Amazon,SET405-KR-NP-L,Set,L,1,INR,735,BENGALURU,560034,IN,FALSE
2124,407-3716905-2157943,3716905,Women,65,10/04/2022,Delivered,Amazon,SET364-KR-NP-M,Set,M,1,INR,1126,Jamnagar,361006,IN,FALSE
2125,407-3082027-8009121,3082027,Women,18,10/04/2022,Delivered,Nalli,SET278-KR-NP-M,Set,M,1,INR,1432,BHANDARA,441904,IN,FALSE
2126,171-7995447-1739559,7995447,Women,35,10/04/2022,Delivered,Myntra,JNE3568-KR-XL,kurta,XL,1,INR,399,Faridabad,121008,IN,FALSE
2127,402-0509269-4126768,509269,Women,61,10/04/2022,Delivered,Ajio,JNE3030-KR-XL,kurta,XL,1,INR,736,Chennai,600049,IN,FALSE
2128,406-8457885-4688324,8457885,Women,33,10/04/2022,Delivered,Amazon,JNE2270-KR-487-A-XL,kurta,XL,1,INR,518,MANNARGUDI,614001,IN,FALSE
2129,404-2888997-4119563,2888997,Women,22,10/04/2022,Delivered,Nalli,SET268-KR-NP-XL,Set,XL,1,INR,788,ONGOLE,523225,IN,FALSE
2130,405-5931547-6938737,5931547,Men,22,10/04/2022,Delivered,Flipkart,SET374-KR-NP-L,Set,L,1,INR,666,PUNE,411001,IN,FALSE
2131,407-3177579-7429161,3177579,Women,18,10/04/2022,Delivered,Flipkart,SET268-KR-NP-M,Set,M,1,INR,788,CHENNAI,600040,IN,FALSE
2132,406-8423744-5890731,8423744,Women,43,10/04/2022,Delivered,Meesho,J0197-TP-XL,Top,XL,1,INR,625,DAMOH,470661,IN,FALSE
2133,408-8753215-3052348,8753215,Men,78,10/04/2022,Delivered,Amazon,SET257-KR-PP-S,Set,S,1,INR,568,MUMBAI,400065,IN,FALSE
2134,171-7091245-0829920,7091245,Men,21,10/04/2022,Delivered,Amazon,J0003-SET-M,Set,M,1,INR,664,NEW DELHI,110096,IN,FALSE
2135,408-4455354-5274766,4455354,Women,28,10/04/2022,Delivered,Amazon,SET339-KR-NP-XXXL,Set,3XL,1,INR,655,CHILAKALURIPET,522616,IN,FALSE
2136,405-8204650-4856330,8204650,Men,72,10/04/2022,Delivered,Amazon,SET131-KR-NP-XS,Set,XS,1,INR,567,NAVI MUMBAI,410206,IN,FALSE
2137,171-7678722-0246756,7678722,Women,20,10/04/2022,Delivered,Myntra,BL111-XXL,Blouse,XXL,1,INR,563,SHIMLA,171012,IN,FALSE
2138,405-9021711-9445168,9021711,Women,34,10/04/2022,Delivered,Amazon,JNE3560-KR-M,kurta,M,1,INR,487,ROURKELA,769003,IN,FALSE
2139,405-9021711-9445168,9021711,Men,75,10/04/2022,Delivered,Flipkart,SET154-KR-NP-XL,Set,XL,1,INR,832,BENGALURU,560035,IN,FALSE
2140,404-2682275-5689135,2682275,Women,46,10/04/2022,Delivered,Flipkart,SET355-KR-PP-S,Set,S,1,INR,1229,GUWAHATI,781005,IN,FALSE
2141,402-0524978-4975554,524978,Women,40,10/04/2022,Delivered,Myntra,J0095-SET-XS,Set,XS,1,INR,633,pathankot,145001,IN,FALSE
2142,406-2085002-0569916,2085002,Men,29,10/04/2022,Delivered,Amazon,JNE3797-KR-XXL,Western Dress,XXL,1,INR,735,Attingal,695143,IN,FALSE
2143,402-8248625-1499510,8248625,Men,23,10/04/2022,Delivered,Amazon,J0003-SET-XXXL,Set,3XL,1,INR,664,NEW DELHI,110077,IN,FALSE
2144,402-4538636-6101914,4538636,Men,76,10/04/2022,Delivered,Others,SET278-KR-NP-L,Set,L,1,INR,1442,NAVI MUMBAI,410218,IN,FALSE
2145,403-0284056-8758775,284056,Women,46,10/04/2022,Delivered,Others,J0230-SKD-XL,Set,XL,1,INR,1146,NOIDA,201301,IN,FALSE
2146,406-8591101-5870764,8591101,Women,55,10/04/2022,Delivered,Flipkart,SET165-KR-PP-XXXL,Set,3XL,1,INR,567,LUCKNOW,226005,IN,FALSE
2147,402-8698818-8511557,8698818,Men,42,10/04/2022,Delivered,Flipkart,SET243-KR-PP-L,Set,L,1,INR,499,PAONTA SAHIB,173025,IN,FALSE
2148,408-9140541-1738753,9140541,Women,34,10/04/2022,Delivered,Myntra,MEN5029-KR-M,kurta,M,1,INR,475,BENGALURU,560067,IN,FALSE
2149,407-2374949-0235512,2374949,Women,25,10/04/2022,Delivered,Amazon,SET374-KR-NP-M,Set,M,1,INR,666,SERAMPORE,712201,IN,FALSE
2150,171-2392811-6294717,2392811,Women,37,10/04/2022,Cancelled,Myntra,JNE3565-KR-S,kurta,S,1,INR,318,NAGAPATTINAM,609701,IN,FALSE
2151,171-2347266-2621117,2347266,Men,48,10/04/2022,Delivered,Ajio,SET128-KR-DH-XXL,Set,XXL,1,INR,985,JAIPUR,302029,IN,FALSE
2152,408-5810781-5139568,5810781,Women,18,10/04/2022,Delivered,Ajio,J0003-SET-L,Set,L,1,INR,696,JAIPUR,302015,IN,FALSE
2153,402-4523583-1870701,4523583,Men,68,10/04/2022,Delivered,Flipkart,SET357-KR-NP-S,Set,S,1,INR,771,BENGALURU,560102,IN,FALSE
2154,402-3495310-1622709,3495310,Men,36,10/04/2022,Delivered,Ajio,SET332-KR-PP-XL,Set,XL,1,INR,549,NAVI MUMBAI,410209,IN,FALSE
2155,404-4736027-7818730,4736027,Women,39,10/04/2022,Delivered,Myntra,SET165-KR-PP-L,Set,L,1,INR,567,ONGOLE,523001,IN,FALSE
2156,405-7981163-9546728,7981163,Men,45,10/04/2022,Delivered,Others,JNE3797-KR-M,Western Dress,M,1,INR,771,Kalyan,421301,IN,FALSE
2157,406-6341492-7950724,6341492,Men,43,10/04/2022,Delivered,Ajio,J0230-SKD-M,Set,M,1,INR,1319,KALADHUNGI,263139,IN,FALSE
2158,406-7324110-7083545,7324110,Women,46,10/04/2022,Delivered,Others,SET291-KR-PP-XL,Set,XL,1,INR,563,PUNE,411045,IN,FALSE
2159,407-5813745-3993950,5813745,Women,59,10/04/2022,Delivered,Myntra,MEN5009-KR-XL,kurta,XL,1,INR,495,Hyderabad,500086,IN,FALSE
2160,406-8813625-0248304,8813625,Women,65,10/04/2022,Delivered,Amazon,J0163-SKD-L,Set,L,1,INR,999,VISAKHAPATNAM,530046,IN,FALSE
2161,405-0839557-4768350,839557,Women,31,10/04/2022,Delivered,Amazon,JNE1951-KR-155-XXL,kurta,XXL,1,INR,368,PIMPRI CHINCHWAD,411061,IN,TRUE
2162,408-4963153-1648357,4963153,Women,20,10/04/2022,Delivered,Flipkart,MEN5023-KR-L,kurta,L,1,INR,547,GURUGRAM,122011,IN,FALSE
2163,403-8468712-1675527,8468712,Women,29,10/04/2022,Delivered,Amazon,SET291-KR-PP-XL,Set,XL,1,INR,599,UDAIPUR,313004,IN,FALSE
2164,405-9132818-2591569,9132818,Men,29,10/04/2022,Delivered,Amazon,J0395-DR-XL,Western Dress,XL,1,INR,859,CHENNAI,600020,IN,FALSE
2165,408-8388545-4535501,8388545,Women,43,10/04/2022,Delivered,Ajio,J0148-SET-XS,Set,XS,1,INR,599,COIMBATORE,641045,IN,FALSE
2166,403-1114997-1573929,1114997,Women,51,10/04/2022,Delivered,Flipkart,SET329-KR-NP-XXL,Set,XXL,1,INR,666,HYDERABAD,500045,IN,FALSE
2167,403-6365445-1570750,6365445,Women,66,10/04/2022,Delivered,Amazon,SET374-KR-NP-S,Set,S,1,INR,597,MOHALI,140301,IN,FALSE
2168,408-2698933-5805129,2698933,Women,70,10/04/2022,Delivered,Flipkart,SET110-KR-PP-XS,Set,XS,1,INR,788,PUNE,411030,IN,FALSE
2169,404-2387413-2129947,2387413,Men,29,10/04/2022,Delivered,Myntra,SET217-KR-PP-M,Set,M,1,INR,786,NEW DELHI,110091,IN,FALSE
2170,403-6290745-7566741,6290745,Women,31,10/04/2022,Delivered,Flipkart,J0299-KR-XXXL,kurta,3XL,1,INR,345,GUWAHATI,781006,IN,FALSE
2171,402-9812775-3876302,9812775,Women,76,10/04/2022,Delivered,Ajio,SET156-KR-NP-L,Set,L,1,INR,680,PUNE,411014,IN,FALSE
2172,402-9812775-3876302,9812775,Women,49,10/04/2022,Delivered,Myntra,BL104-L,Blouse,L,1,INR,625,VISAKHAPATNAM,530032,IN,FALSE
2173,402-9812775-3876302,9812775,Women,30,10/04/2022,Delivered,Myntra,BL100-M,Blouse,M,1,INR,664,Bhagalpur,812001,IN,FALSE
2174,402-9860712-4305910,9860712,Women,64,10/04/2022,Delivered,Amazon,SET344-KR-NP-XXL,Set,XXL,1,INR,968,HYDERABAD,500062,IN,FALSE
2175,402-5203774-0520307,5203774,Men,49,10/04/2022,Delivered,Myntra,SET380-KR-NP-XXXL,Set,3XL,1,INR,1186,Hyderabad,502032,IN,FALSE
2176,405-3856174-5480362,3856174,Men,20,10/04/2022,Delivered,Myntra,SET268-KR-NP-M,Set,M,1,INR,788,MUMBAI,400053,IN,FALSE
2177,171-2251195-9805924,2251195,Men,34,10/04/2022,Delivered,Others,J0124-TP-S,Top,S,1,INR,523,South Goa,403401,IN,FALSE
2178,403-6626424-6818733,6626424,Women,47,10/04/2022,Delivered,Amazon,SET270-KR-PP-XXL,Set,XXL,1,INR,563,VISAKHAPATNAM,530013,IN,FALSE
2179,403-6626424-6818733,6626424,Men,51,10/04/2022,Delivered,Amazon,SET268-KR-NP-S,Set,S,1,INR,788,MUMBAI,400018,IN,FALSE
2180,404-1991958-6317162,1991958,Women,35,10/04/2022,Delivered,Meesho,SET179-KR-PP-XS,Set,XS,1,INR,499,SALEM,636004,IN,FALSE
2181,406-0422963-1676304,422963,Men,34,10/04/2022,Delivered,Flipkart,SAR013,Saree,Free,1,INR,563,BHOPAL,462026,IN,FALSE
2182,406-8220272-5575558,8220272,Men,40,10/04/2022,Delivered,Flipkart,SET304-KR-DPT-XXL,Set,XXL,1,INR,1115,KOCHI,682006,IN,FALSE
2183,406-4390559-0093953,4390559,Men,67,10/04/2022,Delivered,Myntra,SAR021,Saree,Free,1,INR,595,Indore,452010,IN,FALSE
2184,403-8983736-6117936,8983736,Women,35,10/04/2022,Delivered,Myntra,SET374-KR-NP-L,Set,L,1,INR,597,KOLKATA,700032,IN,FALSE
2185,403-6455262-9473111,6455262,Men,25,10/04/2022,Delivered,Amazon,SAR019,Saree,Free,1,INR,458,HOSUR,635126,IN,FALSE
2186,407-5212825-4041964,5212825,Women,74,10/04/2022,Delivered,Flipkart,SET397-KR-NP  -M,Set,M,1,INR,1115,Chennai,600089,IN,FALSE
2187,407-1364810-2974710,1364810,Men,33,10/04/2022,Delivered,Nalli,SET374-KR-NP-XS,Set,XS,1,INR,666,Amravati,444605,IN,FALSE
2188,407-1364810-2974710,1364810,Men,26,10/04/2022,Delivered,Myntra,SET356-KR-NP-M,Set,M,1,INR,1066,THANE,400605,IN,FALSE
2189,404-2392307-7496364,2392307,Women,43,10/04/2022,Delivered,Ajio,J0140-SET-XL,Set,XL,1,INR,591,SOLAN,174101,IN,FALSE
2190,171-1632493-9363511,1632493,Women,38,10/04/2022,Delivered,Flipkart,SET243-KR-PP-XXXL,Set,3XL,1,INR,534,FARIDABAD,121002,IN,FALSE
2191,171-7317515-8285110,7317515,Men,28,10/04/2022,Delivered,Flipkart,JNE3688-TU-XXXL,Top,3XL,1,INR,599,CHANDIGARH,160047,IN,FALSE
2192,405-9279939-5700322,9279939,Women,47,10/04/2022,Delivered,Amazon,SET402-KR-NP-M,Set,M,1,INR,988,Ajmer,305001,IN,FALSE
2193,406-0967485-0012342,967485,Women,41,10/04/2022,Delivered,Myntra,J0078-SET-S,Set,S,1,INR,999,Vellore,632014,IN,FALSE
2194,408-0330273-7634707,330273,Men,40,10/04/2022,Delivered,Flipkart,SAR009,Saree,Free,1,INR,635,BENGALURU,560080,IN,FALSE
2195,403-5852722-3144332,5852722,Men,46,10/04/2022,Delivered,Amazon,SAR025,Saree,Free,1,INR,540,NAGERCOIL,629001,IN,FALSE
2196,408-4531124-3709959,4531124,Women,32,10/04/2022,Delivered,Flipkart,SAR023,Saree,Free,1,INR,967,GUNTUR,522004,IN,FALSE
2197,404-1247394-4297934,1247394,Men,42,10/04/2022,Delivered,Myntra,J0006-SET-M,Ethnic Dress,M,1,INR,855,THANE,400602,IN,FALSE
2198,407-0112186-9017144,112186,Women,46,10/04/2022,Delivered,Others,SET158-KR-PP-XL,Set,XL,1,INR,767,VISAKHAPATNAM,530028,IN,FALSE
2199,404-0237179-7164334,237179,Women,65,10/04/2022,Delivered,Flipkart,SAR023,Saree,Free,1,INR,424,BAGALKOT,591220,IN,FALSE
2200,408-5782349-1353915,5782349,Women,29,10/04/2022,Delivered,Amazon,SAR003,Saree,Free,1,INR,359,CHENNAI,600077,IN,FALSE
2201,171-1819381-4989938,1819381,Women,46,10/04/2022,Delivered,Flipkart,SET172-KR-PP-B-XL,Set,XL,1,INR,1112,BIKANER,334001,IN,FALSE
2202,405-3090151-7952320,3090151,Women,73,10/04/2022,Delivered,Ajio,NW028-TP-PJ-XXL,Set,XXL,1,INR,539,NEW DELHI,110092,IN,FALSE
2203,402-5288133-9614703,5288133,Women,70,10/04/2022,Delivered,Amazon,SET324-KR-NP-L,Set,L,1,INR,597,HYDERABAD,500084,IN,FALSE
2204,406-0690926-4673149,690926,Men,52,10/04/2022,Delivered,Amazon,J0341-DR-M,Western Dress,M,1,INR,791,MUMBAI,400051,IN,FALSE
2205,402-6481370-2075508,6481370,Women,32,10/04/2022,Delivered,Ajio,BL104-XL,Blouse,XL,1,INR,625,FARAKKA,742236,IN,FALSE
2206,171-2459314-4177907,2459314,Women,47,10/04/2022,Delivered,Myntra,J0119-TP-XXXL,Top,3XL,1,INR,540,ANUPURAM,603127,IN,FALSE
2207,407-2011923-2153932,2011923,Women,42,10/04/2022,Delivered,Others,JNE3894-TP-M,Top,M,1,INR,749,NEW DELHI,110024,IN,FALSE
2208,405-2408369-1643528,2408369,Women,25,10/04/2022,Delivered,Myntra,SET339-KR-NP-XS,Set,XS,1,INR,696,RAICHUR,584101,IN,FALSE
2209,404-2888763-0705916,2888763,Women,28,10/04/2022,Delivered,Amazon,MEN5002-KR-XL,kurta,XL,1,INR,499,NEW DELHI,110014,IN,FALSE
2210,407-1480728-2861119,1480728,Women,32,10/04/2022,Delivered,Amazon,SET366-KR-NP-XS,Set,XS,1,INR,1165,Mumbai,400077,IN,FALSE
2211,406-5369941-1741103,5369941,Women,56,10/04/2022,Delivered,Amazon,SET305-KR-DPT-L,Set,L,1,INR,939,GURUGRAM,122006,IN,FALSE
2212,408-9269991-5774746,9269991,Women,30,10/04/2022,Delivered,Amazon,JNE3294-KR-M,kurta,M,1,INR,449,JAIPUR,302021,IN,FALSE
2213,403-9885057-6253943,9885057,Women,44,10/04/2022,Delivered,Myntra,SET128-KR-DH-L,Set,L,1,INR,921,NEW DELHI,110091,IN,FALSE
2214,402-9461185-9712364,9461185,Women,45,10/04/2022,Delivered,Amazon,SET400-KR-NP-XL,Set,XL,1,INR,1036,PATNA,800014,IN,FALSE
2215,403-8218270-2097169,8218270,Women,56,10/04/2022,Delivered,Amazon,JNE3461-KR-L,kurta,L,1,INR,399,BENGALURU,562162,IN,FALSE
2216,404-9180152-7746742,9180152,Women,72,10/04/2022,Delivered,Myntra,JNE2294-KR-A-XL,kurta,XL,1,INR,511,NEW DELHI,110025,IN,FALSE
2217,404-4847026-2310711,4847026,Women,38,10/04/2022,Delivered,Ajio,SET374-KR-NP-S,Set,S,1,INR,666,VAPI,396191,IN,FALSE
2218,405-8723576-6732352,8723576,Women,32,10/04/2022,Refunded,Amazon,SET374-KR-NP-L,Set,L,1,INR,666,DIPKA,495452,IN,FALSE
2219,402-9808254-9957938,9808254,Women,25,10/04/2022,Delivered,Flipkart,JNE3560-KR-XS,kurta,XS,1,INR,487,KOZHIKODE,673020,IN,FALSE
2220,402-1933954-5770735,1933954,Women,32,10/04/2022,Delivered,Ajio,SET357-KR-NP-S,Set,S,1,INR,725,ALLAHABAD,211019,IN,FALSE
2221,171-1454540-2049104,1454540,Women,32,10/04/2022,Delivered,Amazon,SET153-KR-NP-XXXL,Set,3XL,1,INR,461,NEW DELHI,110086,IN,FALSE
2222,403-9670761-2273929,9670761,Women,37,10/04/2022,Delivered,Amazon,JNE1408-KR-UDF19-A-XL,kurta,XL,1,INR,301,BENGALURU,560073,IN,FALSE
2223,402-5497597-9186737,5497597,Women,78,10/04/2022,Delivered,Myntra,J0236-SKD-XXL,Set,XXL,1,INR,949,MANDHAR INDUSTRIAL AREA,493111,IN,FALSE
2224,402-6716506-5848364,6716506,Women,41,10/04/2022,Delivered,Myntra,J0346-SET-S,Set,S,1,INR,474,Namakkal,637408,IN,FALSE
2225,403-1963320-5966717,1963320,Women,46,10/04/2022,Delivered,Ajio,SET324-KR-NP-L,Set,L,1,INR,635,Nagpur,440034,IN,FALSE
2226,408-4957717-8987525,4957717,Women,30,10/04/2022,Delivered,Amazon,JNE3500-KR-L,kurta,L,1,INR,348,Saharanpur,247001,IN,FALSE
2227,407-9868668-2857949,9868668,Women,58,10/04/2022,Delivered,Amazon,J0224-SKD-XXXL,Set,3XL,1,INR,1364,East Delhi,110095,IN,FALSE
2228,404-3042605-6711502,3042605,Women,60,10/04/2022,Cancelled,Amazon,SET374-KR-NP-L,Set,L,1,INR,589,NAGERCOIL,629003,IN,FALSE
2229,402-4724205-8872301,4724205,Women,36,10/04/2022,Delivered,Amazon,JNE3560-KR-S,kurta,S,1,INR,544,UDUPI,576104,IN,FALSE
2230,406-1699629-3003518,1699629,Women,59,10/04/2022,Delivered,Flipkart,SET058-KR-NP-XL,Set,XL,1,INR,847,BHAVNAGAR,364002,IN,FALSE
2231,406-1699629-3003518,1699629,Women,33,10/04/2022,Returned,Ajio,SAR015,Saree,Free,1,INR,1268,GHAZIABAD,201010,IN,FALSE
2232,406-1699629-3003518,1699629,Women,44,10/04/2022,Delivered,Myntra,SET333-KR-DPT-S,Set,S,1,INR,967,FAIZABAD,224001,IN,FALSE
2233,171-7976526-8264330,7976526,Women,18,10/04/2022,Delivered,Nalli,SET378-KR-NP-M,Set,M,1,INR,1221,LUDHIANA,141012,IN,FALSE
2234,171-7531919-6291546,7531919,Women,61,10/04/2022,Delivered,Myntra,SET350-KR-NP-S,Set,S,2,INR,2244,TADPATRI,515411,IN,FALSE
2235,171-7531919-6291546,7531919,Women,23,10/04/2022,Delivered,Amazon,SET324-KR-NP-S,Set,S,1,INR,597,BOKARO steel city,829301,IN,FALSE
2236,403-2597483-6470752,2597483,Women,52,10/04/2022,Delivered,Amazon,JNE3405-KR-S,kurta,S,1,INR,399,LUCKNOW,226002,IN,FALSE
2237,404-9833932-5876344,9833932,Women,27,10/04/2022,Delivered,Amazon,SET401-KR-NP-L,Set,L,1,INR,999,VISAKHAPATNAM,530051,IN,FALSE
2238,408-1348143-5475555,1348143,Women,23,10/04/2022,Delivered,Nalli,J0199-SET-XXL,Set,XXL,1,INR,476,New Thakurli,421201,IN,FALSE
2239,406-6066099-2279543,6066099,Women,20,10/04/2022,Delivered,Myntra,SET360-KR-NP-L,Set,L,1,INR,1138,PUNE,411028,IN,FALSE
2240,171-2843501-8669966,2843501,Women,52,10/04/2022,Delivered,Meesho,SET402-KR-NP-L,Set,L,1,INR,988,ghaziabad,201001,IN,FALSE
2241,402-5475447-2181158,5475447,Women,19,10/04/2022,Delivered,Nalli,SET268-KR-NP-XXL,Set,XXL,1,INR,788,BENGALURU 560016,560016,IN,FALSE
2242,403-8527181-5343566,8527181,Women,21,10/04/2022,Delivered,Flipkart,J0009-SKD-XXL,Set,XXL,1,INR,828,RAIPUR,492001,IN,FALSE
2243,406-4535391-5481969,4535391,Women,30,10/04/2022,Delivered,Amazon,SET401-KR-NP-XXL,Set,XXL,1,INR,969,NEW DELHI,110041,IN,FALSE
2244,407-9671006-5218703,9671006,Women,32,10/04/2022,Delivered,Flipkart,SET154-KR-NP-XXXL,Set,3XL,1,INR,832,Ernakulam Dist.,683511,IN,FALSE
2245,404-2480544-0914710,2480544,Women,72,10/04/2022,Delivered,Amazon,SET269-KR-NP-L,Set,L,1,INR,799,ONGOLE,523002,IN,FALSE
2246,407-5829142-2873958,5829142,Women,28,10/04/2022,Delivered,Amazon,JNE2270-KR-487-A-M,kurta,M,1,INR,518,NEW DELHI,110073,IN,FALSE
2247,406-9336541-9589909,9336541,Women,36,10/04/2022,Delivered,Myntra,JNE3801-KR-XXL,kurta,XXL,1,INR,715,COIMBATORE,641035,IN,FALSE
2248,405-8603542-5809963,8603542,Men,39,10/04/2022,Delivered,Nalli,J0341-DR-XXL,Western Dress,XXL,1,INR,791,MUMBAI,400083,IN,FALSE
2249,406-9453048-3297166,9453048,Women,34,10/04/2022,Delivered,Amazon,SET344-KR-NP-XXL,Set,XXL,1,INR,968,NOIDA,201309,IN,FALSE
2250,406-7518292-1325164,7518292,Women,41,10/04/2022,Refunded,Nalli,J0196-TP-S,Top,S,1,INR,446,NEW DELHI,110009,IN,FALSE
2251,406-7898789-4293906,7898789,Women,37,10/04/2022,Delivered,Ajio,SET322-KR-SHA-XS,Set,XS,1,INR,1099,VIZIANAGARAM,535002,IN,FALSE
2252,402-8829265-8109163,8829265,Women,65,10/04/2022,Delivered,Myntra,MEN5028-KR-M,kurta,M,1,INR,499,JAMMU,180004,IN,FALSE
2253,402-8829265-8109163,8829265,Women,49,10/04/2022,Delivered,Flipkart,MEN5022-KR-XXXL,kurta,3XL,1,INR,533,THANE,401101,IN,FALSE
2254,171-0212429-4579517,212429,Women,32,10/04/2022,Delivered,Amazon,SET392-KR-NP-XL,Set,XL,1,INR,799,NAVI MUMBAI,410210,IN,FALSE
2255,407-2376646-6095535,2376646,Women,24,10/04/2022,Delivered,Myntra,BL104-M,Blouse,M,1,INR,665,CHENNAI,600073,IN,FALSE
2256,171-4537791-2520321,4537791,Men,59,10/04/2022,Delivered,Amazon,JNE3707-DR-XXL,Western Dress,XXL,1,INR,496,MYSURU,570022,IN,FALSE
2257,406-5905376-4469123,5905376,Women,32,10/04/2022,Delivered,Nalli,JNE3560-KR-M,kurta,M,1,INR,544,HYDERABAD,500084,IN,FALSE
2258,404-1411843-0298746,1411843,Women,33,10/04/2022,Returned,Amazon,PJNE3068-KR-6XL,kurta,6XL,1,INR,692,HYDERABAD,500033,IN,FALSE
2259,408-7259584-9158711,7259584,Women,48,10/04/2022,Delivered,Flipkart,SET200-KR-NP-A-S,Set,S,1,INR,568,PARADIP,754141,IN,FALSE
2260,406-9874226-6889918,9874226,Women,19,10/04/2022,Delivered,Flipkart,JNE3399-KR-XXL,kurta,XXL,1,INR,426,bangalore,560035,IN,FALSE
2261,171-0062276-3115506,62276,Women,46,10/04/2022,Delivered,Flipkart,SET268-KR-NP-L,Set,L,1,INR,698,COIMBATORE,641029,IN,FALSE
2262,404-3071132-0948321,3071132,Women,23,10/04/2022,Delivered,Amazon,J0041-SET-XXXL,Set,3XL,1,INR,660,GIRIDIH,815301,IN,FALSE
2263,408-0663922-1359539,663922,Women,42,10/04/2022,Delivered,Amazon,SET116-KR-NP-XXL,Set,XXL,1,INR,591,RAMANATHAPURAM,623503,IN,FALSE
2264,171-1440056-1683528,1440056,Women,24,10/04/2022,Delivered,Flipkart,SET171-KR-NP-S,Set,S,1,INR,792,JAIPUR,302017,IN,FALSE
2265,403-5119518-3078705,5119518,Women,39,10/04/2022,Delivered,Myntra,JNE3721-KR-XXL,kurta,XXL,1,INR,301,RAJAHMUNDRY,533107,IN,FALSE
2266,403-3028505-8020354,3028505,Women,36,10/04/2022,Delivered,Myntra,SET269-KR-NP-M,Set,M,1,INR,799,FARIDABAD,121001,IN,FALSE
2267,405-0515471-0217902,515471,Women,37,10/04/2022,Delivered,Amazon,JNE3785-KR-XXXL,kurta,3XL,1,INR,358,JAMMU,180007,IN,FALSE
2268,402-1689516-5233140,1689516,Women,37,10/04/2022,Delivered,Myntra,SET171-KR-NP-XXXL,Set,3XL,1,INR,792,INDORE,452001,IN,FALSE
2269,404-5895316-0277908,5895316,Women,34,10/04/2022,Delivered,Myntra,SAR026,Saree,Free,1,INR,293,Tinsukia,786189,IN,FALSE
2270,407-1104886-1291526,1104886,Women,22,10/04/2022,Refunded,Myntra,J0301-TP-L,Top,L,1,INR,464,KOLKATA,700105,IN,FALSE
2271,407-3659022-0425168,3659022,Women,66,10/04/2022,Delivered,Flipkart,JNE3724-KR-S,kurta,S,1,INR,495,AGRA,282005,IN,FALSE
2272,407-3659022-0425168,3659022,Women,22,10/04/2022,Delivered,Flipkart,SET188-KR-NP-XL,Set,XL,1,INR,665,kishanganj,855107,IN,FALSE
2273,403-5967327-6454731,5967327,Men,63,10/04/2022,Delivered,Ajio,JNE3797-KR-A-M,Western Dress,M,1,INR,771,BENGALURU,560097,IN,FALSE
2274,408-0070478-4011505,70478,Women,37,10/04/2022,Delivered,Amazon,JNE3693-KR-XXL,kurta,XXL,1,INR,317,BANGALORE,560099,IN,FALSE
2275,402-8911203-2865957,8911203,Women,57,10/04/2022,Delivered,Myntra,SET400-KR-NP-XXXL,Set,3XL,1,INR,1068,RAWATBHATA,323307,IN,FALSE
2276,408-2870914-2389167,2870914,Women,23,10/04/2022,Delivered,Ajio,SET165-KR-PP-L,Set,L,1,INR,567,KALYAN,421204,IN,FALSE
2277,408-2870914-2389167,2870914,Women,32,10/04/2022,Delivered,Ajio,JNE3560-KR-XL,kurta,XL,1,INR,544,THANE,401101,IN,FALSE
2278,408-2870914-2389167,2870914,Women,24,10/04/2022,Delivered,Amazon,JNE3440-KR-N-XXL,kurta,XXL,1,INR,379,KANPUR,208019,IN,FALSE
2279,406-7535695-1721939,7535695,Women,26,10/04/2022,Delivered,Myntra,SET156-KR-NP-L,Set,L,1,INR,716,KOLKATA,700104,IN,FALSE
2280,407-5015809-5125144,5015809,Women,35,10/04/2022,Delivered,Amazon,SET335-KR-NP-S,Set,S,1,INR,771,CHINCHANI,401103,IN,FALSE
2281,171-5397699-2233936,5397699,Women,67,10/04/2022,Delivered,Myntra,JNE3697-KR-XL,kurta,XL,1,INR,486,DEHRADUN,248001,IN,FALSE
2282,408-2831350-9787532,2831350,Women,45,10/04/2022,Delivered,Nalli,JNE3399-KR-XL,kurta,XL,1,INR,435,ERNAKULAM,682019,IN,FALSE
2283,408-5748279-1929913,5748279,Women,21,10/04/2022,Delivered,Amazon,MEN5015-KR-XL,kurta,XL,1,INR,655,Ernakulam,683562,IN,TRUE
2284,171-5271547-7853169,5271547,Women,35,10/04/2022,Delivered,Myntra,SET098-KR-PP-S,Set,S,1,INR,672,MADHEPURA,852101,IN,FALSE
2285,403-4735851-5341940,4735851,Women,29,10/04/2022,Delivered,Amazon,J0228-SKD-S,Set,S,1,INR,1613,Erode,638104,IN,FALSE
2286,402-2441786-8946743,2441786,Women,24,10/04/2022,Delivered,Flipkart,JNE3518-KR-L,kurta,L,1,INR,458,NAVI MUMBAI,410206,IN,FALSE
2287,403-9265027-0437942,9265027,Women,19,10/04/2022,Delivered,Flipkart,SET350-KR-NP-XXXL,Set,3XL,1,INR,1299,BHARATPUR,321001,IN,FALSE
2288,406-4653205-9916329,4653205,Women,48,10/04/2022,Delivered,Flipkart,SET156-KR-NP-XS,Set,XS,1,INR,716,KUMTA,581351,IN,FALSE
2289,407-5908884-8539504,5908884,Women,27,10/04/2022,Delivered,Amazon,SET171-KR-NP-XXL,Set,XXL,1,INR,775,Bharuch,392001,IN,FALSE
2290,407-7134618-7058725,7134618,Women,36,10/04/2022,Delivered,Myntra,SAR029,Saree,Free,1,INR,549,Thrissur,680651,IN,FALSE
2291,407-3024473-7694726,3024473,Women,27,10/04/2022,Delivered,Flipkart,SAR026,Saree,Free,1,INR,390,Murwara Katni,483501,IN,FALSE
2292,171-1563852-3013113,1563852,Women,71,10/04/2022,Delivered,Meesho,BL104-L,Blouse,L,1,INR,493,LUCKNOW,226010,IN,FALSE
2293,405-2953945-5066701,2953945,Women,39,10/04/2022,Delivered,Others,SAR027,Saree,Free,1,INR,435,BENGALURU,560064,IN,FALSE
2294,406-6955848-6355513,6955848,Women,35,10/04/2022,Delivered,Meesho,J0201-TP-XXXL,Top,3XL,1,INR,625,LEH,194101,IN,FALSE
2295,406-6955848-6355513,6955848,Women,40,10/04/2022,Delivered,Ajio,J0355-KR-L,kurta,L,1,INR,635,MANGALURU,575001,IN,FALSE
2296,406-2577620-4856325,2577620,Women,77,10/04/2022,Delivered,Amazon,J0349-SET-XXL,Set,XXL,1,INR,888,GURUGRAM,122001,IN,FALSE
2297,406-2577620-4856325,2577620,Women,53,10/04/2022,Delivered,Myntra,J0095-SET-XS,Set,XS,1,INR,653,New Delhi,110008,IN,FALSE
2298,171-0983100-8092334,983100,Women,41,10/04/2022,Delivered,Myntra,SET324-KR-NP-XXL,Set,XXL,1,INR,635,BHUBANESWAR,751003,IN,FALSE
2299,408-0061887-6258751,61887,Women,26,10/04/2022,Delivered,Myntra,J0117-TP-XS,Top,XS,1,INR,726,INDORE,452010,IN,FALSE
2300,403-4824926-0248319,4824926,Women,40,10/04/2022,Delivered,Flipkart,SET269-KR-NP-M,Set,M,1,INR,824,AMRAVATI,444605,IN,FALSE
2301,404-5630523-1821924,5630523,Women,23,10/04/2022,Cancelled,Amazon,SET375-KR-NP-XXXL,Set,3XL,1,INR,654,CHENNAI,600011,IN,FALSE
2302,407-6803909-7336329,6803909,Women,23,10/04/2022,Delivered,Amazon,MEN5008-KR-XXL,kurta,XXL,1,INR,499,NEW DELHI,110078,IN,FALSE
2303,407-3627409-0413955,3627409,Women,31,10/04/2022,Delivered,Myntra,NW001-TP-PJ-XXXL,Set,3XL,1,INR,563,MUMBAI,400072,IN,FALSE
2304,404-9103236-6093917,9103236,Women,20,10/04/2022,Delivered,Others,PJNE2199-KR-N-6XL,kurta,6XL,1,INR,728,HYDERABAD,500072,IN,FALSE
2305,408-6543793-7426769,6543793,Men,41,10/04/2022,Delivered,Flipkart,J0295-DR-M,Western Dress,M,1,INR,859,GURDASPUR,143530,IN,FALSE
2306,405-7007857-7270742,7007857,Women,53,10/04/2022,Delivered,Others,J0336-TP-M,Top,M,1,INR,665,GHAZIABAD,201014,IN,FALSE
2307,171-2964991-9130737,2964991,Women,38,10/04/2022,Delivered,Amazon,J0108-SKD-XXXL,Set,3XL,1,INR,1083,PANIPAT,132103,IN,FALSE
2308,403-9695027-3924316,9695027,Women,63,10/04/2022,Delivered,Flipkart,SAR013,Saree,Free,1,INR,458,Bokaro Steel City,827001,IN,FALSE
2309,403-4744149-6957902,4744149,Women,62,10/04/2022,Delivered,Others,SET110-KR-PP-S,Set,S,1,INR,788,CHENNAI,600021,IN,FALSE
2310,171-1144480-8407568,1144480,Women,47,10/04/2022,Delivered,Myntra,SET268-KR-NP-S,Set,S,1,INR,788,DEHRADUN,248001,IN,FALSE
2311,407-2926049-1987559,2926049,Women,28,10/04/2022,Delivered,Amazon,JNE3567-KR-L,kurta,L,1,INR,399,NEW DELHI,110085,IN,FALSE
2312,405-8861370-3192355,8861370,Women,41,10/04/2022,Delivered,Myntra,SET405-KR-NP-XXXL,Set,3XL,1,INR,715,DURGAPUR,713205,IN,FALSE
2313,407-5195801-3246753,5195801,Women,30,10/04/2022,Delivered,Myntra,SET374-KR-NP-M,Set,M,1,INR,666,GUDIYATHAM,632602,IN,FALSE
2314,171-6082481-4636345,6082481,Men,25,10/04/2022,Delivered,Amazon,SAR005,Saree,Free,1,INR,641,PATNA,800001,IN,FALSE
2315,403-0062804-9588372,62804,Men,31,10/04/2022,Delivered,Flipkart,JNE3797-KR-L,Western Dress,L,1,INR,735,CHITTOOR,517193,IN,FALSE
2316,402-9561324-9868334,9561324,Men,46,10/04/2022,Delivered,Flipkart,JNE3614-KR-XXXL,kurta,3XL,1,INR,431,RAIPUR,492001,IN,FALSE
2317,402-9561324-9868334,9561324,Men,27,10/04/2022,Delivered,Amazon,JNE3405-KR-L,kurta,L,1,INR,399,diamond harbour,743331,IN,FALSE
2318,407-3224388-8077126,3224388,Women,37,10/04/2022,Delivered,Amazon,SET374-KR-NP-L,Set,L,1,INR,597,KALYAN,421201,IN,FALSE
2319,403-2058521-3557112,2058521,Women,59,10/04/2022,Delivered,Meesho,J0379-SKD-M,Set,M,1,INR,1301,BENGALURU,560060,IN,FALSE
2320,403-0813846-2149140,813846,Men,31,10/04/2022,Delivered,Myntra,J0332-DR-XS,Western Dress,XS,1,INR,648,BODHAN,503185,IN,FALSE
2321,403-9793438-3036361,9793438,Men,22,10/04/2022,Delivered,Myntra,PJNE3068-KR-5XL,kurta,5XL,1,INR,1099,BENGALURU,560086,IN,FALSE
2322,405-9360585-7540304,9360585,Men,42,10/04/2022,Delivered,Meesho,J0414-DR-XL,Western Dress,XL,1,INR,885,MUMBAI,400067,IN,FALSE
2323,171-7796235-2934765,7796235,Men,40,10/04/2022,Delivered,Amazon,JNE3560-KR-XS,kurta,XS,1,INR,487,BENGALURU,560058,IN,FALSE
2324,171-5516157-3897155,5516157,Men,33,10/04/2022,Returned,Myntra,JNE3715-KR-XXL,kurta,XXL,1,INR,283,chennai,600072,IN,FALSE
2325,405-1137216-6733101,1137216,Men,38,10/04/2022,Refunded,Amazon,JNE1951-KR-155-XXXL,kurta,3XL,1,INR,368,BENGALURU,560078,IN,FALSE
2326,405-9502122-7828318,9502122,Women,39,10/04/2022,Delivered,Amazon,SAR006,Saree,Free,1,INR,449,SOLAPUR,413003,IN,FALSE
2327,408-6046537-0814752,6046537,Women,39,10/04/2022,Delivered,Flipkart,SAR013,Saree,Free,1,INR,542,PATNA,800006,IN,FALSE
2328,406-0213504-5584324,213504,Women,55,10/04/2022,Returned,Flipkart,SAR013,Saree,Free,1,INR,1018,PATNA,800020,IN,FALSE
2329,171-1476114-1788334,1476114,Women,28,10/04/2022,Delivered,Amazon,SAR005,Saree,Free,1,INR,754,RANGPO,737136,IN,FALSE
2330,408-2150202-3036352,2150202,Women,49,10/04/2022,Delivered,Amazon,NW037-TP-SR-L,Set,L,1,INR,450,BENGALURU,560047,IN,FALSE
2331,407-3986357-3351534,3986357,Women,22,10/04/2022,Delivered,Myntra,SET197-KR-NP-XS,Set,XS,1,INR,759,PIMPRI CHINCHWAD,411027,IN,FALSE
2332,402-4910100-4602718,4910100,Women,47,10/04/2022,Delivered,Amazon,SET340-KR-NP-XL,Set,XL,1,INR,799,BENGALURU,560079,IN,FALSE
2333,407-3620899-0975518,3620899,Women,69,10/04/2022,Delivered,Flipkart,J0012-SKD-XXL,Set,XXL,1,INR,1137,KOLKATA,700025,IN,FALSE
2334,408-2790582-4265910,2790582,Women,45,10/04/2022,Delivered,Amazon,SAR021,Saree,Free,1,INR,457,NEW DELHI,110014,IN,FALSE
2335,408-1286270-3981925,1286270,Women,22,10/04/2022,Returned,Myntra,SAR024,Saree,Free,1,INR,499,JAMNAGAR,361008,IN,FALSE
2336,405-4136251-1981942,4136251,Women,46,10/04/2022,Delivered,Flipkart,JNE3674-TU-XXL,Top,XXL,1,INR,798,FARIDABAD,121002,IN,FALSE
2337,405-4136251-1981942,4136251,Women,76,10/04/2022,Delivered,Flipkart,JNE3658-TP-XS,Top,XS,1,INR,359,BENGALURU,560037,IN,FALSE
2338,403-6189152-5594755,6189152,Women,54,10/04/2022,Delivered,Amazon,SET290-KR-DPT-XS,Set,XS,1,INR,792,NASHIK,422003,IN,FALSE
2339,406-9072498-2857926,9072498,Women,41,10/04/2022,Delivered,Amazon,SAR002,Saree,Free,1,INR,499,New Delhi,110019,IN,FALSE
2340,404-3853589-8370735,3853589,Women,54,10/04/2022,Delivered,Amazon,SAR022,Saree,Free,1,INR,435,AGAR,465441,IN,FALSE
2341,407-8237180-6047527,8237180,Men,60,10/04/2022,Delivered,Amazon,J0157-DR-XXL,Western Dress,XXL,1,INR,588,Barasat,700124,IN,FALSE
2342,407-5012676-9089946,5012676,Women,78,10/04/2022,Delivered,Myntra,J0342-TP-M,Top,M,1,INR,540,PUNE,411007,IN,FALSE
2343,171-4324968-0669145,4324968,Women,35,10/04/2022,Returned,Myntra,J0340-TP-S,Top,S,1,INR,908,CHENNAI,600091,IN,FALSE
2344,402-7272722-5583556,7272722,Women,44,10/04/2022,Delivered,Amazon,SAR027,Saree,Free,1,INR,671,INDORE,452001,IN,FALSE
2345,406-9275210-7221915,9275210,Women,33,10/04/2022,Delivered,Flipkart,J0382-SKD-S,Set,S,1,INR,1173,THRIPPUNITHURA,682301,IN,FALSE
2346,407-2174317-9189965,2174317,Women,45,10/04/2022,Delivered,Amazon,SAR026,Saree,Free,1,INR,481,Tinsukia,786189,IN,FALSE
2347,407-2174317-9189965,2174317,Women,21,10/04/2022,Delivered,Flipkart,SAR002,Saree,Free,1,INR,507,TURUVEKERE,572227,IN,FALSE
2348,405-5461989-2919509,5461989,Women,51,10/04/2022,Delivered,Flipkart,J0352-KR-S,kurta,S,1,INR,627,KOTTAYAM,686515,IN,FALSE
2349,407-9075916-2578765,9075916,Women,22,10/04/2022,Delivered,Flipkart,J0113-TP-XL,Top,XL,1,INR,750,BENGALURU,560077,IN,FALSE
2350,404-6714225-1517102,6714225,Women,19,10/04/2022,Delivered,Amazon,SET277-KR-NP-XL,Set,XL,1,INR,1354,TIRUVALLUR,600062,IN,FALSE
2351,403-4943291-3919547,4943291,Women,41,10/04/2022,Delivered,Nalli,J0342-TP-L,Top,L,1,INR,879,NEW DELHI,110084,IN,FALSE
2352,402-3679238-0114757,3679238,Women,29,10/04/2022,Delivered,Myntra,SET171-KR-NP-XS,Set,XS,1,INR,817,HALDIA,721645,IN,FALSE
2353,402-1251689-4794703,1251689,Women,63,10/04/2022,Delivered,Meesho,SET374-KR-NP-S,Set,S,1,INR,597,NAVI MUMBAI,400708,IN,FALSE
2354,171-7263181-8421166,7263181,Women,48,10/04/2022,Delivered,Myntra,SAR003,Saree,Free,1,INR,399,PARGI,501501,IN,FALSE
2355,405-8289102-9993119,8289102,Women,31,10/04/2022,Delivered,Ajio,J0230-SKD-M,Set,M,1,INR,1309,NEW DELHI,110092,IN,FALSE
2356,404-9728477-2699525,9728477,Women,41,10/04/2022,Delivered,Flipkart,SET130-KR-NP-XS,Set,XS,1,INR,499,RAJKOT,360006,IN,FALSE
2357,406-0418241-4856351,418241,Women,31,10/04/2022,Delivered,Amazon,SET357-KR-NP-L,Set,L,1,INR,771,KALIMPONG,734301,IN,FALSE
2358,406-1607140-6324314,1607140,Women,20,10/04/2022,Delivered,Amazon,SET165-KR-PP-L,Set,L,1,INR,567,AJNALA,143102,IN,FALSE
2359,403-7604412-0449139,7604412,Women,35,10/04/2022,Delivered,Amazon,J0230-SKD-XS,Set,XS,1,INR,1111,NEW DELHI,110027,IN,FALSE
2360,405-1920863-1925101,1920863,Women,38,10/04/2022,Delivered,Flipkart,J0230-SKD-XXL,Set,XXL,1,INR,1163,CHENNAI,600024,IN,FALSE
2361,408-0649698-6825113,649698,Women,54,10/04/2022,Delivered,Amazon,SAR030,Saree,Free,1,INR,631,Allahabad,211002,IN,FALSE
2362,405-9244470-2507557,9244470,Women,30,10/04/2022,Delivered,Myntra,SAR012,Saree,Free,1,INR,729,MUMBAI,400034,IN,FALSE
2363,405-7241670-3822755,7241670,Women,44,10/04/2022,Delivered,Amazon,SAR009,Saree,Free,1,INR,376,KALABURGI,585103,IN,FALSE
2364,405-5434527-4639566,5434527,Women,21,10/04/2022,Delivered,Myntra,JNE3760-KR-S,kurta,S,1,INR,432,MUMBAI,400088,IN,FALSE
2365,405-6936689-3373119,6936689,Women,21,10/04/2022,Returned,Amazon,SAR017,Saree,Free,1,INR,521,BENGALURU,560050,IN,FALSE
2366,406-7472765-5273163,7472765,Women,25,10/04/2022,Delivered,Flipkart,SET240-KR-PP-XXXL,Set,3XL,1,INR,562,VADODARA,390012,IN,FALSE
2367,407-5001310-3172341,5001310,Women,34,10/04/2022,Delivered,Others,SAR013,Saree,Free,1,INR,563,HYDERABAD,500050,IN,FALSE
2368,407-5001310-3172341,5001310,Women,77,10/04/2022,Delivered,Myntra,BL085-S,Blouse,S,1,INR,665,GARHMUKTESHWAR,245205,IN,FALSE
2369,403-8314873-4593903,8314873,Women,44,10/04/2022,Delivered,Nalli,J0008-SKD-XXL,Set,XXL,1,INR,1075,SULTANPUR,228001,IN,FALSE
2370,405-5494412-5096356,5494412,Women,41,10/04/2022,Delivered,Myntra,SET154-KR-NP-XL,Set,XL,1,INR,832,COIMBATORE,641014,IN,FALSE
2371,408-5025295-6153928,5025295,Women,26,10/04/2022,Delivered,Amazon,SET269-KR-NP-L,Set,L,1,INR,799,ONGOLE,523001,IN,FALSE
2372,408-4505195-5143522,4505195,Women,46,10/04/2022,Delivered,Flipkart,SET304-KR-DPT-S,Set,S,1,INR,1115,COIMBATORE,641001,IN,FALSE
2373,403-8911639-6949138,8911639,Men,47,10/04/2022,Delivered,Others,J0339-DR-XXL,Western Dress,XXL,1,INR,791,GURUGRAM,122004,IN,FALSE
2374,403-8099234-4421106,8099234,Women,29,10/04/2022,Delivered,Myntra,SET268-KR-NP-XL,Set,XL,1,INR,788,PUNE,411047,IN,FALSE
2375,403-8099234-4421106,8099234,Women,23,10/04/2022,Delivered,Amazon,SET268-KR-NP-XS,Set,XS,1,INR,788,VISAKHAPATNAM,530005,IN,FALSE
2376,403-3169608-0930732,3169608,Women,26,10/04/2022,Returned,Flipkart,SAR030,Saree,Free,1,INR,560,NAGPUR,440017,IN,FALSE
2377,403-3169608-0930732,3169608,Women,43,10/04/2022,Returned,Nalli,JNE3660-TP-N-L,Top,L,1,INR,391,BENGALURU,560043,IN,FALSE
2378,407-0088761-3183507,88761,Women,49,10/04/2022,Delivered,Amazon,SAR028,Saree,Free,1,INR,399,ANNAMALAI NAGAR,608002,IN,FALSE
2379,405-7074588-1485105,7074588,Women,65,10/04/2022,Delivered,Ajio,SET156-KR-NP-M,Set,M,1,INR,680,THANE,401107,IN,FALSE
2380,405-7074588-1485105,7074588,Women,62,10/04/2022,Delivered,Amazon,SAR014,Saree,Free,1,INR,1186,Udaipur,313001,IN,FALSE
2381,403-3415421-0757907,3415421,Women,21,10/04/2022,Delivered,Flipkart,SET158-KR-PP-L,Set,L,1,INR,783,KOLKATA,700026,IN,FALSE
2382,403-3415421-0757907,3415421,Women,40,10/04/2022,Returned,Ajio,JNE3560-KR-XS,kurta,XS,1,INR,544,Hanamkonda,506370,IN,FALSE
2383,408-6859738-0673165,6859738,Women,33,10/04/2022,Returned,Myntra,SAR023,Saree,Free,1,INR,835,BENGALURU,560097,IN,FALSE
2384,171-6489945-7684360,6489945,Women,18,10/04/2022,Delivered,Meesho,MEN5014-KR-L,kurta,L,1,INR,499,NEW DELHI,110091,IN,FALSE
2385,171-4025646-7588336,4025646,Women,59,10/04/2022,Delivered,Flipkart,NW004-TP-PJ-XXXL,Set,3XL,1,INR,461,CHURU,331001,IN,FALSE
2386,406-0440353-3613947,440353,Women,38,10/04/2022,Delivered,Flipkart,SET171-KR-NP-XL,Set,XL,1,INR,775,AHMEDABAD,380022,IN,FALSE
2387,408-9873380-0238720,9873380,Women,33,10/04/2022,Returned,Amazon,SAR024,Saree,Free,1,INR,582,JAIPUR,302012,IN,FALSE
2388,408-4539504-7505112,4539504,Women,20,10/04/2022,Delivered,Myntra,SET402-KR-NP-XXXL,Set,3XL,1,INR,988,GURGAON,122002,IN,FALSE
2389,171-6064282-2337106,6064282,Women,28,10/04/2022,Delivered,Amazon,SAR009,Saree,Free,1,INR,1149,DINDORI,481880,IN,FALSE
2390,171-4353823-6088366,4353823,Women,46,10/04/2022,Delivered,Ajio,SET345-KR-NP-L,Set,L,1,INR,626,Ropar,140001,IN,FALSE
2391,404-7452367-0615565,7452367,Women,36,10/04/2022,Returned,Amazon,JNE3721-KR-M,kurta,M,1,INR,292,LUCKNOW,226016,IN,FALSE
2392,406-7817885-2057119,7817885,Men,36,10/04/2022,Delivered,Flipkart,J0341-DR-S,Western Dress,S,1,INR,744,Ayoor,691533,IN,FALSE
2393,405-6158954-3829115,6158954,Women,41,10/04/2022,Returned,Amazon,JNE3887-KR-L,kurta,L,1,INR,526,KOLKATA,700036,IN,FALSE
2394,407-1266088-8904337,1266088,Women,36,10/04/2022,Delivered,Myntra,JNE3405-KR-S,kurta,S,1,INR,435,THIRUVANANTHAPURAM,695006,IN,FALSE
2395,405-3222704-4519556,3222704,Women,37,10/04/2022,Delivered,Myntra,SET324-KR-NP-L,Set,L,1,INR,597,KOCHI,683514,IN,FALSE
2396,408-2392132-8323546,2392132,Women,60,10/04/2022,Delivered,Amazon,JNE3279-KR-A-S,kurta,S,1,INR,318,HYDERABAD,500074,IN,FALSE
2397,405-2692526-3709946,2692526,Women,67,10/04/2022,Delivered,Amazon,JNE3790-KR-L,kurta,L,1,INR,316,CHENNAI,600078,IN,FALSE
2398,408-5723184-7841949,5723184,Women,24,10/04/2022,Returned,Amazon,JNE3364-KR-1051-A-XL,kurta,XL,1,INR,382,FARIDKOT,151203,IN,FALSE
2399,406-2437775-2801912,2437775,Women,66,10/04/2022,Delivered,Nalli,J0252-SKD-S,Set,S,1,INR,927,MUMBAI,401107,IN,FALSE
2400,407-0649202-0251504,649202,Men,23,10/04/2022,Delivered,Amazon,JNE3881-DR-L,Western Dress,L,1,INR,825,Ponda,403401,IN,FALSE
2401,404-3267611-2787561,3267611,Women,24,10/04/2022,Delivered,Ajio,JNE3568-KR-XL,kurta,XL,1,INR,399,Sundargarh,770019,IN,FALSE
2402,402-0223096-4925159,223096,Women,18,10/04/2022,Returned,Nalli,JNE3560-KR-XXL,kurta,XXL,1,INR,487,CHENNAI,600040,IN,FALSE
2403,404-6166478-3833117,6166478,Women,70,10/04/2022,Delivered,Amazon,JNE3428-KR-S,kurta,S,1,INR,249,BENGALURU,562107,IN,FALSE
2404,406-0201453-1073957,201453,Women,48,10/04/2022,Delivered,Amazon,J0382-SKD-L,Set,L,1,INR,1173,NEW DELHI,110046,IN,FALSE
2405,404-1717405-1311550,1717405,Women,38,10/04/2022,Delivered,Amazon,J0126-SKD-S,Set,S,1,INR,783,TIRUCHIRAPPALLI,620023,IN,FALSE
2406,403-8600695-3381927,8600695,Women,18,10/04/2022,Delivered,Meesho,SET260-KR-PP-S,Set,S,1,INR,571,KANCHEEPURAM,631501,IN,FALSE
2407,402-0349789-5135535,349789,Women,44,10/04/2022,Returned,Nalli,SAR028,Saree,Free,1,INR,809,LEH,194101,IN,FALSE
2408,408-5743080-3605922,5743080,Women,38,10/04/2022,Delivered,Flipkart,JNE3465-KR-S,kurta,S,1,INR,517,PUNE,411045,IN,FALSE
2409,407-1836507-0201959,1836507,Women,32,10/04/2022,Cancelled,Flipkart,JNE3579-KR-S,kurta,S,1,INR,295,North West Delhi,110085,IN,FALSE
2410,171-8283091-4833949,8283091,Women,29,10/04/2022,Returned,Amazon,NW005-ST-PJ-L,Set,L,1,INR,562,MUMBAI,400027,IN,FALSE
2411,408-5271854-8189142,5271854,Women,40,10/04/2022,Delivered,Amazon,JNE3560-KR-L,kurta,L,1,INR,544,GHAZIABAD,201005,IN,FALSE
2412,406-1279455-1551552,1279455,Women,70,10/04/2022,Delivered,Flipkart,SET364-KR-NP-S,Set,S,1,INR,1126,BAREILLY,243006,IN,FALSE
2413,404-2871486-6996331,2871486,Women,40,10/04/2022,Delivered,Amazon,SAR026,Saree,Free,1,INR,771,TIPTUR,572201,IN,FALSE
2414,402-3338626-6552336,3338626,Women,42,10/04/2022,Delivered,Amazon,SET153-KR-NP-XS,Set,XS,1,INR,468,NEW DELHI,110062,IN,FALSE
2415,171-5873322-1005127,5873322,Men,42,10/04/2022,Delivered,Meesho,J0157-DR-L,Western Dress,L,1,INR,588,CHENNAI,600115,IN,FALSE
2416,171-5236829-9631501,5236829,Women,49,10/04/2022,Delivered,Myntra,J0277-SKD-S,Set,S,1,INR,1333,BENGALURU,560079,IN,FALSE
2417,405-0506071-3429169,506071,Women,31,10/04/2022,Returned,Myntra,JNE3634-KR-XS,kurta,XS,1,INR,511,BENGALURU,560043,IN,FALSE
2418,402-3544891-4289153,3544891,Women,74,10/04/2022,Delivered,Amazon,SET374-KR-NP-M,Set,M,1,INR,597,KOZHIKODE,673017,IN,FALSE
2419,402-5581572-0065105,5581572,Women,39,10/04/2022,Delivered,Amazon,JNE3423-KR-XL,kurta,XL,1,INR,399,Bhimavaram,534239,IN,FALSE
2420,171-1893962-5121144,1893962,Men,77,10/04/2022,Delivered,Amazon,J0339-DR-XXXL,Western Dress,3XL,1,INR,744,HYDERABAD,500084,IN,FALSE
2421,403-6888119-0330707,6888119,Women,37,10/04/2022,Delivered,Amazon,JNE3645-TP-N-L,Top,L,1,INR,432,Kolkata,700090,IN,FALSE
2422,408-2447551-0358715,2447551,Women,78,10/04/2022,Delivered,Others,SET268-KR-NP-XL,Set,XL,1,INR,788,NEW DELHI,110053,IN,FALSE
2423,404-1385255-7861141,1385255,Men,30,10/04/2022,Delivered,Amazon,J0157-DR-XXL,Western Dress,XXL,1,INR,588,KANCHIPURAM,600056,IN,FALSE
2424,408-8757922-6541956,8757922,Women,21,10/04/2022,Delivered,Nalli,JNE3634-KR-XXL,kurta,XXL,1,INR,511,SURAT,395007,IN,FALSE
2425,405-2064352-6560315,2064352,Women,25,10/04/2022,Delivered,Amazon,SET171-KR-NP-XL,Set,XL,1,INR,775,AHMADNAGAR,414001,IN,FALSE
2426,405-0619876-8101960,619876,Men,26,10/04/2022,Delivered,Myntra,SET154-KR-NP-XXXL,Set,3XL,1,INR,832,AJMER,305001,IN,FALSE
2427,402-3194956-1956360,3194956,Women,19,10/04/2022,Returned,Flipkart,SAR017,Saree,Free,1,INR,434,NEW DELHI,110008,IN,FALSE
2428,407-7039086-0981939,7039086,Men,78,10/04/2022,Delivered,Ajio,SET162-KR-PP-XL,Set,XL,1,INR,453,Lucknow,226022,IN,FALSE
2429,403-8588643-2352326,8588643,Women,38,10/04/2022,Delivered,Myntra,SET400-KR-NP-XXL,Set,XXL,1,INR,1068,GREATER NOIDA,201310,IN,FALSE
2430,402-1068615-0292322,1068615,Men,54,10/04/2022,Delivered,Amazon,SET374-KR-NP-M,Set,M,1,INR,627,KUSHINAGAR,274402,IN,FALSE
2431,402-0233490-8527518,233490,Women,74,10/04/2022,Returned,Flipkart,JNE3440-KR-N-XXXL,kurta,3XL,1,INR,379,NAVI MUMBAI,410210,IN,FALSE
2432,406-6881353-7238730,6881353,Women,19,10/04/2022,Delivered,Flipkart,JNE3793-KR-XXXL,kurta,3XL,1,INR,355,HYDERABAD,500090,IN,FALSE
2433,407-2013576-9870707,2013576,Women,49,10/04/2022,Delivered,Myntra,JNE3546-KR-XL,kurta,XL,1,INR,458,VARANASI,221007,IN,FALSE
2434,407-2079943-2395563,2079943,Women,37,10/04/2022,Returned,Amazon,SAR025,Saree,Free,1,INR,549,SEDAM,585222,IN,FALSE
2435,403-2710393-3925141,2710393,Women,18,10/04/2022,Delivered,Nalli,SET182-KR-DH-M,Set,M,1,INR,599,HYDERABAD,500047,IN,FALSE
2436,403-3220725-4933934,3220725,Women,38,10/04/2022,Delivered,Myntra,SET269-KR-NP-XL,Set,XL,1,INR,824,NAINITAL,263127,IN,FALSE
2437,407-2277155-2006730,2277155,Women,34,10/04/2022,Delivered,Meesho,SET400-KR-NP-XXXL,Set,3XL,1,INR,1036,CHENNAI,600056,IN,FALSE
2438,404-4250217-3829133,4250217,Women,51,10/04/2022,Returned,Flipkart,MEN5020-KR-XXXL,kurta,3XL,1,INR,590,UDAIPUR,313002,IN,FALSE
2439,403-8658285-1069902,8658285,Women,32,10/04/2022,Delivered,Flipkart,JNE3461-KR-L,kurta,L,1,INR,379,AMRAVATI,444604,IN,FALSE
2440,402-1765798-7951549,1765798,Women,23,10/04/2022,Delivered,Myntra,J0230-SKD-XXL,Set,XXL,1,INR,1163,MUMBAI,400031,IN,FALSE
2441,408-5453976-7005132,5453976,Women,33,10/04/2022,Returned,Amazon,MEN5004-KR-XXL,kurta,XXL,1,INR,688,PUNE,411019,IN,FALSE
2442,403-8930980-5958724,8930980,Women,54,10/04/2022,Delivered,Flipkart,JNE3423-KR-M,kurta,M,1,INR,379,BOKARO STEEL CITY,827001,IN,FALSE
2443,171-4350406-6569166,4350406,Women,41,10/04/2022,Delivered,Amazon,JNE3897-KR-XXXL,kurta,3XL,1,INR,565,Bengaluru,560043,IN,FALSE
2444,171-4350406-6569166,4350406,Women,39,10/04/2022,Delivered,Flipkart,JNE3567-KR-XL,kurta,XL,1,INR,399,YERRABALEM,507201,IN,FALSE
2445,408-5031758-0689128,5031758,Men,62,10/04/2022,Delivered,Myntra,SET131-KR-NP-A-S,Set,S,1,INR,666,DEHRADUN,248001,IN,FALSE
2446,402-5056029-5823542,5056029,Women,49,10/04/2022,Returned,Amazon,JNE3801-KR-XXL,kurta,XXL,1,INR,735,MUMBAI 400102,400102,IN,FALSE
2447,406-1457185-7710744,1457185,Men,27,10/04/2022,Delivered,Flipkart,SET156-KR-NP-XXXL,Set,3XL,1,INR,680,FARIDABAD,121002,IN,FALSE
2448,404-6651614-8076312,6651614,Women,42,10/04/2022,Delivered,Myntra,JNE3658-TP-XXL,Top,XXL,1,INR,354,Vaishali,844505,IN,FALSE
2449,408-7479560-0568359,7479560,Women,54,10/04/2022,Returned,Nalli,MEN5009-KR-M,kurta,M,1,INR,484,BENGALURU,560006,IN,FALSE
2450,171-9569085-4815528,9569085,Men,30,10/04/2022,Delivered,Myntra,SET171-KR-NP-L,Set,L,1,INR,802,VISAKHAPATNAM,530013,IN,FALSE
2451,404-1705133-4396369,1705133,Men,63,10/04/2022,Delivered,Amazon,J0283-SET-L,Set,L,1,INR,1020,HOSUR,635109,IN,FALSE
2452,406-6102927-0121918,6102927,Men,55,10/04/2022,Delivered,Myntra,J0212-DR-XXXL,Ethnic Dress,3XL,1,INR,791,NAVI MUMBAI,400701,IN,FALSE
2453,408-4531808-1522737,4531808,Men,33,10/04/2022,Delivered,Myntra,SET333-KR-DPT-M,Set,M,1,INR,955,Bangalore,560066,IN,FALSE
2454,406-7593094-3787506,7593094,Women,30,10/04/2022,Delivered,Flipkart,JNE3651-TP-N-M,Top,M,1,INR,518,GURGAON,122018,IN,FALSE
2455,171-1816012-3725920,1816012,Men,21,10/04/2022,Delivered,Meesho,SET158-KR-PP-XS,Set,XS,1,INR,791,Leh,194101,IN,FALSE
2456,404-0109156-4458737,109156,Women,33,10/04/2022,Delivered,Amazon,JNE3401-KR-M,kurta,M,1,INR,259,SILCHAR,788010,IN,FALSE
2457,171-8505964-7622708,8505964,Women,28,10/04/2022,Returned,Flipkart,JNE3560-KR-XL,kurta,XL,1,INR,544,VIJAYAWADA,520008,IN,FALSE
2458,171-8505964-7622708,8505964,Women,52,10/04/2022,Returned,Others,JNE3440-KR-N-XXL,kurta,XXL,1,INR,399,KOLKATA,700141,IN,FALSE
2459,406-1033783-3478762,1033783,Women,47,10/04/2022,Returned,Flipkart,JNE3440-KR-N-XXXL,kurta,3XL,1,INR,379,KOLKATA,700099,IN,FALSE
2460,407-6611854-7787500,6611854,Women,34,10/04/2022,Delivered,Flipkart,SET288-KR-NP-XL,Set,XL,1,INR,698,CHALAKUDY,680307,IN,FALSE
2461,404-3977426-3618702,3977426,Women,47,10/04/2022,Returned,Meesho,JNE3785-KR-XXXL,kurta,3XL,1,INR,362,GUWAHATI,781003,IN,FALSE
2462,402-7582309-0160340,7582309,Women,42,10/04/2022,Returned,Amazon,SAR003,Saree,Free,1,INR,363,NAIHATI,743135,IN,FALSE
2463,405-3140169-2899529,3140169,Men,47,10/04/2022,Cancelled,Myntra,SET268-KR-NP-XL,Set,XL,1,INR,698,Hyderabad,500065,IN,FALSE
2464,406-5032850-9450732,5032850,Women,60,10/04/2022,Delivered,Myntra,J0354-KR-L,kurta,L,1,INR,635,CHENNAI,600126,IN,FALSE
2465,405-9737817-2065928,9737817,Women,29,10/04/2022,Returned,Amazon,SAR017,Saree,Free,1,INR,1268,Mathura,281001,IN,FALSE
2466,403-5478067-1795525,5478067,Men,41,10/04/2022,Delivered,Meesho,J0230-SKD-XL,Set,XL,1,INR,969,kolkata,700156,IN,FALSE
2467,402-9102629-5205902,9102629,Women,26,10/04/2022,Delivered,Amazon,JNE3659-TP-N-S,Top,S,1,INR,493,SOUTH GOA,403802,IN,TRUE
2468,404-5745923-1311563,5745923,Women,22,10/04/2022,Delivered,Myntra,JNE3568-KR-XS,kurta,XS,1,INR,435,JALANDHAR,144031,IN,FALSE
2469,408-2708645-6869141,2708645,Women,42,10/04/2022,Delivered,Nalli,J0008-SKD-M,Set,M,1,INR,1075,PUNE,411028,IN,FALSE
2470,408-3652923-6182757,3652923,Women,25,10/04/2022,Delivered,Myntra,JNE3648-TP-N-XXL,Top,XXL,1,INR,518,CHENNAI,600116,IN,FALSE
2471,402-3984745-7849942,3984745,Women,40,10/04/2022,Delivered,Amazon,SAR029,Saree,Free,1,INR,1068,NEW DELHI,110015,IN,FALSE
2472,402-3984745-7849942,3984745,Women,33,10/04/2022,Delivered,Myntra,JNE3634-KR-S,kurta,S,1,INR,511,mumbai,400065,IN,FALSE
2473,402-3984745-7849942,3984745,Women,38,10/04/2022,Delivered,Nalli,JNE3749-KR-XS,kurta,XS,1,INR,457,VARANASI,221001,IN,FALSE
2474,402-3984745-7849942,3984745,Women,21,10/04/2022,Delivered,Amazon,JNE3721-KR-M,kurta,M,1,INR,322,MUMBAI,400026,IN,FALSE
2475,402-3984745-7849942,3984745,Women,24,10/04/2022,Delivered,Meesho,JNE3399-KR-XL,kurta,XL,1,INR,435,Thane,400610,IN,FALSE
2476,405-4157807-6902726,4157807,Men,25,10/04/2022,Delivered,Meesho,J0305-DR-XXL,Western Dress,XXL,1,INR,613,PUNE,411032,IN,FALSE
2477,406-2922709-5065100,2922709,Women,34,10/04/2022,Delivered,Amazon,MEN5014-KR-XXXL,kurta,3XL,1,INR,665,HYDERABAD,500065,IN,FALSE
2478,402-2089901-7448351,2089901,Women,62,10/04/2022,Delivered,Flipkart,SET144-KR-NP-M,Set,M,1,INR,788,KANPUR,208002,IN,FALSE
2479,405-2771889-4795520,2771889,Men,27,10/04/2022,Delivered,Flipkart,J0308-DR-XXXL,Western Dress,3XL,1,INR,665,THANE,400601,IN,FALSE
2480,407-3557742-2917139,3557742,Women,49,10/04/2022,Delivered,Amazon,SET224-KR-NP-XS,Set,XS,1,INR,1299,HYDERABAD,500013,IN,FALSE
2481,403-6541650-4984366,6541650,Women,40,10/04/2022,Delivered,Flipkart,SET350-KR-NP-S,Set,S,1,INR,1299,ROORKEE,247667,IN,FALSE
2482,405-6665264-0707563,6665264,Women,46,10/04/2022,Delivered,Amazon,JNE3697-KR-S,kurta,S,1,INR,458,MEERUT,250002,IN,FALSE
2483,404-4079752-6017934,4079752,Women,32,10/04/2022,Delivered,Ajio,JNE3793-KR-XXXL,kurta,3XL,1,INR,355,KOLLAM,691333,IN,FALSE
2484,407-4753651-1901103,4753651,Women,39,10/04/2022,Delivered,Myntra,SET138-KR-PP-M,Set,M,1,INR,803,GURUGRAM,122001,IN,FALSE
2485,404-7908071-1325166,7908071,Men,38,10/04/2022,Delivered,Amazon,JNE3797-KR-L,Western Dress,L,1,INR,735,DEESA,385535,IN,FALSE
2486,408-5649180-0281162,5649180,Women,40,10/04/2022,Delivered,Ajio,MEN5014-KR-L,kurta,L,1,INR,495,SILIGURI,734001,IN,FALSE
2487,407-1989908-6421162,1989908,Women,32,10/04/2022,Delivered,Flipkart,SAR017,Saree,Free,1,INR,1126,Haldwani,263139,IN,FALSE
2488,407-0039842-7758742,39842,Women,22,10/04/2022,Delivered,Flipkart,JNE3504-KR-XS,kurta,XS,1,INR,487,THANE,400602,IN,FALSE
2489,403-2893349-5127534,2893349,Men,44,10/04/2022,Delivered,Amazon,JNE3573-KR-XS,kurta,XS,1,INR,381,BENGALURU,560058,IN,FALSE
2490,402-5410851-0850764,5410851,Women,60,10/04/2022,Returned,Flipkart,SET344-KR-NP-M,Set,M,1,INR,968,MORBI,363642,IN,FALSE
2491,408-7510819-8523550,7510819,Men,46,10/04/2022,Delivered,Flipkart,JNE3468-KR-XL,kurta,XL,1,INR,363,BIDHAN NAGAR,700091,IN,FALSE
2492,405-5073871-6863536,5073871,Men,52,10/04/2022,Delivered,Amazon,JNE3423-KR-L,kurta,L,1,INR,379,CHENNAI,600116,IN,FALSE
2493,404-9729825-2599543,9729825,Men,35,10/04/2022,Delivered,Myntra,JNE3641-TP-N-XS,Top,XS,1,INR,354,KALYAN,421204,IN,FALSE
2494,408-4659755-4153163,4659755,Men,49,10/04/2022,Delivered,Flipkart,MEN5016-KR-XXL,kurta,XXL,1,INR,665,LUCKNOW,226001,IN,FALSE
2495,403-7427863-0323529,7427863,Women,45,10/04/2022,Delivered,Nalli,JNE3720-KR-M,kurta,M,1,INR,517,NAGERCOIL,629603,IN,FALSE
2496,402-6398667-1525120,6398667,Women,29,10/04/2022,Delivered,Myntra,J0236-SKD-XL,Set,XL,1,INR,921,CHENNAI,600072,IN,FALSE
2497,405-8738841-3637915,8738841,Men,28,10/04/2022,Delivered,Amazon,SET340-KR-NP-L,Set,L,1,INR,799,KALYAN,421201,IN,FALSE
2498,404-1510597-5556323,1510597,Women,38,10/04/2022,Delivered,Amazon,SET328-KR-NP-XL,Set,XL,1,INR,597,JALANDHAR,144001,IN,FALSE
2499,407-7033145-9301913,7033145,Women,40,10/04/2022,Delivered,Amazon,JNE3803-KR-S,kurta,S,1,INR,431,PUNE,411044,IN,FALSE
2500,402-3764718-7576346,3764718,Women,40,10/04/2022,Delivered,Meesho,BL104-L,Blouse,L,1,INR,545,BENGALURU,560034,IN,FALSE
2501,407-8727612-5299545,8727612,Women,40,10/04/2022,Delivered,Flipkart,J0201-TP-L,Top,L,1,INR,625,BENGALURU,560066,IN,FALSE
2502,407-8727612-5299545,8727612,Women,38,10/04/2022,Delivered,Myntra,BL110-XXL,Blouse,XXL,1,INR,726,KOLKATA,700031,IN,FALSE
2503,404-1255975-1663559,1255975,Women,40,10/04/2022,Delivered,Amazon,MEN5014-KR-M,kurta,M,1,INR,499,Banswara,327027,IN,FALSE
2504,407-9689427-3577114,9689427,Women,67,10/04/2022,Delivered,Myntra,J0314-KR-M,kurta,M,1,INR,761,CHENNAI,600088,IN,FALSE
2505,403-8037221-5100317,8037221,Men,35,10/04/2022,Delivered,Flipkart,JNE3797-KR-M,Western Dress,M,1,INR,735,BENGALURU,560102,IN,FALSE
2506,407-7505308-3298705,7505308,Women,29,10/04/2022,Delivered,Amazon,SET300-KR-NP-XXXL,Set,3XL,1,INR,967,BENGALURU,560078,IN,FALSE
2507,404-0204347-9793178,204347,Women,25,10/04/2022,Delivered,Flipkart,JNE3659-TP-N-XL,Top,XL,1,INR,493,JAIPUR,302017,IN,FALSE
2508,403-3660668-4620312,3660668,Women,42,10/04/2022,Delivered,Myntra,JNE3675-TU-L,Top,L,1,INR,545,BANGALORE,560070,IN,FALSE
2509,406-9718931-4024332,9718931,Women,36,10/04/2022,Delivered,Myntra,SAR025,Saree,Free,1,INR,449,BELPAHAR,768217,IN,FALSE
2510,403-8257560-4898740,8257560,Women,37,10/04/2022,Delivered,Amazon,SET350-KR-NP-XL,Set,XL,1,INR,1122,CHENNAI,600119,IN,FALSE
2511,407-0712120-9741136,712120,Women,74,10/04/2022,Delivered,Myntra,J0336-TP-XL,Top,XL,1,INR,836,REIS MAGOS,403114,IN,FALSE
2512,407-4878825-0605103,4878825,Women,23,10/04/2022,Delivered,Meesho,BL103-XXL,Blouse,XXL,1,INR,1018,GWALIOR,474004,IN,FALSE
2513,403-0415495-4311549,415495,Women,48,10/04/2022,Delivered,Ajio,JNE3642-TP-XS,Top,XS,1,INR,329,ERODE,638009,IN,FALSE
2514,403-1600548-9304341,1600548,Women,44,10/04/2022,Delivered,Ajio,J0148-SET-XXL,Set,XXL,1,INR,599,Faridabad,121003,IN,FALSE
2515,408-3037053-5828359,3037053,Women,41,10/04/2022,Returned,Myntra,SET393-KR-NP-XXXL,Set,3XL,1,INR,969,GURUGRAM,122001,IN,FALSE
2516,407-7756259-0283504,7756259,Women,66,10/04/2022,Delivered,Myntra,J0244-SKD-XXXL,Set,3XL,1,INR,1174,BENGALURU,560073,IN,FALSE
2517,404-0073983-3741142,73983,Women,43,10/04/2022,Delivered,Amazon,JNE3417-KR-M,kurta,M,1,INR,343,CHENNAI,600032,IN,FALSE
2518,403-6685020-0463550,6685020,Men,29,10/04/2022,Delivered,Flipkart,J0041-SET-L,Set,L,1,INR,763,AVINASHI,641654,IN,FALSE
2519,403-8760277-1809906,8760277,Women,43,10/04/2022,Returned,Nalli,JNE3721-KR-L,kurta,L,1,INR,292,PORT BLAIR,744101,IN,FALSE
2520,404-1230841-7530712,1230841,Women,61,10/04/2022,Delivered,Amazon,SET350-KR-NP-L,Set,L,1,INR,1088,Delhi,110095,IN,FALSE
2521,408-5123186-0893118,5123186,Men,32,10/04/2022,Delivered,Myntra,SET311-KR-NP-S,Set,S,1,INR,974,NAJIBABAD,246763,IN,FALSE
2522,404-2563639-7355528,2563639,Men,31,10/04/2022,Returned,Flipkart,JNE3797-KR-M,Western Dress,M,1,INR,735,THRISSUR,680011,IN,FALSE
2523,402-3150460-7265948,3150460,Men,42,10/04/2022,Returned,Ajio,J0338-DR-XL,Western Dress,XL,1,INR,791,NAVI MUMBAI,400701,IN,FALSE
2524,407-2407385-2661163,2407385,Women,35,10/04/2022,Delivered,Amazon,SET239-KR-NP-S,Set,S,1,INR,648,GREATER NOIDA,201306,IN,FALSE
2525,171-9953527-4754750,9953527,Women,19,10/04/2022,Delivered,Amazon,JNE3461-KR-L,kurta,L,1,INR,399,AHMEDABAD,380008,IN,FALSE
2526,171-9953527-4754750,9953527,Women,33,10/04/2022,Cancelled,Myntra,JNE3431-KR-XL,kurta,XL,1,INR,333,CHENNAI,600051,IN,FALSE
2527,408-3511241-0191516,3511241,Women,29,10/04/2022,Delivered,Flipkart,JNE3421-KR-N-L,kurta,L,1,INR,435,KOLLAM,691503,IN,FALSE
2528,402-0989965-7602749,989965,Women,24,10/04/2022,Delivered,Flipkart,SAR025,Saree,Free,1,INR,1163,INDORE,453555,IN,FALSE
2529,403-5066936-0169134,5066936,Men,20,10/04/2022,Delivered,Nalli,SET324-KR-NP-M,Set,M,1,INR,597,SRINAGAR,190002,IN,FALSE
2530,171-0997881-1837100,997881,Women,32,10/04/2022,Delivered,Flipkart,JNE3794-KR-XXL,kurta,XXL,2,INR,1034,RADHAPURAM,627111,IN,FALSE
2531,403-1367007-8133114,1367007,Women,19,10/04/2022,Returned,Myntra,JNE3412-KR-XS,kurta,XS,1,INR,422,MULLASSERY,680509,IN,FALSE
2532,406-7267672-0569941,7267672,Women,69,10/04/2022,Delivered,Ajio,J0376-SKD-M,Set,M,1,INR,999,BHIWANDI,421302,IN,FALSE
2533,408-0008759-7456323,8759,Men,49,10/04/2022,Returned,Amazon,J0243-DR-XXXL,Ethnic Dress,3XL,1,INR,999,SANGLI MIRAJ KUPWAD,416410,IN,FALSE
2534,403-8087577-5216352,8087577,Women,42,10/04/2022,Delivered,Ajio,JNE3688-TU-XS,Top,XS,1,INR,836,HYDERABAD,500085,IN,FALSE
2535,171-1859343-0772354,1859343,Women,48,10/04/2022,Delivered,Others,JNE3459-KR-XXL,kurta,XXL,1,INR,399,MUMBAI,400053,IN,FALSE
2536,407-2943278-1071516,2943278,Men,45,10/04/2022,Delivered,Nalli,JNE3797-KR-A-M,Western Dress,M,1,INR,771,Muvattupuzha,686661,IN,FALSE
2537,407-5192518-3414764,5192518,Women,36,10/04/2022,Cancelled,Myntra,JNE3405-KR-S,kurta,S,1,INR,399,JAMSHEDPUR,831015,IN,FALSE
2538,402-5353639-9197960,5353639,Men,46,10/04/2022,Delivered,Meesho,SET265-KR-NP-S,Set,S,1,INR,846,GANGTOK,737101,IN,FALSE
2539,405-6875744-6597936,6875744,Women,24,10/04/2022,Delivered,Myntra,SET144-KR-NP-S,Set,S,1,INR,729,KALYAN,421201,IN,FALSE
2540,404-4597902-5688321,4597902,Women,27,10/04/2022,Delivered,Flipkart,JNE3429-KR-S,kurta,S,1,INR,299,BENGALURU,560076,IN,FALSE
2541,408-1156245-4457919,1156245,Women,18,10/04/2022,Delivered,Amazon,SET344-KR-NP-M,Set,M,1,INR,899,SIROHI,307001,IN,FALSE
2542,403-9974058-0798722,9974058,Men,69,10/04/2022,Delivered,Flipkart,J0339-DR-XL,Western Dress,XL,1,INR,744,MUMBAI,400079,IN,FALSE
2543,403-9974058-0798722,9974058,Women,51,10/04/2022,Delivered,Amazon,J0117-TP-XL,Top,XL,1,INR,726,Manipal,576104,IN,FALSE
2544,402-4349072-8190735,4349072,Women,47,10/04/2022,Delivered,Myntra,PJNE2100-KR-N-6XL,kurta,6XL,1,INR,452,SECUNDERABAD,500080,IN,FALSE
2545,402-4349072-8190735,4349072,Men,40,10/04/2022,Delivered,Nalli,NW039-TP-SR-XL,Set,XL,1,INR,499,BENGALURU,560084,IN,FALSE
2546,402-3289158-6249904,3289158,Women,51,10/04/2022,Delivered,Myntra,JNE3722-KR-XL,kurta,XL,1,INR,277,Honda,403530,IN,FALSE
2547,405-0338435-8465977,338435,Men,43,10/04/2022,Delivered,Flipkart,SET263-KR-NP-XS,Set,XS,1,INR,614,UDUPI,576101,IN,FALSE
2548,404-2570797-2433155,2570797,Women,45,10/04/2022,Delivered,Amazon,SET131-KR-NP-XS,Set,XS,1,INR,567,TIRUPATI,517520,IN,FALSE
2549,402-3019555-0941934,3019555,Women,48,10/04/2022,Delivered,Ajio,SET268-KR-NP-XS,Set,XS,1,INR,788,MANGALURU,575007,IN,FALSE
2550,402-3019555-0941934,3019555,Men,59,10/04/2022,Delivered,Myntra,SET293-KR-NP-M,Set,M,1,INR,702,CHENNAI,600100,IN,FALSE
2551,403-8050149-7997962,8050149,Women,48,10/04/2022,Returned,Amazon,SET392-KR-NP-S,Set,S,1,INR,799,New Delhi,110059,IN,FALSE
2552,402-7428153-0891553,7428153,Women,36,10/04/2022,Delivered,Flipkart,JNE1408-GREY-KR-UDF19-M,kurta,M,1,INR,301,OTTAPPALAM,679521,IN,FALSE
2553,402-0742120-3913918,742120,Women,20,10/04/2022,Delivered,Flipkart,JNE1233-BLUE-KR-031-XXL,kurta,XXL,1,INR,376,KOLKATA,700017,IN,FALSE
2554,408-7595717-0637113,7595717,Women,32,10/04/2022,Delivered,Flipkart,JNE3468-KR-XL,kurta,XL,1,INR,397,RAIGARH,496001,IN,FALSE
2555,405-0440983-7469164,440983,Men,43,10/04/2022,Delivered,Amazon,NW005-ST-PJ-L,Set,L,1,INR,562,MUMBAI,400072,IN,FALSE
2556,406-7108635-2471532,7108635,Women,20,10/04/2022,Delivered,Amazon,J0117-TP-S,Top,S,1,INR,499,JOWAI,793150,IN,FALSE
2557,406-7299160-8106716,7299160,Women,24,10/04/2022,Delivered,Amazon,J0379-SKD-S,Set,S,1,INR,1297,KALYAN,421201,IN,FALSE
2558,406-7299160-8106716,7299160,Women,47,10/04/2022,Delivered,Amazon,SET332-KR-PP-XXXL,Set,3XL,1,INR,549,HASSAN,573201,IN,FALSE
2559,406-3768615-2098744,3768615,Men,19,10/04/2022,Returned,Amazon,JNE3710-DR-M,Western Dress,M,1,INR,699,"TENALI, Guntur district",522202,IN,FALSE
2560,408-5239329-1980303,5239329,Women,42,10/04/2022,Delivered,Flipkart,JNE3856-KR-XL,kurta,XL,1,INR,542,NEW DELHI,110060,IN,FALSE
2561,408-5239329-1980303,5239329,Women,26,10/04/2022,Delivered,Amazon,JNE3838-KR-XXXL,kurta,3XL,1,INR,387,VILLUPURAM,605602,IN,FALSE
2562,407-2550684-0716316,2550684,Women,45,10/04/2022,Returned,Myntra,SET277-KR-NP-XXXL,Set,3XL,1,INR,1268,GURGAON,122018,IN,FALSE
2563,171-0875734-7933106,875734,Women,42,10/04/2022,Delivered,Amazon,JNE2270-KR-487-A-XS,kurta,XS,1,INR,518,BENGALURU,560043,IN,FALSE
2564,404-2118991-7333137,2118991,Men,39,10/04/2022,Delivered,Meesho,SET397-KR-NP-S,Set,S,1,INR,979,JHANSI,284001,IN,FALSE
2565,407-6620801-1753951,6620801,Women,31,10/04/2022,Delivered,Meesho,JNE3887-KR-S,kurta,S,1,INR,526,Salem,636304,IN,FALSE
2566,171-9495411-4449168,9495411,Men,37,10/04/2022,Delivered,Myntra,J0335-DR-L,Western Dress,L,1,INR,940,KALAMASSERY,682022,IN,FALSE
2567,403-0143194-1750718,143194,Women,35,10/04/2022,Delivered,Amazon,MEN5014-KR-S,kurta,S,1,INR,495,Potheri,603203,IN,FALSE
2568,405-4704479-8625912,4704479,Men,20,10/04/2022,Delivered,Flipkart,JNE3905-DR-XXL,Western Dress,XXL,1,INR,625,MUMBAI,400068,IN,FALSE
2569,405-2355368-5946715,2355368,Women,62,10/04/2022,Delivered,Amazon,JNE3399-KR-S,kurta,S,1,INR,435,Chennai,600020,IN,FALSE
2570,402-5935026-8025108,5935026,Men,34,10/04/2022,Delivered,Flipkart,SET364-KR-NP-XL,Set,XL,1,INR,1126,Mumbai,400058,IN,FALSE
2571,405-1480702-7477937,1480702,Women,20,10/04/2022,Delivered,Flipkart,JNE3439-KR-XL,kurta,XL,1,INR,435,BENGALURU,560054,IN,FALSE
2572,408-0617536-8095528,617536,Women,19,10/04/2022,Delivered,Flipkart,MEN5025-KR-S,kurta,S,1,INR,549,KOLKATA,700094,IN,FALSE
2573,402-7336711-8482707,7336711,Women,76,10/04/2022,Delivered,Amazon,JNE3423-KR-L,kurta,L,1,INR,399,CHENNAI,600109,IN,FALSE
2574,405-1760492-0423505,1760492,Women,20,10/04/2022,Delivered,Amazon,SET356-KR-NP-L,Set,L,1,INR,1099,CHENNAI,600084,IN,FALSE
2575,406-8305563-5796338,8305563,Women,41,10/04/2022,Delivered,Amazon,JNE3405-KR-M,kurta,M,1,INR,399,KOLKATA,700107,IN,FALSE
2576,402-6689439-7550711,6689439,Women,22,10/04/2022,Delivered,Flipkart,JNE3807-KR-XXXL,kurta,3XL,1,INR,702,CHENNAI,600053,IN,FALSE
2577,171-4655811-4971565,4655811,Men,23,10/04/2022,Delivered,Myntra,JNE3881-DR-XXXL,Western Dress,3XL,1,INR,825,NAVI MUMBAI,400702,IN,FALSE
2578,408-6942117-2634743,6942117,Men,37,10/04/2022,Delivered,Amazon,SET186-KR-DH-K-M,Set,M,1,INR,599,HYDERABAD,502032,IN,FALSE
2579,403-8646774-6718769,8646774,Men,49,10/04/2022,Delivered,Amazon,J0005-DR-M,Western Dress,M,1,INR,899,Gorakhpur,273202,IN,FALSE
2580,408-5441048-7481152,5441048,Women,28,10/04/2022,Delivered,Amazon,J0041-SET-S,Set,S,1,INR,622,KANNIYAKUMARI,629701,IN,FALSE
2581,407-6568007-7997963,6568007,Men,39,10/04/2022,Delivered,Amazon,J0003-SET-S,Set,S,1,INR,646,CUTTACK,753004,IN,FALSE
2582,407-6568007-7997963,6568007,Women,25,10/04/2022,Delivered,Myntra,MEN5025-KR-S,kurta,S,1,INR,754,Sheikhpura,811103,IN,FALSE
2583,407-6568007-7997963,6568007,Women,62,10/04/2022,Delivered,Ajio,MEN5025-KR-M,kurta,M,1,INR,530,GUWAHATI,781029,IN,FALSE
2584,407-5387602-4433917,5387602,Women,44,10/04/2022,Delivered,Amazon,MEN5025-KR-XXXL,kurta,3XL,1,INR,547,MANGALURU,575001,IN,FALSE
2585,403-8428334-2047541,8428334,Men,37,10/04/2022,Delivered,Flipkart,SET252-KR-PP-S,Set,S,1,INR,759,BENGALURU,560097,IN,FALSE
2586,405-2277430-4810765,2277430,Women,19,10/04/2022,Delivered,Meesho,JNE3609-KR-XS,kurta,XS,1,INR,561,JODHPUR,342008,IN,FALSE
2587,402-4912492-4977112,4912492,Men,19,10/04/2022,Delivered,Amazon,SET324-KR-NP-XXL,Set,XXL,1,INR,597,TUMAKURU,572102,IN,FALSE
2588,406-8120970-8505122,8120970,Men,34,10/04/2022,Delivered,Flipkart,JNE3798-KR-XL,Western Dress,XL,1,INR,771,MANGALURU,575015,IN,FALSE
2589,403-7944441-7197955,7944441,Men,55,10/04/2022,Delivered,Amazon,J0092-SET-XXXL,Set,3XL,1,INR,1008,CHENNAI,600092,IN,FALSE
2590,404-9833911-4338747,9833911,Men,24,10/04/2022,Delivered,Amazon,JNE3797-KR-A-XL,Western Dress,XL,1,INR,725,KOLLAM,691010,IN,FALSE
2591,402-5887696-1986713,5887696,Men,30,10/04/2022,Delivered,Amazon,J0348-SET-L,Set,L,1,INR,478,davangere,577004,IN,FALSE
2592,407-7502870-1811552,7502870,Women,26,10/04/2022,Delivered,Flipkart,J0340-TP-L,Top,L,1,INR,649,NEW DELHI,110015,IN,FALSE
2593,408-2791842-1922753,2791842,Men,47,10/04/2022,Delivered,Myntra,SET197-KR-NP-XL,Set,XL,1,INR,759,SRINAGAR,190019,IN,FALSE
2594,404-8468696-5062728,8468696,Women,18,10/04/2022,Delivered,Meesho,JNE3674-TU-S,Top,S,1,INR,574,KOLACHAL,629251,IN,FALSE
2595,404-8468696-5062728,8468696,Women,49,10/04/2022,Delivered,Myntra,JNE3674-TU-L,Top,L,1,INR,574,Chennai,600053,IN,FALSE
2596,402-1877437-7029961,1877437,Women,37,10/04/2022,Delivered,Others,SET398-KR-PP-XXL,Set,XXL,1,INR,1201,NAWADA,805110,IN,FALSE
2597,403-4620975-0936311,4620975,Men,44,10/04/2022,Delivered,Myntra,J0306-DR-L,Western Dress,L,1,INR,956,SONIPAT,131029,IN,FALSE
2598,406-5115583-4269946,5115583,Men,44,10/04/2022,Delivered,Nalli,SET393-KR-NP-XXXL,Set,3XL,1,INR,1186,GREATER NOIDA,201310,IN,FALSE
2599,408-0662845-0606752,662845,Men,38,10/04/2022,Returned,Amazon,J0341-DR-XS,Western Dress,XS,1,INR,743,MADURAI,625001,IN,FALSE
2600,405-7314814-9316311,7314814,Women,46,10/04/2022,Delivered,Amazon,JNE3787-KR-XS,kurta,XS,1,INR,487,PILIBHIT,262001,IN,FALSE
2601,403-4808611-7160314,4808611,Women,31,10/04/2022,Delivered,Amazon,JNE3722-KR-L,kurta,L,1,INR,301,KOTHAMANGALAM,686691,IN,FALSE
2602,406-1742731-7252303,1742731,Men,34,10/04/2022,Delivered,Flipkart,J0335-DR-XL,Western Dress,XL,1,INR,930,BENGALURU,560078,IN,FALSE
2603,407-9354947-5463550,9354947,Men,28,10/04/2022,Delivered,Meesho,J0004-SKD-XXL,Set,XXL,1,INR,1186,Valsad,396001,IN,FALSE
2604,405-6547759-0025962,6547759,Women,47,10/04/2022,Delivered,Flipkart,MEN5025-KR-XL,kurta,XL,1,INR,530,PERUMBAIKAD - KOTTAYAM,686016,IN,FALSE
2605,403-5257575-7344345,5257575,Women,57,10/04/2022,Delivered,Flipkart,SET374-KR-NP-L,Set,L,1,INR,666,NEW DELHI,110058,IN,FALSE
2606,171-1405206-9429157,1405206,Women,36,10/04/2022,Delivered,Flipkart,JNE3461-KR-XXL,kurta,XXL,1,INR,363,HYDERABAD,500094,IN,FALSE
2607,402-7739534-5321157,7739534,Men,31,10/04/2022,Delivered,Amazon,JNE3707-DR-XXL,Western Dress,XXL,1,INR,496,NAVSARI,396445,IN,FALSE
2608,406-9306916-7621921,9306916,Women,28,10/04/2022,Delivered,Others,J0002-SKD-XL,Set,XL,1,INR,1125,SHOPIAN,192303,IN,FALSE
2609,405-0270465-8569125,270465,Men,36,10/04/2022,Delivered,Myntra,SET402-KR-NP-M,Set,M,1,INR,988,CHERANALLUR,682034,IN,FALSE
2610,408-5752313-4573956,5752313,Men,51,10/04/2022,Delivered,Myntra,SET265-KR-NP-S,Set,S,1,INR,835,IMPHAL,795001,IN,FALSE
2611,406-6078098-1689943,6078098,Men,26,10/04/2022,Returned,Amazon,JNE3791-DR-L,Ethnic Dress,L,1,INR,399,VISAKHAPATNAM,531173,IN,FALSE
2612,408-3889093-2825921,3889093,Women,75,10/04/2022,Delivered,Others,J0344-TP-XL,Top,XL,1,INR,469,Hyderabad,500010,IN,FALSE
2613,403-8782945-2798760,8782945,Women,24,10/04/2022,Delivered,Amazon,SET291-KR-PP-XL,Set,XL,1,INR,569,AKOLA,444001,IN,FALSE
2614,408-6632453-0145925,6632453,Men,63,10/04/2022,Delivered,Myntra,J0250-SKD-XXL,Set,XXL,1,INR,703,Champawat,262523,IN,FALSE
2615,403-3316026-5578724,3316026,Men,72,10/04/2022,Delivered,Amazon,J0230-SKD-L,Set,L,1,INR,1163,BHUBANESWAR,751017,IN,FALSE
2616,405-9389376-4238721,9389376,Women,42,10/04/2022,Delivered,Myntra,JNE3865-TP-M,Top,M,1,INR,513,GHAZIABAD,201013,IN,FALSE
2617,407-1196264-9825969,1196264,Women,37,10/04/2022,Delivered,Myntra,JNE3160-KR-G-M,kurta,M,1,INR,729,CHANDIGARH,160036,IN,FALSE
2618,403-7165706-9376308,7165706,Women,19,10/04/2022,Delivered,Flipkart,SET405-KR-NP-XXXL,Set,3XL,2,INR,1448,VADODARA,390019,IN,FALSE
2619,403-0581203-8585134,581203,Women,31,10/04/2022,Delivered,Amazon,JNE3697-KR-S,kurta,S,1,INR,458,GORAKHPUR,273001,IN,FALSE
2620,403-0581203-8585134,581203,Women,43,10/04/2022,Cancelled,Flipkart,JNE3694-KR-XXL,kurta,XXL,1,INR,301,JAMMU,180013,IN,FALSE
2621,403-0581203-8585134,581203,Men,19,10/04/2022,Delivered,Nalli,SET356-KR-NP-XXXL,Set,3XL,1,INR,1099,VELLORE,632006,IN,FALSE
2622,404-0266005-0561904,266005,Women,66,10/04/2022,Delivered,Meesho,SET265-KR-NP-XS,Set,XS,1,INR,877,HYDERABAD,500032,IN,FALSE
2623,404-2593146-9305140,2593146,Men,33,10/04/2022,Delivered,Ajio,J0157-DR-L,Western Dress,L,1,INR,690,INDORE,452016,IN,FALSE
2624,408-0938923-0378717,938923,Women,35,10/04/2022,Delivered,Flipkart,J0230-SKD-S,Set,S,1,INR,1319,DHARWAD,580005,IN,FALSE
2625,408-3120365-8206757,3120365,Men,66,10/04/2022,Returned,Amazon,JNE3797-KR-L,Western Dress,L,1,INR,724,BENGALURU,560017,IN,FALSE
2626,408-2215246-6289955,2215246,Women,46,10/04/2022,Delivered,Myntra,JNE3546-KR-XL,kurta,XL,1,INR,487,AIZAWL,796001,IN,FALSE
2627,406-8893775-0401115,8893775,Women,31,10/04/2022,Delivered,Amazon,SAR018,Saree,Free,1,INR,487,Tanjavur,613401,IN,FALSE
2628,404-3827266-7937147,3827266,Women,37,10/04/2022,Delivered,Myntra,J0008-SKD-M,Set,M,1,INR,1075,Akola,444004,IN,FALSE
2629,406-5945143-6059554,5945143,Men,30,10/04/2022,Delivered,Ajio,J0239-SKD-XL,Set,XL,1,INR,1324,AHMEDABAD,380055,IN,FALSE
2630,408-5268059-3221963,5268059,Men,27,10/04/2022,Delivered,Amazon,SET183-KR-DH-XXXL,Set,3XL,1,INR,759,Noida,201301,IN,TRUE
2631,171-5677731-9435565,5677731,Women,34,10/04/2022,Delivered,Flipkart,SET345-KR-NP-XXL,Set,XXL,1,INR,626,BENGALURU,560099,IN,FALSE
2632,403-3237335-3155529,3237335,Men,32,10/04/2022,Delivered,Flipkart,SET288-KR-NP-XXXL,Set,3XL,1,INR,631,patna,800020,IN,FALSE
2633,403-0650776-9985103,650776,Men,35,10/04/2022,Delivered,Myntra,SET288-KR-NP-L,Set,L,1,INR,684,NEW DELHI,110028,IN,FALSE
2634,404-4067733-7749905,4067733,Men,37,10/04/2022,Delivered,Amazon,SET356-KR-NP-XXXL,Set,3XL,1,INR,999,HOJAI,782435,IN,FALSE
2635,408-2135168-4530739,2135168,Women,45,10/04/2022,Delivered,Flipkart,SAR006,Saree,Free,1,INR,457,HYDERABAD,500035,IN,FALSE
2636,405-5557464-1880331,5557464,Women,20,10/04/2022,Delivered,Amazon,SAR030,Saree,Free,1,INR,599,SEONI,480661,IN,FALSE
2637,402-2156066-6289146,2156066,Women,43,10/04/2022,Delivered,Myntra,SAR018,Saree,Free,1,INR,696,KAMALPUR,799285,IN,FALSE
2638,408-7053467-7941118,7053467,Women,23,10/04/2022,Delivered,Myntra,SAR018,Saree,Free,1,INR,682,CHENNAI,600100,IN,FALSE
2639,403-3746085-3264360,3746085,Men,30,10/04/2022,Delivered,Amazon,J0230-SKD-XS,Set,XS,1,INR,1163,NEW DELHI,110068,IN,FALSE
2640,171-4089458-5440324,4089458,Women,21,10/04/2022,Delivered,Amazon,SAR006,Saree,Free,1,INR,537,PUNE,411047,IN,FALSE
2641,404-8230258-2973900,8230258,Women,31,10/04/2022,Delivered,Amazon,SET345-KR-NP-XL,Set,XL,1,INR,603,MAVELIKKARA,690570,IN,FALSE
2642,405-6216732-6501903,6216732,Women,26,10/04/2022,Delivered,Flipkart,SAR029,Saree,Free,1,INR,666,SOLAPUR,413002,IN,FALSE
2643,408-3367657-6250752,3367657,Women,41,10/04/2022,Delivered,Flipkart,SET224-KR-NP-XS,Set,XS,1,INR,1098,HYDERABAD,500098,IN,FALSE
2644,408-3367657-6250752,3367657,Women,47,10/04/2022,Delivered,Amazon,SET223-KR-NP-S,Set,S,1,INR,648,NEW DELHI,110064,IN,FALSE
2645,403-8105355-8798755,8105355,Women,43,10/04/2022,Delivered,Myntra,SAR010,Saree,Free,1,INR,824,BENGALURU,560093,IN,FALSE
2646,404-2292039-0069110,2292039,Men,34,10/04/2022,Delivered,Flipkart,J0341-DR-M,Western Dress,M,1,INR,842,TEZPUR,784010,IN,FALSE
2647,408-6174086-6583564,6174086,Women,29,10/04/2022,Delivered,Myntra,PJNE3068-KR-4XL,kurta,4XL,1,INR,692,Sullurupeta,524121,IN,FALSE
2648,171-5766269-8066765,5766269,Women,40,10/04/2022,Delivered,Nalli,SAR025,Saree,Free,1,INR,387,SANGAREDDY,502001,IN,FALSE
2649,405-0504226-2015516,504226,Men,23,10/04/2022,Returned,Amazon,J0332-DR-S,Western Dress,S,1,INR,648,BENGALURU,560061,IN,FALSE
2650,406-7216661-1862761,7216661,Men,41,10/04/2022,Cancelled,Flipkart,J0209-DR-S,Ethnic Dress,S,1,INR,721,DHARMADOM,670661,IN,FALSE
2651,406-7216661-1862761,7216661,Women,36,10/04/2022,Cancelled,Amazon,J0373-KR-XS,kurta,XS,1,INR,599,NAVI MUMBAI,400614,IN,FALSE
2652,404-3927520-5225166,3927520,Women,50,10/04/2022,Refunded,Nalli,SAR027,Saree,Free,1,INR,487,PALGHAR,401201,IN,FALSE
2653,407-2670547-4945109,2670547,Men,28,10/04/2022,Returned,Nalli,JNE3797-KR-XXXL,Western Dress,3XL,1,INR,735,Kakkanad,682030,IN,FALSE
2654,404-5710851-5392310,5710851,Men,40,10/04/2022,Returned,Amazon,J0341-DR-XL,Western Dress,XL,1,INR,744,NASHIK,422004,IN,FALSE
2655,405-7536696-3836331,7536696,Women,25,10/04/2022,Delivered,Myntra,SET247-KR-SHA-XL,Set,XL,1,INR,680,PATNA,800001,IN,FALSE
2656,405-9938041-9565130,9938041,Women,20,10/04/2022,Delivered,Myntra,JNE3713-TP-N-XXL,Top,XXL,1,INR,354,CHENNAI,600116,IN,FALSE
2657,408-6781230-9692325,6781230,Women,18,10/04/2022,Delivered,Amazon,SAR030,Saree,Free,1,INR,318,chennai,600125,IN,FALSE
2658,408-0243357-7803511,243357,Women,38,10/04/2022,Returned,Amazon,SAR019,Saree,Free,1,INR,517,SANGLI MIRAJ KUPWAD,416436,IN,FALSE
2659,407-5780856-2956301,5780856,Men,66,10/04/2022,Delivered,Myntra,SET145-KR-NP-XXL,Set,XXL,1,INR,677,NEW DELHI,110017,IN,FALSE
2660,407-5780856-2956301,5780856,Men,29,10/04/2022,Returned,Amazon,J0005-DR-S,Western Dress,S,1,INR,1249,WARANGAL,506001,IN,FALSE
2661,403-3843379-5347527,3843379,Men,29,10/04/2022,Delivered,Amazon,SET364-KR-NP-M,Set,M,1,INR,1126,MUMBAI,400024,IN,FALSE
2662,407-5975983-5760324,5975983,Women,48,10/04/2022,Delivered,Nalli,MEN5027-KR-L,kurta,L,1,INR,475,NEW DELHI,110016,IN,FALSE
2663,402-3266702-1363511,3266702,Men,49,10/04/2022,Delivered,Myntra,J0382-SKD-S,Set,S,1,INR,1258,SRINAGAR,190015,IN,FALSE
2664,402-7453759-4887520,7453759,Women,41,10/04/2022,Delivered,Amazon,SET110-KR-PP-XXL,Set,XXL,1,INR,729,BENGALURU,560005,IN,FALSE
2665,403-6727819-0146729,6727819,Women,42,10/04/2022,Delivered,Myntra,SET131-KR-NP-A-M,Set,M,1,INR,666,VIZIANAGARAM,535001,IN,FALSE
2666,403-6727819-0146729,6727819,Men,20,10/04/2022,Delivered,Amazon,MEN5009-KR-L,kurta,L,1,INR,698,BENGALURU,560035,IN,FALSE
2667,408-4138495-0357909,4138495,Men,62,10/04/2022,Delivered,Amazon,JNE3405-KR-M,kurta,M,1,INR,399,GUWAHATI,781036,IN,FALSE
2668,408-4138495-0357909,4138495,Men,30,10/04/2022,Delivered,Ajio,JNE3294-KR-S,kurta,S,1,INR,432,KANCHIPURAM,600125,IN,FALSE
2669,403-5105579-1171548,5105579,Men,42,10/04/2022,Delivered,Amazon,JNE3405-KR-S,kurta,S,1,INR,449,REHAMBAL,182121,IN,FALSE
2670,402-1315323-5774735,1315323,Men,44,10/04/2022,Delivered,Flipkart,NW002-TP-PJ-L,Set,L,1,INR,455,Nagercoil,629001,IN,FALSE
2671,406-2797873-2309138,2797873,Men,63,10/04/2022,Delivered,Myntra,J0096-KR-M,kurta,M,1,INR,568,Saifai Etawah,206130,IN,FALSE
2672,404-4307984-4050761,4307984,Men,41,10/04/2022,Delivered,Amazon,JNE3709-DR-XS,Western Dress,XS,1,INR,1013,MUMBAI,400064,IN,FALSE
2673,402-3423576-2533119,3423576,Men,25,10/04/2022,Delivered,Flipkart,J0003-SET-S,Set,S,1,INR,655,BENGALURU,560097,IN,FALSE
2674,402-1908355-3366712,1908355,Men,40,10/04/2022,Delivered,Amazon,J0341-DR-L,Western Dress,L,1,INR,1033,Chennai,600033,IN,FALSE
2675,405-7358296-7555517,7358296,Men,47,10/04/2022,Delivered,Nalli,J0302-DR-XXXL,Western Dress,3XL,1,INR,696,GUWAHATI,781171,IN,FALSE
2676,404-2672188-5945944,2672188,Men,19,10/04/2022,Delivered,Myntra,J0339-DR-M,Western Dress,M,1,INR,791,HYDERABAD,500072,IN,FALSE
2677,406-2656600-2364341,2656600,Men,39,10/04/2022,Delivered,Myntra,JNE3423-KR-S,kurta,S,1,INR,379,JAIPUR,302029,IN,FALSE
2678,402-7494198-7668301,7494198,Men,36,10/04/2022,Delivered,Myntra,SET324-KR-NP-XL,Set,XL,1,INR,635,CHENNAI,600116,IN,FALSE
2679,408-2644789-9586752,2644789,Men,35,10/04/2022,Delivered,Myntra,JNE3667-TP-XXL,Top,XXL,1,INR,329,JAUNPUR,222001,IN,FALSE
2680,403-4421906-8778703,4421906,Women,58,10/04/2022,Delivered,Amazon,MEN5009-KR-L,kurta,L,2,INR,990,CHENNAI,600088,IN,FALSE
2681,403-4421906-8778703,4421906,Men,52,10/04/2022,Delivered,Myntra,NW012-TP-PJ-M,Set,M,1,INR,537,HYDERABAD,500013,IN,FALSE
2682,405-8791261-9032300,8791261,Men,42,10/04/2022,Delivered,Others,JNE3797-KR-A-XS,Western Dress,XS,1,INR,771,KOZHIKODE,673580,IN,FALSE
2683,408-3278867-3234751,3278867,Women,19,10/04/2022,Delivered,Myntra,JNE3634-KR-XXL,kurta,XXL,1,INR,521,Bardez,403508,IN,FALSE
2684,171-1353594-0726711,1353594,Women,60,10/04/2022,Delivered,Amazon,SET374-KR-NP-S,Set,S,1,INR,626,TURUVEKERE,572227,IN,FALSE
2685,406-2701820-0275526,2701820,Women,25,10/04/2022,Delivered,Flipkart,JNE3405-KR-M,kurta,M,1,INR,435,GREATER NOIDA,201306,IN,FALSE
2686,403-2313715-6326717,2313715,Women,33,10/04/2022,Delivered,Flipkart,JNE3630-KR-L,kurta,L,1,INR,399,CHENNAI,600102,IN,FALSE
2687,403-2313715-6326717,2313715,Women,69,10/04/2022,Delivered,Flipkart,JNE3639-TP-N-XXL,Top,XXL,1,INR,518,Mumbai,400013,IN,FALSE
2688,402-0935966-7641960,935966,Women,36,10/04/2022,Delivered,Amazon,NW009-ST-CP-M,Set,M,1,INR,560,SONIPAT,131001,IN,FALSE
2689,407-7101304-0401947,7101304,Men,35,10/04/2022,Delivered,Ajio,J0341-DR-XXL,Western Dress,XXL,1,INR,842,DEHRADUN,248001,IN,FALSE
2690,406-9496251-4362724,9496251,Women,30,10/04/2022,Delivered,Myntra,JNE3856-KR-L,kurta,L,1,INR,542,Angamaly,683572,IN,FALSE
2691,405-3652349-3199549,3652349,Men,43,10/04/2022,Delivered,Ajio,SET131-KR-NP-M,Set,M,1,INR,666,CHENNAI,600075,IN,FALSE
2692,405-4506655-0145968,4506655,Women,42,10/04/2022,Delivered,Amazon,SET273-KR-NP-S,Set,S,1,INR,597,BELAGAVI,590006,IN,FALSE
2693,406-4924848-6305922,4924848,Women,22,10/04/2022,Returned,Myntra,SET304-KR-DPT-XXXL,Set,3XL,1,INR,1186,HYDERABAD,500084,IN,FALSE
2694,403-0507131-7737160,507131,Women,20,10/04/2022,Delivered,Flipkart,JNE2291-KR-602-XXXL,kurta,3XL,1,INR,382,GANDHINAGAR,382006,IN,FALSE
2695,403-4789319-5396328,4789319,Women,34,10/04/2022,Delivered,Amazon,JNE3405-KR-XS,kurta,XS,1,INR,399,KOZHIKODE,673020,IN,FALSE
2696,402-9120937-4556314,9120937,Women,20,10/04/2022,Delivered,Amazon,JNE3465-KR-XXL,kurta,XXL,1,INR,502,CHENNAI,600077,IN,FALSE
2697,402-8036382-9123544,8036382,Women,46,10/04/2022,Delivered,Amazon,MEN5025-KR-XXL,kurta,XXL,1,INR,533,CHENNAI,600130,IN,FALSE
2698,404-6155521-3695520,6155521,Women,38,10/04/2022,Delivered,Flipkart,SET062-KR-SP-XS,Set,XS,1,INR,677,HYDERABAD,500059,IN,FALSE
2699,404-6155521-3695520,6155521,Women,32,10/04/2022,Delivered,Amazon,SET275-KR-NP-XXXL,Set,3XL,1,INR,630,BETTIAH,845438,IN,FALSE
2700,404-0430156-5953153,430156,Women,41,10/04/2022,Delivered,Meesho,SET263-KR-NP-XL,Set,XL,1,INR,614,JODHPUR,342005,IN,FALSE
2701,404-0430156-5953153,430156,Women,20,10/04/2022,Delivered,Others,SET344-KR-NP-XL,Set,XL,1,INR,958,JAIPUR,302021,IN,FALSE
2702,404-6193113-7874752,6193113,Women,69,10/04/2022,Delivered,Amazon,SET340-KR-NP-XL,Set,XL,1,INR,799,GUWAHATI,781037,IN,FALSE
2703,171-9236722-2153915,9236722,Women,20,10/04/2022,Delivered,Myntra,J0301-TP-S,Top,S,1,INR,493,NAVI MUMBAI,400701,IN,FALSE
2704,171-8624117-0705116,8624117,Men,48,10/04/2022,Delivered,Myntra,J0230-SKD-L,Set,L,1,INR,1163,KHALILABAD,272175,IN,FALSE
2705,405-4171895-8027516,4171895,Women,52,10/04/2022,Refunded,Amazon,JNE3741-KR-XL,kurta,XL,1,INR,353,MUMBAI,400083,IN,FALSE
2706,405-2713354-2030715,2713354,Women,74,10/04/2022,Delivered,Myntra,J0230-SKD-S,Set,S,1,INR,1163,BENGALURU,560078,IN,FALSE
2707,407-8405721-1153105,8405721,Men,38,10/04/2022,Delivered,Nalli,SET351-KR-NP-XXXL,Set,3XL,1,INR,599,MUMBAI,400071,IN,FALSE
2708,407-5598775-2746767,5598775,Men,38,10/04/2022,Returned,Flipkart,SET365-KR-NP-XXL,Set,XXL,1,INR,1112,HYDERABAD,500091,IN,FALSE
2709,408-7720620-0858710,7720620,Women,31,10/04/2022,Delivered,Myntra,JNE3560-KR-XXXL,kurta,3XL,1,INR,487,HYDERABAD,500083,IN,FALSE
2710,404-6136994-0984314,6136994,Women,41,10/04/2022,Delivered,Flipkart,J0230-SKD-S,Set,S,1,INR,1112,VARANASI,221001,IN,FALSE
2711,408-8134323-6079501,8134323,Women,44,10/04/2022,Delivered,Flipkart,MEN5009-KR-XL,kurta,XL,1,INR,499,NEW DELHI,110014,IN,FALSE
2712,171-6673710-4352306,6673710,Women,22,10/04/2022,Delivered,Myntra,JNE3623-KR-XXXL,kurta,3XL,1,INR,362,ATCHUTAPURAM APSEZ,531011,IN,FALSE
2713,171-6386154-3657961,6386154,Women,76,10/04/2022,Delivered,Amazon,JNE3749-KR-S,kurta,S,1,INR,457,"VILAYAT GIDC , Bharuch",392012,IN,FALSE
2714,405-5741233-3969930,5741233,Men,42,10/04/2022,Delivered,Amazon,J0341-DR-S,Western Dress,S,1,INR,791,GUWAHATI,781006,IN,FALSE
2715,407-5430754-2446767,5430754,Men,49,10/04/2022,Delivered,Myntra,SET110-KR-PP-XXL,Set,XXL,1,INR,788,VADODARA,390019,IN,FALSE
2716,407-5792532-9526734,5792532,Women,37,10/04/2022,Delivered,Myntra,SET356-KR-NP-XXL,Set,XXL,1,INR,999,RANCHI,834001,IN,FALSE
2717,408-0680781-2680319,680781,Women,42,10/04/2022,Delivered,Flipkart,JNE3787-KR-XXXL,kurta,3XL,1,INR,481,CHENNAI,600092,IN,FALSE
2718,402-2300320-4179530,2300320,Women,39,10/04/2022,Delivered,Flipkart,J0284-SKD-S,Set,S,1,INR,1237,BHATPAR RANI,274702,IN,FALSE
2719,405-3837913-2244344,3837913,Women,22,10/04/2022,Delivered,Ajio,JNE3566-KR-XL,kurta,XL,1,INR,368,THIRUVALLA,689551,IN,FALSE
2720,408-9927031-2905104,9927031,Men,19,10/04/2022,Delivered,Myntra,NW012-TP-PJ-M,Set,M,1,INR,521,UDAIPUR,313001,IN,FALSE
2721,408-9927031-2905104,9927031,Women,27,10/04/2022,Delivered,Myntra,JNE3627-KR-M,kurta,M,1,INR,318,GUWAHATI,781001,IN,FALSE
2722,404-1855676-4624344,1855676,Women,34,10/04/2022,Delivered,Amazon,SET392-KR-NP-S,Set,S,1,INR,799,BENGALURU,560043,IN,FALSE
2723,404-8001385-0796319,8001385,Women,31,10/04/2022,Delivered,Nalli,JNE3440-KR-N-XS,kurta,XS,1,INR,387,CHIPLUN,415605,IN,FALSE
2724,171-5920847-1629915,5920847,Women,61,10/04/2022,Delivered,Flipkart,SAR009,Saree,Free,1,INR,517,KANPUR,208025,IN,FALSE
2725,406-7507356-2936358,7507356,Men,66,10/04/2022,Delivered,Flipkart,SET291-KR-PP-XXXL,Set,3XL,1,INR,563,CHENNAI,600106,IN,FALSE
2726,408-2610352-6697951,2610352,Women,33,10/04/2022,Delivered,Flipkart,SET203-KR-DPT-XL,Set,XL,1,INR,416,Mahabubnagar,509001,IN,FALSE
2727,406-0943355-9925966,943355,Women,73,10/04/2022,Delivered,Flipkart,SET364-KR-NP-S,Set,S,1,INR,1126,BIJNOR,246701,IN,FALSE
2728,171-1203072-7477921,1203072,Men,57,10/04/2022,Delivered,Amazon,JNE3860-DR-M,Western Dress,M,1,INR,614,Lakhimpur kheri,262903,IN,FALSE
2729,404-6987638-2023523,6987638,Women,48,10/04/2022,Delivered,Nalli,JNE3405-KR-M,kurta,M,1,INR,435,CHENNAI,600087,IN,FALSE
2730,171-8173850-3497113,8173850,Women,25,10/04/2022,Delivered,Flipkart,JNE3405-KR-S,kurta,S,1,INR,435,Garhwa,822114,IN,FALSE
2731,408-3219573-2713932,3219573,Women,18,10/04/2022,Delivered,Nalli,JNE3611-KR-XXXL,kurta,3XL,1,INR,459,CHENNAI,600039,IN,FALSE
2732,403-8722831-9205924,8722831,Men,42,10/04/2022,Delivered,Myntra,J0095-SET-XXXL,Set,3XL,1,INR,653,BENGALURU,560097,IN,FALSE
2733,402-6763947-8645116,6763947,Women,48,10/04/2022,Delivered,Myntra,SET389-KR-NP-L,Set,L,1,INR,629,NEW DELHI,110049,IN,FALSE
2734,405-5174309-7941156,5174309,Women,20,10/04/2022,Delivered,Amazon,SET405-KR-NP-L,Set,L,1,INR,715,Dibrugarh,786001,IN,FALSE
2735,403-5562995-9920332,5562995,Men,25,10/04/2022,Cancelled,Flipkart,J0095-SET-L,Set,L,1,INR,653,THRIPPUNITHURA,682301,IN,FALSE
2736,171-6514691-9643514,6514691,Women,54,10/04/2022,Delivered,Myntra,SET192-KR-NP-L,Set,L,1,INR,749,TALA,402111,IN,FALSE
2737,402-4992192-0565151,4992192,Women,54,10/04/2022,Delivered,Amazon,MEN5025-KR-M,kurta,M,1,INR,533,GURUGRAM,122001,IN,FALSE
2738,402-4992192-0565151,4992192,Women,41,10/04/2022,Delivered,Amazon,MEN5032-KR-XL,kurta,XL,1,INR,797,GURUGRAM,122001,IN,FALSE
2739,406-4896581-9461149,4896581,Men,62,10/04/2022,Cancelled,Amazon,SET268-KR-NP-S,Set,S,1,INR,698,GURUGRAM,122101,IN,FALSE
2740,402-5119067-2956359,5119067,Women,34,10/04/2022,Delivered,Myntra,J0244-SKD-XXXL,Set,3XL,1,INR,1238,GHAZIABAD,201010,IN,FALSE
2741,407-6986489-9712301,6986489,Women,62,10/04/2022,Delivered,Amazon,JNE3405-KR-M,kurta,M,1,INR,399,Baleshwar,756019,IN,FALSE
2742,405-2478200-4677951,2478200,Women,76,10/04/2022,Delivered,Flipkart,J0012-SKD-XXXL,Set,3XL,1,INR,1140,RANCHI,834001,IN,FALSE
2743,407-6254467-2927568,6254467,Women,32,10/04/2022,Delivered,Amazon,JNE3793-KR-XXL,kurta,XXL,1,INR,349,CHENNAI,600113,IN,FALSE
2744,408-2333419-6597957,2333419,Women,30,10/04/2022,Delivered,Myntra,JNE3862-TU-S,Top,S,1,INR,599,Udupi,576101,IN,FALSE
2745,406-2632539-7669914,2632539,Women,37,10/04/2022,Delivered,Flipkart,J0294-TP-XS,Top,XS,1,INR,396,NEW DELHI,110022,IN,FALSE
2746,406-2632539-7669914,2632539,Women,73,10/04/2022,Delivered,Myntra,J0301-TP-L,Top,L,1,INR,464,THANE,400615,IN,FALSE
2747,404-5705921-4827530,5705921,Men,42,10/04/2022,Delivered,Flipkart,SET324-KR-NP-M,Set,M,1,INR,597,BENGALURU,560085,IN,FALSE
2748,403-5638023-3317107,5638023,Men,41,10/04/2022,Delivered,Amazon,J0341-DR-XL,Western Dress,XL,1,INR,743,MOHALI,160071,IN,FALSE
2749,403-1379887-9553962,1379887,Women,27,10/04/2022,Cancelled,Flipkart,SAR019,Saree,Free,1,INR,499,GHAZIABAD,201005,IN,FALSE
2750,408-4962247-0886714,4962247,Women,71,10/04/2022,Refunded,Amazon,JNE2270-KR-487-A-XL,kurta,XL,1,INR,518,BENGALURU,562157,IN,FALSE
2751,404-2796145-5118769,2796145,Women,47,10/04/2022,Refunded,Amazon,SAR022,Saree,Free,1,INR,560,PATNA,800020,IN,FALSE
2752,408-0516838-7967509,516838,Women,58,10/04/2022,Refunded,Flipkart,JNE3437-KR-XXXL,kurta,3XL,1,INR,496,BENGALURU,560027,IN,FALSE
2753,408-6278899-5382730,6278899,Women,52,10/04/2022,Delivered,Others,JNE3793-KR-XL,kurta,XL,1,INR,349,Gorantla,515231,IN,FALSE
2754,408-6278899-5382730,6278899,Women,19,10/04/2022,Delivered,Ajio,JNE3781-KR-S,kurta,S,1,INR,432,NEW DELHI,110059,IN,FALSE
2755,408-6278899-5382730,6278899,Women,19,10/04/2022,Cancelled,Amazon,JNE3721-KR-XL,kurta,XL,1,INR,292,HYDERABAD,500097,IN,FALSE
2756,408-6278899-5382730,6278899,Women,67,10/04/2022,Delivered,Amazon,JNE3785-KR-L,kurta,L,1,INR,362,LUCKNOW,226003,IN,FALSE
2757,408-0025818-0069168,25818,Women,35,10/04/2022,Refunded,Amazon,JNE3785-KR-XXL,kurta,XXL,1,INR,362,NEW DELHI,110053,IN,FALSE
2758,408-0025818-0069168,25818,Women,46,10/04/2022,Refunded,Myntra,SAR001,Saree,Free,1,INR,526,CHANDANNAGAR,712136,IN,FALSE
2759,408-0025818-0069168,25818,Women,25,10/04/2022,Refunded,Amazon,SAR027,Saree,Free,1,INR,999,MOKAMEH,803301,IN,FALSE
2760,403-6282640-4001940,6282640,Men,42,10/04/2022,Returned,Flipkart,JNE3797-KR-M,Western Dress,M,1,INR,735,HYDERABAD,500091,IN,FALSE
2761,405-5714238-1917902,5714238,Men,18,10/04/2022,Delivered,Amazon,JNE3797-KR-L,Western Dress,L,1,INR,735,CHITTUR THATHAMANGALAM,678101,IN,FALSE
2762,406-6087962-6806736,6087962,Men,24,09/04/2022,Delivered,Flipkart,J0341-DR-L,Western Dress,L,1,INR,744,HALDIA,721645,IN,FALSE
2763,404-7627553-5551535,7627553,Men,64,09/04/2022,Delivered,Flipkart,J0154-DR-XS,Western Dress,XS,1,INR,377,LUCKNOW,226010,IN,FALSE
2764,406-7681410-2992331,7681410,Women,32,09/04/2022,Delivered,Nalli,JNE3567-KR-L,kurta,L,1,INR,399,PALAKKAD,679533,IN,FALSE
2765,403-3086738-4934754,3086738,Men,27,09/04/2022,Delivered,Amazon,J0341-DR-M,Western Dress,M,1,INR,791,BENGALURU,560043,IN,FALSE
2766,402-7894679-1464329,7894679,Men,44,09/04/2022,Returned,Myntra,J0106-KR-XL,Western Dress,XL,1,INR,939,"Hyderabad, Telangana",500036,IN,FALSE
2767,402-6103442-6375545,6103442,Women,23,09/04/2022,Refunded,Amazon,JNE3368-KR-S,kurta,S,1,INR,471,ETTUMANOOR,686632,IN,FALSE
2768,405-2218359-3379515,2218359,Women,74,09/04/2022,Refunded,Amazon,MEN5028-KR-XXL,kurta,XXL,1,INR,499,BASIRHAT,743412,IN,FALSE
2769,404-7660892-1191509,7660892,Women,31,09/04/2022,Delivered,Flipkart,SET293-KR-NP-XL,Set,XL,1,INR,692,CHENNAI,600004,IN,FALSE
2770,402-0356809-4747538,356809,Women,27,09/04/2022,Delivered,Amazon,JNE3420-KR-XXL,kurta,XXL,1,INR,299,PARCHUR,523169,IN,FALSE
2771,403-6578187-8177151,6578187,Men,18,09/04/2022,Delivered,Myntra,SET184-KR-PP-XL,Set,XL,1,INR,573,VISAKHAPATNAM,530012,IN,FALSE
2772,403-8668897-6389909,8668897,Men,24,09/04/2022,Delivered,Flipkart,SET293-KR-NP-M,Set,M,1,INR,692,AGARTALA,799001,IN,FALSE
2773,171-0728342-1559548,728342,Women,78,09/04/2022,Delivered,Flipkart,SET184-KR-PP-S,Set,S,1,INR,563,JAGRAON,142026,IN,FALSE
2774,408-9253724-6760323,9253724,Women,35,09/04/2022,Delivered,Amazon,SAR009,Saree,Free,1,INR,368,VADODARA,390021,IN,FALSE
2775,405-9805614-1079514,9805614,Men,18,09/04/2022,Delivered,Amazon,SET265-KR-NP-L,Set,L,1,INR,888,DURGAPUR,713213,IN,FALSE
2776,171-5044458-6497127,5044458,Men,23,09/04/2022,Delivered,Myntra,SET268-KR-NP-XXL,Set,XXL,1,INR,788,MUMBAI,400037,IN,FALSE
2777,407-3506588-0425151,3506588,Women,22,09/04/2022,Returned,Amazon,JNE3373-KR-XXL,kurta,XXL,1,INR,376,CHENNAI,600024,IN,FALSE
2778,407-2354114-3809958,2354114,Women,46,09/04/2022,Delivered,Myntra,SAR014,Saree,Free,1,INR,754,PICHHORE SHIVPURI DISTRICT,473995,IN,FALSE
2779,402-7955473-9922700,7955473,Men,26,09/04/2022,Delivered,Amazon,SET291-KR-PP-XL,Set,XL,1,INR,563,MUMBAI,400016,IN,FALSE
2780,402-3131166-2789923,3131166,Men,22,09/04/2022,Delivered,Amazon,J0081-DR-XXXL,Western Dress,3XL,1,INR,658,JODHPUR,342011,IN,FALSE
2781,403-4314323-7591519,4314323,Men,36,09/04/2022,Delivered,Ajio,J0230-SKD-XL,Set,XL,1,INR,969,BENGALURU,560022,IN,FALSE
2782,402-2589507-4481942,2589507,Men,76,09/04/2022,Delivered,Myntra,J0003-SET-XL,Set,XL,1,INR,688,DURG,491001,IN,FALSE
2783,402-9312949-3543560,9312949,Women,29,09/04/2022,Delivered,Amazon,J0119-TP-S,Top,S,1,INR,540,GURUGRAM,122001,IN,FALSE
2784,405-8342711-7105963,8342711,Men,21,09/04/2022,Delivered,Amazon,J0252-SKD-XS,Set,XS,1,INR,939,NASHIK,422101,IN,FALSE
2785,402-7355265-9377105,7355265,Women,24,09/04/2022,Delivered,Flipkart,SAR022,Saree,Free,1,INR,459,MUMBAI,400086,IN,FALSE
2786,404-3208667-2436305,3208667,Women,22,09/04/2022,Delivered,Ajio,JNE3518-KR-M,kurta,M,1,INR,458,BENGALURU,560032,IN,FALSE
2787,402-2282738-0092320,2282738,Women,34,09/04/2022,Delivered,Amazon,SET357-KR-NP-S,Set,S,1,INR,771,KALADHUNGI,263139,IN,FALSE
2788,171-6307006-4461929,6307006,Men,32,09/04/2022,Delivered,Flipkart,J0277-SKD-M,Set,M,1,INR,1333,VISAKHAPATNAM,530017,IN,FALSE
2789,403-8965203-8675519,8965203,Men,69,09/04/2022,Delivered,Myntra,JNE3797-KR-S,Western Dress,S,1,INR,724,NOIDA,201301,IN,FALSE
2790,408-8770299-4946754,8770299,Men,41,09/04/2022,Delivered,Amazon,J0005-DR-XL,Western Dress,XL,1,INR,899,Bengaluru,560099,IN,FALSE
2791,404-1651400-4041104,1651400,Men,27,09/04/2022,Delivered,Amazon,SET197-KR-NP-XXXL,Set,3XL,1,INR,759,ACHAMPET,509375,IN,FALSE
2792,404-1651400-4041104,1651400,Women,45,09/04/2022,Returned,Flipkart,JNE3522-KR-S,kurta,S,1,INR,325,HIRANAGAR,184142,IN,FALSE
2793,171-7011900-2888356,7011900,Women,24,09/04/2022,Refunded,Amazon,J0301-TP-XL,Top,XL,1,INR,693,MORADABAD,244001,IN,FALSE
2794,404-5656459-4810766,5656459,Men,20,09/04/2022,Delivered,Amazon,SET402-KR-NP-M,Set,M,1,INR,988,THOUBAL,795138,IN,FALSE
2795,403-9808437-2086729,9808437,Women,47,09/04/2022,Delivered,Amazon,J0011-LCD-S,Set,S,1,INR,1695,JALGAON,425001,IN,FALSE
2796,402-0511063-5237943,511063,Women,24,09/04/2022,Delivered,Amazon,SAR004,Saree,Free,1,INR,363,JALPAIGURI,734008,IN,FALSE
2797,404-2166117-2381928,2166117,Women,43,09/04/2022,Refunded,Flipkart,J0301-TP-XXL,Top,XXL,1,INR,693,UDAIPUR,313001,IN,FALSE
2798,407-0301581-0804308,301581,Men,55,09/04/2022,Delivered,Flipkart,SET364-KR-NP-M,Set,M,1,INR,1126,BENGALURU,562107,IN,FALSE
2799,404-5301262-2454723,5301262,Women,21,09/04/2022,Delivered,Amazon,JNE3405-KR-L,kurta,L,1,INR,449,BELLAMPALLE,504251,IN,FALSE
2800,171-1703079-8736345,1703079,Women,19,09/04/2022,Refunded,Myntra,JNE3567-KR-XL,kurta,XL,1,INR,399,THIRUVANANTHAPURAM,695035,IN,FALSE
2801,408-0454637-3357937,454637,Women,18,09/04/2022,Delivered,Others,J0117-TP-XL,Top,XL,1,INR,487,GANDHINAGAR,382007,IN,FALSE
2802,403-3805806-8449939,3805806,Men,49,09/04/2022,Delivered,Myntra,SET268-KR-NP-M,Set,M,1,INR,698,BENGALURU,560100,IN,FALSE
2803,405-8350295-3669940,8350295,Women,22,09/04/2022,Refunded,Nalli,SAR009,Saree,Free,1,INR,685,HYDERABAD,500004,IN,FALSE
2804,405-5604339-3995503,5604339,Women,31,09/04/2022,Delivered,Myntra,SET324-KR-NP-M,Set,M,1,INR,597,SHIVPURI,473885,IN,FALSE
2805,407-5710699-6484316,5710699,Women,42,09/04/2022,Delivered,Nalli,SAR015,Saree,Free,1,INR,648,BENGALURU,560062,IN,FALSE
2806,407-5710699-6484316,5710699,Women,66,09/04/2022,Delivered,Flipkart,SAR027,Saree,Free,1,INR,730,HYDERABAD,500034,IN,FALSE
2807,407-5710699-6484316,5710699,Men,20,09/04/2022,Delivered,Nalli,SET376-KR-NP-XS,Set,XS,1,INR,666,KOLKATA,700042,IN,FALSE
2808,407-3325569-2177158,3325569,Women,20,09/04/2022,Delivered,Amazon,SAR021,Saree,Free,1,INR,1163,BODELI,391135,IN,FALSE
2809,407-3325569-2177158,3325569,Men,63,09/04/2022,Delivered,Amazon,SET331-KR-NP-XXXL,Set,3XL,1,INR,613,BHIWANDI,421302,IN,FALSE
2810,405-4695577-0777136,4695577,Women,51,09/04/2022,Delivered,Amazon,SAR025,Saree,Free,1,INR,958,GWALIOR,474011,IN,FALSE
2811,171-6653732-6216334,6653732,Women,36,09/04/2022,Delivered,Flipkart,JNE3564-KR-L,kurta,L,1,INR,487,COIMBATORE,641042,IN,FALSE
2812,171-6653732-6216334,6653732,Women,18,09/04/2022,Delivered,Flipkart,SAR002,Saree,Free,1,INR,319,VIJAYAWADA,520003,IN,FALSE
2813,405-8501762-2866718,8501762,Women,20,09/04/2022,Delivered,Amazon,JNE3784-KR-XXXL,kurta,3XL,1,INR,496,NABADWIP,741313,IN,FALSE
2814,405-8215315-5139541,8215315,Women,21,09/04/2022,Delivered,Myntra,JNE3791-DR-XXXL,Ethnic Dress,3XL,1,INR,399,MUMBAI,400078,IN,FALSE
2815,404-6900393-1121128,6900393,Women,28,09/04/2022,Delivered,Flipkart,MEN5019-KR-M,kurta,M,1,INR,476,HOWRAH,711102,IN,FALSE
2816,407-3191011-3503541,3191011,Men,64,09/04/2022,Delivered,Others,SET265-KR-NP-XL,Set,XL,1,INR,888,PUNE,411001,IN,FALSE
2817,402-4623603-3377143,4623603,Women,38,09/04/2022,Delivered,Amazon,JNE3721-KR-XL,kurta,XL,1,INR,329,Murwara Katni,483501,IN,FALSE
2818,402-2690224-0885964,2690224,Women,24,09/04/2022,Returned,Amazon,JNE2265-KR-501-M,kurta,M,1,INR,318,BENGALURU,560091,IN,FALSE
2819,403-3875684-5310732,3875684,Women,22,09/04/2022,Delivered,Amazon,SET286-KR-NP-S,Set,S,2,INR,1236,RAJAHMUNDRY,533104,IN,FALSE
2820,405-8945573-3467538,8945573,Men,78,09/04/2022,Delivered,Ajio,BTM048-PP-XXL,Bottom,XXL,1,INR,331,HYDERABAD,500089,IN,FALSE
2821,406-3766042-5544350,3766042,Men,32,09/04/2022,Delivered,Amazon,SET300-KR-NP-XXL,Set,XXL,1,INR,967,MUMBAI,400012,IN,FALSE
2822,406-7950835-5166761,7950835,Women,19,09/04/2022,Returned,Meesho,J0252-SKD-XL,Set,XL,1,INR,899,SANGLI MIRAJ KUPWAD,416416,IN,FALSE
2823,408-2117722-7197923,2117722,Men,26,09/04/2022,Delivered,Myntra,J0341-DR-XXL,Western Dress,XXL,1,INR,791,Jatani,752050,IN,FALSE
2824,402-6240636-8022745,6240636,Women,34,09/04/2022,Delivered,Flipkart,SAR003,Saree,Free,1,INR,342,NEW DELHI,110025,IN,FALSE
2825,404-2352663-1493102,2352663,Women,46,09/04/2022,Delivered,Flipkart,SET324-KR-NP-XXL,Set,XXL,1,INR,607,PUDUCHERRY,605001,IN,FALSE
2826,171-9450626-2909118,9450626,Women,23,09/04/2022,Delivered,Amazon,SET345-KR-NP-S,Set,S,1,INR,641,ERNAKULAM,686667,IN,FALSE
2827,404-6156466-3350766,6156466,Men,53,09/04/2022,Delivered,Amazon,SET247-KR-SHA-M,Set,M,1,INR,716,MUMBAI,400063,IN,FALSE
2828,171-0516723-2537920,516723,Women,19,09/04/2022,Delivered,Meesho,BL101-S,Blouse,S,1,INR,249,GURUGRAM,122002,IN,FALSE
2829,171-9481983-3270764,9481983,Women,63,09/04/2022,Delivered,Amazon,SAR020,Saree,Free,1,INR,486,NEW DELHI,110018,IN,FALSE
2830,403-0620680-1368337,620680,Women,34,09/04/2022,Delivered,Amazon,SAR020,Saree,Free,1,INR,1229,MANDSAUR,458001,IN,FALSE
2831,407-8413913-4304322,8413913,Men,70,09/04/2022,Delivered,Others,SET374-KR-NP-XS,Set,XS,1,INR,597,VARANASI,221001,IN,FALSE
2832,404-2751277-9661919,2751277,Women,23,09/04/2022,Delivered,Myntra,SAR012,Saree,Free,1,INR,1164,Nagpur,440030,IN,FALSE
2833,404-2751277-9661919,2751277,Women,46,09/04/2022,Delivered,Myntra,BL101-XXL,Blouse,XXL,1,INR,625,MUMBAI,400092,IN,FALSE
2834,404-2751277-9661919,2751277,Women,36,09/04/2022,Delivered,Ajio,BL104-XL,Blouse,XL,1,INR,603,BAKHTIARPUR,803212,IN,FALSE
2835,404-6049473-0729930,6049473,Women,29,09/04/2022,Delivered,Amazon,SAR008,Saree,Free,1,INR,458,NAVI MUMBAI,410210,IN,FALSE
2836,404-9822211-5242747,9822211,Men,58,09/04/2022,Delivered,Flipkart,SET291-KR-PP-XL,Set,XL,1,INR,569,Bengaluru,560099,IN,FALSE
2837,405-5807057-7471563,5807057,Women,37,09/04/2022,Delivered,Flipkart,SAR011,Saree,Free,1,INR,458,North West Delhi,110085,IN,FALSE
2838,407-2473014-3044338,2473014,Women,39,09/04/2022,Delivered,Flipkart,SAR011,Saree,Free,1,INR,1096,WEST NIMAR,451001,IN,FALSE
2839,407-1319298-7245958,1319298,Women,46,09/04/2022,Delivered,Ajio,JNE3567-KR-M,kurta,M,1,INR,399,NORTH GOA,403509,IN,FALSE
2840,407-2663345-4633915,2663345,Men,65,09/04/2022,Delivered,Flipkart,SET271-KR-NP-XXL,Set,XXL,1,INR,885,GREATER NOIDA,201310,IN,FALSE
2841,402-7432739-0009919,7432739,Women,22,09/04/2022,Delivered,Flipkart,J0140-SET-M,Set,M,1,INR,591,Moradabad,244001,IN,FALSE
2842,402-5712287-2884325,5712287,Men,45,09/04/2022,Delivered,Others,SAR027,Saree,Free,1,INR,666,SHAHDOL,484114,IN,FALSE
2843,405-1064371-1125112,1064371,Women,31,09/04/2022,Delivered,Amazon,JNE3778-KR-L,kurta,L,1,INR,459,BOOTHAPANDI,629852,IN,FALSE
2844,405-1064371-1125112,1064371,Women,22,09/04/2022,Delivered,Amazon,JNE3560-KR-L,kurta,L,1,INR,544,NAVI MUMBAI,410206,IN,FALSE
2845,402-7008042-5466748,7008042,Men,19,09/04/2022,Delivered,Others,SAR009,Saree,Free,1,INR,597,NEW DELHI,110018,IN,FALSE
2846,406-7390017-4086712,7390017,Women,63,09/04/2022,Refunded,Flipkart,JNE2291-KR-602-S,kurta,S,1,INR,382,CHENNAI,600042,IN,FALSE
2847,406-6781929-5453137,6781929,Women,43,09/04/2022,Delivered,Amazon,JNE3716-KR-XXL,kurta,XXL,1,INR,399,HSIIDC SOHNA,122103,IN,FALSE
2848,407-1693055-6405950,1693055,Men,63,09/04/2022,Delivered,Flipkart,SET335-KR-NP-XXXL,Set,3XL,1,INR,771,VARCA,403717,IN,FALSE
2849,405-1646651-2766757,1646651,Women,49,09/04/2022,Delivered,Amazon,JNE3463-KR-M,kurta,M,1,INR,540,HYDERABAD,500019,IN,FALSE
2850,408-8638054-4261159,8638054,Men,20,09/04/2022,Delivered,Amazon,J0230-SKD-M,Set,M,1,INR,1111,PORT BLAIR,744211,IN,FALSE
2851,405-4855333-3830710,4855333,Women,49,09/04/2022,Delivered,Meesho,SET365-KR-NP-L,Set,L,1,INR,1099,LATUR,413531,IN,FALSE
2852,171-6294035-2645161,6294035,Men,24,09/04/2022,Delivered,Ajio,J0244-SKD-L,Set,L,1,INR,1238,Naharlagun,791110,IN,FALSE
2853,405-3417643-3988330,3417643,Women,41,09/04/2022,Delivered,Ajio,JNE3510-KR-XXL,kurta,XXL,1,INR,457,Thrissur,680552,IN,FALSE
2854,404-5135595-9686738,5135595,Women,40,09/04/2022,Delivered,Ajio,J0117-TP-XS,Top,XS,1,INR,518,ITANAGAR,791111,IN,FALSE
2855,407-8907506-1233918,8907506,Men,32,09/04/2022,Delivered,Flipkart,SAR005,Saree,Free,1,INR,675,DHENKANAL,759001,IN,FALSE
2856,406-1035675-9327556,1035675,Women,43,09/04/2022,Delivered,Ajio,SET324-KR-NP-M,Set,M,1,INR,597,PRODDATUR,516360,IN,FALSE
2857,404-4068968-9593956,4068968,Women,41,09/04/2022,Delivered,Myntra,JNE3421-KR-N-XL,kurta,XL,1,INR,449,BENGALURU,560078,IN,FALSE
2858,402-1891038-5085906,1891038,Men,37,09/04/2022,Delivered,Amazon,J0041-SET-L,Set,L,1,INR,763,PERUMBAVOOR,683542,IN,FALSE
2859,404-9792835-6753112,9792835,Women,41,09/04/2022,Delivered,Myntra,SET400-KR-NP-L,Set,L,1,INR,1068,NEW DELHI,110021,IN,FALSE
2860,404-4844636-0936366,4844636,Men,46,09/04/2022,Returned,Myntra,SET363-KR-NP-XL,Set,XL,1,INR,1149,PUNE,411006,IN,FALSE
2861,406-5983415-0591559,5983415,Men,21,09/04/2022,Delivered,Amazon,SET319-KR-NP-M,Set,M,1,INR,852,CHENNAI,600040,IN,FALSE
2862,408-2734345-1280350,2734345,Women,75,09/04/2022,Delivered,Flipkart,JNE3423-KR-XL,kurta,XL,1,INR,399,PUNE,411015,IN,FALSE
2863,171-0474672-4586707,474672,Women,19,09/04/2022,Delivered,Amazon,NW037-TP-SR-XXXL,Set,3XL,1,INR,449,GHAZIABAD,201016,IN,FALSE
2864,402-2406062-3744309,2406062,Women,66,09/04/2022,Delivered,Myntra,SET405-KR-NP-M,Set,M,1,INR,715,BENGALURU,560068,IN,FALSE
2865,402-1275566-0974769,1275566,Men,43,09/04/2022,Delivered,Amazon,SET345-KR-NP-S,Set,S,1,INR,603,BENGALURU,560037,IN,FALSE
2866,402-0370848-3533123,370848,Women,30,09/04/2022,Delivered,Amazon,SET374-KR-NP-XS,Set,XS,1,INR,589,BENGALURU,560037,IN,FALSE
2867,171-1477322-9089962,1477322,Women,78,09/04/2022,Delivered,Flipkart,JNE3770-KR-XXXL,kurta,3XL,1,INR,487,PALAKKAD,679513,IN,FALSE
2868,171-2106949-7060329,2106949,Men,30,09/04/2022,Delivered,Amazon,JNE3797-KR-M,Western Dress,M,1,INR,771,LUCKNOW,226030,IN,FALSE
2869,408-3964548-1891517,3964548,Women,65,09/04/2022,Delivered,Myntra,J0373-KR-XL,kurta,XL,1,INR,599,TONK,304001,IN,FALSE
2870,402-5669142-6546723,5669142,Women,22,09/04/2022,Delivered,Amazon,J0003-SET-S,Set,S,1,INR,654,Greater noida,201310,IN,FALSE
2871,404-1544589-4651559,1544589,Men,60,09/04/2022,Delivered,Ajio,J0003-SET-XL,Set,XL,1,INR,696,MUMBAI,400055,IN,FALSE
2872,406-1270927-3146701,1270927,Men,41,09/04/2022,Delivered,Flipkart,J0396-DR-M,Western Dress,M,1,INR,807,GURUGRAM,122011,IN,FALSE
2873,405-2582332-6388315,2582332,Women,69,09/04/2022,Cancelled,Amazon,JNE2032-KR-205-L,kurta,L,1,INR,307,BHOPAL,462023,IN,FALSE
2874,408-3725879-6701106,3725879,Men,25,09/04/2022,Delivered,Amazon,J0341-DR-S,Western Dress,S,1,INR,791,CHENNAI,600021,IN,FALSE
2875,405-6828251-4788325,6828251,Women,41,09/04/2022,Delivered,Myntra,J0297-TP-M,Top,M,1,INR,574,Pathankot,145001,IN,FALSE
2876,405-9292858-4495568,9292858,Women,47,09/04/2022,Delivered,Amazon,SET324-KR-NP-M,Set,M,1,INR,607,BENGALURU,560034,IN,FALSE
2877,408-0330204-5016302,330204,Men,35,09/04/2022,Delivered,Flipkart,SET268-KR-NP-S,Set,S,1,INR,788,MUMBAI,400080,IN,FALSE
2878,402-3116400-5230726,3116400,Men,62,09/04/2022,Delivered,Flipkart,J0349-SET-XL,Set,XL,1,INR,801,GHAZIABAD,201017,IN,FALSE
2879,402-4565165-2481169,4565165,Women,63,09/04/2022,Delivered,Flipkart,SET138-KR-PP-L,Set,L,1,INR,729,MARGAO,403602,IN,FALSE
2880,403-4830796-2934703,4830796,Men,29,09/04/2022,Delivered,Amazon,J0339-DR-XS,Western Dress,XS,1,INR,743,HYDERABAD,500072,IN,FALSE
2881,405-5260609-4398751,5260609,Women,34,09/04/2022,Delivered,Myntra,SET392-KR-NP-XS,Set,XS,1,INR,799,DIBRUGARH,786001,IN,FALSE
2882,405-1797923-0093903,1797923,Women,25,09/04/2022,Delivered,Flipkart,J0184-KR-XS,kurta,XS,1,INR,378,BENGALURU,560033,IN,FALSE
2883,403-9575804-4187545,9575804,Women,70,09/04/2022,Delivered,Amazon,SET276-KR-PP-S,Set,S,1,INR,1238,VIJAYAWADA,520008,IN,FALSE
2884,405-0301499-8937938,301499,Men,45,09/04/2022,Delivered,Myntra,SET265-KR-NP-M,Set,M,1,INR,877,PURULIYA,723101,IN,FALSE
2885,407-8712882-7697105,8712882,Men,33,09/04/2022,Delivered,Nalli,J0231-SKD-XXXL,Set,3XL,1,INR,1238,LUCKNOW,226016,IN,FALSE
2886,405-3127527-8317160,3127527,Women,52,09/04/2022,Delivered,Flipkart,MEN5015-KR-XL,kurta,XL,1,INR,495,THIRUVANANTHAPURAM,695006,IN,FALSE
2887,406-5456334-1516349,5456334,Women,23,09/04/2022,Delivered,Amazon,SET323-KR-NP-XL,Set,XL,1,INR,999,SHIVAMOGGA,577205,IN,FALSE
2888,408-7918170-7901960,7918170,Women,33,09/04/2022,Delivered,Amazon,JNE3794-KR-M,kurta,M,1,INR,499,FARIDABAD,121007,IN,FALSE
2889,402-0604982-2183521,604982,Men,47,09/04/2022,Delivered,Flipkart,J0341-DR-XXXL,Western Dress,3XL,1,INR,1033,THIRUVANANTHAPURAM,695015,IN,FALSE
2890,403-6967069-6145164,6967069,Women,26,09/04/2022,Delivered,Nalli,JNE3837-KR-XL,kurta,XL,1,INR,533,VIZIANAGARAM,535003,IN,FALSE
2891,171-4293441-3605128,4293441,Men,42,09/04/2022,Delivered,Flipkart,J0014-LCD-XS,Set,XS,1,INR,1199,BENGALURU,560060,IN,FALSE
2892,403-6177070-0085936,6177070,Women,24,09/04/2022,Delivered,Myntra,JNE3437-KR-S,kurta,S,1,INR,486,LATUR,413512,IN,FALSE
2893,407-4261104-3177960,4261104,Men,32,09/04/2022,Delivered,Myntra,J0339-DR-M,Western Dress,M,1,INR,1033,VARANASI,221005,IN,FALSE
2894,171-3815065-0518715,3815065,Women,49,09/04/2022,Delivered,Ajio,SET183-KR-DH-XL,Set,XL,1,INR,730,Noida,201301,IN,TRUE
2895,406-4128806-7228335,4128806,Women,18,09/04/2022,Delivered,Ajio,JNE3878-KR-XXL,kurta,XXL,1,INR,481,CUTTACK,753001,IN,FALSE
2896,402-3938765-1059512,3938765,Women,72,09/04/2022,Delivered,Amazon,JNE3405-KR-S,kurta,S,1,INR,449,PUNE,411013,IN,FALSE
2897,171-8057065-6520349,8057065,Women,18,09/04/2022,Delivered,Ajio,JNE3546-KR-XL,kurta,XL,1,INR,487,BENGALURU,560103,IN,FALSE
2898,171-8057065-6520349,8057065,Men,26,09/04/2022,Delivered,Ajio,SET300-KR-NP-S,Set,S,1,INR,967,GREATER NOIDA,201310,IN,FALSE
2899,406-2502579-8809924,2502579,Women,73,09/04/2022,Delivered,Amazon,JNE3703-KR-L,kurta,L,1,INR,292,DEWAS,455001,IN,FALSE
2900,402-1065313-2637966,1065313,Men,78,09/04/2022,Delivered,Amazon,SET110-KR-PP-XS,Set,XS,1,INR,788,LUCKNOW,226029,IN,FALSE
2901,406-1537188-6294706,1537188,Women,32,09/04/2022,Delivered,Amazon,JNE3567-KR-XXL,kurta,XXL,1,INR,399,BENGALURU,560066,IN,FALSE
2902,408-1516332-8127533,1516332,Women,34,09/04/2022,Delivered,Amazon,JNE3365-KR-1052-A-XXXL,kurta,3XL,1,INR,376,PUNE,412207,IN,FALSE
2903,171-6917153-0022757,6917153,Women,27,09/04/2022,Delivered,Nalli,SET365-KR-NP-XXXL,Set,3XL,1,INR,1112,Mumbai,400058,IN,FALSE
2904,405-7522464-7500332,7522464,Women,40,09/04/2022,Delivered,Amazon,MEN5027-KR-S,kurta,S,1,INR,625,NEW DELHI,110034,IN,FALSE
2905,405-1163524-8294727,1163524,Women,29,09/04/2022,Delivered,Flipkart,J0041-SET-M,Set,M,1,INR,660,NELLORE,524314,IN,FALSE
2906,406-8155569-6738717,8155569,Women,35,09/04/2022,Delivered,Myntra,JNE3793-KR-S,kurta,S,1,INR,368,NAVI MUMBAI,410209,IN,FALSE
2907,407-6232546-8903514,6232546,Women,37,09/04/2022,Delivered,Meesho,SET183-KR-DH-L,Set,L,1,INR,759,JAMMU,180001,IN,FALSE
2908,402-8957359-4861149,8957359,Women,40,09/04/2022,Delivered,Myntra,JNE3739-KR-XXL,kurta,XXL,1,INR,459,THIRUVANANTHAPURAM,695564,IN,FALSE
2909,403-0645397-3495515,645397,Women,25,09/04/2022,Delivered,Myntra,JNE3431-KR-XXL,kurta,XXL,1,INR,349,HYDERABAD,500028,IN,FALSE
2910,402-1618159-8997133,1618159,Women,47,09/04/2022,Delivered,Meesho,BL096-S,Blouse,S,1,INR,229,Imphal,795003,IN,FALSE
2911,402-0102511-7859573,102511,Men,39,09/04/2022,Returned,Others,SET183-KR-DH-M,Set,M,1,INR,759,MORADABAD,244001,IN,FALSE
2912,404-8057916-8230732,8057916,Women,30,09/04/2022,Delivered,Flipkart,SET363-KR-NP-XXXL,Set,3XL,1,INR,1125,LUCKNOW,226005,IN,FALSE
2913,406-4271260-3231507,4271260,Women,29,09/04/2022,Delivered,Others,JNE3463-KR-XXXL,kurta,3XL,1,INR,540,HYDERABAD,500081,IN,TRUE
2914,406-4271260-3231507,4271260,Men,23,09/04/2022,Delivered,Amazon,JNE3905-DR-M,Western Dress,M,1,INR,588,NELLORE,524004,IN,FALSE
2915,406-4271260-3231507,4271260,Men,49,09/04/2022,Delivered,Amazon,J0349-SET-L,Set,L,1,INR,801,MOHALI,160071,IN,FALSE
2916,405-1151228-5277151,1151228,Women,29,09/04/2022,Delivered,Flipkart,J0113-TP-XXL,Top,XXL,1,INR,574,GWALIOR,474001,IN,FALSE
2917,171-0035451-9642759,35451,Women,19,09/04/2022,Delivered,Flipkart,J0094-KR-S,kurta,S,1,INR,568,KOCHI,682003,IN,FALSE
2918,171-0035451-9642759,35451,Women,36,09/04/2022,Delivered,Ajio,J0091-TP-XL,Top,XL,1,INR,292,BENGALURU,560029,IN,FALSE
2919,403-9226512-5561939,9226512,Women,78,09/04/2022,Delivered,Myntra,SET288-KR-NP-M,Set,M,1,INR,650,BENGALURU,560066,IN,FALSE
2920,407-9146158-3473936,9146158,Women,35,09/04/2022,Delivered,Amazon,SET131-KR-NP-XXXL,Set,3XL,1,INR,666,HYDERABAD,502319,IN,FALSE
2921,403-3375782-8397111,3375782,Women,41,09/04/2022,Delivered,Amazon,JNE3405-KR-XXL,kurta,XXL,1,INR,435,THRISSUR,680002,IN,FALSE
2922,402-7398150-4987547,7398150,Women,36,09/04/2022,Delivered,Myntra,JNE3405-KR-S,kurta,S,1,INR,399,NEW DELHI,110032,IN,FALSE
2923,171-4915262-6877945,4915262,Women,40,09/04/2022,Delivered,Flipkart,J0006-SET-L,Ethnic Dress,L,1,INR,855,ATHUR THOOTHUKKUDI DISTRICT,628151,IN,FALSE
2924,406-9567149-3281113,9567149,Women,26,09/04/2022,Delivered,Ajio,J0117-TP-S,Top,S,1,INR,518,Nallasopara west,401203,IN,FALSE
2925,407-6564752-5437931,6564752,Men,22,09/04/2022,Delivered,Amazon,SET278-KR-NP-XXXL,Set,3XL,1,INR,1447,BENGALURU,560078,IN,FALSE
2926,403-7417026-9306711,7417026,Women,26,09/04/2022,Delivered,Amazon,SET366-KR-NP-XS,Set,XS,1,INR,1199,TIRUCHIRAPPALLI,620017,IN,FALSE
2927,406-2618598-2255521,2618598,Women,20,09/04/2022,Delivered,Amazon,J0179-KR-L,kurta,L,1,INR,696,BARASAT,700129,IN,FALSE
2928,406-8078115-6388340,8078115,Women,27,09/04/2022,Delivered,Meesho,JNE3500-KR-XXL,kurta,XXL,1,INR,364,KOLKATA,700047,IN,FALSE
2929,403-5312501-8358719,5312501,Women,78,09/04/2022,Delivered,Myntra,JNE1525-KR-UDF19BLACK-XL,kurta,XL,1,INR,311,MUMBAI,400064,IN,FALSE
2930,405-8975246-5568303,8975246,Men,24,09/04/2022,Delivered,Myntra,JNE3798-KR-L,Western Dress,L,1,INR,735,HYDERABAD,500013,IN,FALSE
2931,408-2604037-5496305,2604037,Men,28,09/04/2022,Delivered,Myntra,SET268-KR-NP-XS,Set,XS,1,INR,788,RANCHI,834002,IN,FALSE
2932,402-7022772-5900364,7022772,Men,29,09/04/2022,Delivered,Others,SET344-KR-NP-XXL,Set,XXL,1,INR,968,SHAHJAHANPUR,242001,IN,FALSE
2933,402-7022772-5900364,7022772,Men,25,09/04/2022,Delivered,Amazon,J0295-DR-L,Western Dress,L,1,INR,1136,HYDERABAD,500040,IN,FALSE
2934,407-7816060-9140356,7816060,Women,40,09/04/2022,Delivered,Flipkart,JNE3567-KR-XL,kurta,XL,1,INR,399,HYDERABAD,500097,IN,FALSE
2935,171-4487424-8398700,4487424,Men,33,09/04/2022,Delivered,Ajio,J0157-DR-XXL,Western Dress,XXL,1,INR,588,INDORE,452002,IN,FALSE
2936,405-8916952-2869918,8916952,Men,60,09/04/2022,Delivered,Ajio,BTM040-PP-XXXL,Bottom,3XL,1,INR,345,HYDERABAD,500084,IN,FALSE
2937,405-7659518-2763537,7659518,Men,25,09/04/2022,Delivered,Meesho,BTM040-PP-XXL,Bottom,XXL,1,INR,331,HYDERABAD,500089,IN,FALSE
2938,408-5587408-9865127,5587408,Men,21,09/04/2022,Delivered,Flipkart,SAR007,Saree,Free,1,INR,825,TIRUPATI,517502,IN,FALSE
2939,171-2876158-4612316,2876158,Women,29,09/04/2022,Delivered,Amazon,JNE3405-KR-XXL,kurta,XXL,1,INR,399,PUNE,412207,IN,FALSE
2940,402-4241214-5258734,4241214,Women,27,09/04/2022,Delivered,Myntra,JNE3758-KR-XXL,kurta,XXL,1,INR,357,CHENNAI,600082,IN,FALSE
2941,171-7107933-2749911,7107933,Women,74,09/04/2022,Returned,Myntra,JNE3721-KR-M,kurta,M,1,INR,292,BILASPUR,495001,IN,FALSE
2942,408-1039576-5387547,1039576,Women,51,09/04/2022,Delivered,Myntra,J0148-SET-L,Set,L,1,INR,636,LATUR,413512,IN,FALSE
2943,402-4937537-2428359,4937537,Men,26,09/04/2022,Delivered,Flipkart,NW020-ST-SR-L,Set,L,1,INR,517,Ahmedabad,382481,IN,FALSE
2944,403-1873567-4980317,1873567,Men,40,09/04/2022,Delivered,Amazon,SET264-KR-NP-M,Set,M,1,INR,729,THIRUVANANTHAPURAM,695581,IN,FALSE
2945,171-1199457-8014758,1199457,Women,25,09/04/2022,Delivered,Nalli,SET192-KR-NP-L,Set,L,1,INR,648,PIMPRI CHINCHWAD,412105,IN,FALSE
2946,402-9057089-2989132,9057089,Women,28,09/04/2022,Delivered,Meesho,BL104-L,Blouse,L,1,INR,764,BENGALURU,560098,IN,FALSE
2947,403-6622139-1532305,6622139,Women,35,09/04/2022,Delivered,Myntra,JNE3405-KR-M,kurta,M,1,INR,435,Silvassa,396230,IN,FALSE
2948,404-0255184-9277150,255184,Men,20,09/04/2022,Delivered,Amazon,J0341-DR-XXXL,Western Dress,3XL,1,INR,842,CHENNAI,600041,IN,FALSE
2949,402-5278776-4697138,5278776,Men,26,09/04/2022,Delivered,Myntra,J0341-DR-XL,Western Dress,XL,1,INR,743,NAVI MUMBAI,410206,IN,FALSE
2950,402-4448144-4820337,4448144,Men,40,09/04/2022,Delivered,Flipkart,J0308-DR-XXXL,Western Dress,3XL,1,INR,635,BENGALURU,560016,IN,FALSE
2951,171-6335795-0413141,6335795,Women,19,09/04/2022,Cancelled,Amazon,JNE3384-KR-S,kurta,S,1,INR,295,VADODARA,390008,IN,FALSE
2952,406-3595134-5534744,3595134,Men,41,09/04/2022,Delivered,Amazon,J0003-SET-M,Set,M,1,INR,654,Sukhchar,700115,IN,FALSE
2953,171-7826766-5154735,7826766,Men,44,09/04/2022,Delivered,Amazon,SAR019,Saree,Free,1,INR,667,Kolar,563101,IN,FALSE
2954,406-1608114-2247537,1608114,Women,24,09/04/2022,Delivered,Flipkart,J0230-SKD-L,Set,L,1,INR,1111,SEONI,480661,IN,FALSE
2955,171-4717511-3025101,4717511,Men,43,09/04/2022,Delivered,Amazon,SET268-KR-NP-XXXL,Set,3XL,1,INR,788,Bangalore,560047,IN,FALSE
2956,407-5415794-5018732,5415794,Men,75,09/04/2022,Delivered,Myntra,SET278-KR-NP-XS,Set,XS,1,INR,1523,KOLKATA,700015,IN,FALSE
2957,403-1882157-3103546,1882157,Women,53,09/04/2022,Delivered,Myntra,JNE3691-TU-L,Top,L,1,INR,690,HYDERABAD,500044,IN,FALSE
2958,406-1945396-0545102,1945396,Women,31,09/04/2022,Delivered,Myntra,SET364-KR-NP-L,Set,L,1,INR,1126,BHUBANESWAR,751020,IN,FALSE
2959,171-1437719-3041145,1437719,Women,74,09/04/2022,Delivered,Flipkart,J0006-SET-XS,Ethnic Dress,XS,1,INR,899,BENGALURU,560056,IN,FALSE
2960,405-0307815-6877962,307815,Men,36,09/04/2022,Delivered,Myntra,SAR025,Saree,Free,1,INR,499,MUMBAI,400079,IN,FALSE
2961,408-1200865-6047517,1200865,Women,31,09/04/2022,Delivered,Flipkart,JNE3718-KR-XXL,kurta,XXL,1,INR,399,hyderabad,500072,IN,FALSE
2962,403-4384435-8421937,4384435,Men,37,09/04/2022,Delivered,Myntra,SAR014,Saree,Free,1,INR,563,TIRUPATI,517502,IN,FALSE
2963,403-4384435-8421937,4384435,Men,42,09/04/2022,Delivered,Flipkart,SAR020,Saree,Free,1,INR,599,BANDHAWAGARH,484661,IN,FALSE
2964,171-4529659-0757159,4529659,Men,23,09/04/2022,Delivered,Flipkart,SET384-KR-NP-XXXL,Set,3XL,1,INR,631,JAIPUR,302012,IN,FALSE
2965,403-9637659-6394748,9637659,Men,46,09/04/2022,Delivered,Myntra,JNE3860-DR-L,Western Dress,L,1,INR,614,PUNE,411060,IN,FALSE
2966,403-6520678-6665133,6520678,Women,30,09/04/2022,Delivered,Amazon,J0340-TP-XXL,Top,XXL,1,INR,908,NEW DELHI,110094,IN,FALSE
2967,404-3021337-9004305,3021337,Women,54,09/04/2022,Delivered,Amazon,J0334-TP-XS,Top,XS,1,INR,573,BENGALURU,560068,IN,FALSE
2968,404-1361434-7517958,1361434,Men,49,09/04/2022,Delivered,Flipkart,J0340-TP-S,Top,S,1,INR,599,NEW DELHI,110005,IN,FALSE
2969,407-2962987-6001968,2962987,Men,19,09/04/2022,Delivered,Flipkart,MEN5025-KR-XXL,kurta,XXL,1,INR,533,LONI,201102,IN,FALSE
2970,408-9566665-0686721,9566665,Men,29,09/04/2022,Delivered,Amazon,JNE3510-KR-L,kurta,L,1,INR,467,PUNE,411009,IN,FALSE
2971,408-5036663-2235508,5036663,Men,44,09/04/2022,Delivered,Flipkart,SAR026,Saree,Free,1,INR,756,PATNA,800023,IN,FALSE
2972,406-0854429-6119522,854429,Men,38,09/04/2022,Delivered,Myntra,NW012-TP-PJ-M,Set,M,1,INR,560,ELURU,534002,IN,FALSE
2973,403-9937393-8756320,9937393,Men,28,09/04/2022,Delivered,Meesho,BL103-L,Blouse,L,1,INR,1072,Lauriya,845103,IN,FALSE
2974,408-2298052-3855525,2298052,Men,42,09/04/2022,Cancelled,Nalli,JNE3579-KR-XL,kurta,XL,1,INR,295,NEW DELHI,110065,IN,FALSE
2975,408-5669326-4971512,5669326,Men,28,09/04/2022,Delivered,Amazon,JNE3405-KR-XXXL,kurta,3XL,1,INR,399,Hyderabad,500013,IN,TRUE
2976,402-6925282-8732343,6925282,Men,35,09/04/2022,Delivered,Flipkart,SET269-KR-NP-S,Set,S,1,INR,799,ERNAKULAM,683549,IN,FALSE
2977,171-4885061-0337950,4885061,Men,29,09/04/2022,Delivered,Flipkart,SAR005,Saree,Free,1,INR,1695,Bengaluru,560068,IN,FALSE
2978,404-4740904-1798747,4740904,Women,37,09/04/2022,Delivered,Myntra,JNE3405-KR-S,kurta,S,1,INR,399,BHOGAON,205262,IN,FALSE
2979,402-3871258-4732369,3871258,Women,20,09/04/2022,Delivered,Myntra,BL103-M,Blouse,M,1,INR,625,KOLHAPUR,416001,IN,FALSE
2980,171-6216882-4501109,6216882,Women,32,09/04/2022,Delivered,Amazon,J0341-DR-S,Western Dress,S,1,INR,842,HYDERABAD,500047,IN,FALSE
2981,407-3629698-6341924,3629698,Women,28,09/04/2022,Delivered,Myntra,J0346-SET-XXL,Set,XXL,1,INR,478,New Thakurli,421201,IN,FALSE
2982,404-3977227-8990759,3977227,Men,25,09/04/2022,Delivered,Amazon,SAR014,Saree,Free,1,INR,655,GANJAM,760001,IN,FALSE
2983,407-3803259-1973940,3803259,Women,35,09/04/2022,Delivered,Ajio,JNE3407-KR-L,kurta,L,1,INR,248,LUCKNOW,226029,IN,FALSE
2984,405-2896370-7859507,2896370,Women,41,09/04/2022,Delivered,Amazon,JNE3697-KR-S,kurta,S,1,INR,452,SADASIVPET,502291,IN,FALSE
2985,405-9716139-3304322,9716139,Men,36,09/04/2022,Delivered,Myntra,SAR002,Saree,Free,1,INR,358,DEULIA,743424,IN,FALSE
2986,407-2867715-2395535,2867715,Women,19,09/04/2022,Delivered,Myntra,JNE3749-KR-XL,kurta,XL,1,INR,457,Hyderabad,500089,IN,FALSE
2987,406-2381907-7625927,2381907,Women,31,09/04/2022,Delivered,Amazon,J0111-TP-XXL,Top,XXL,1,INR,423,NAGPUR,440012,IN,FALSE
2988,406-8469190-4874729,8469190,Women,28,09/04/2022,Delivered,Nalli,J0033-KR-XXXL,kurta,3XL,1,INR,399,KOTTAYAM,686019,IN,FALSE
2989,406-4739733-8920337,4739733,Men,25,09/04/2022,Delivered,Myntra,J0244-SKD-M,Set,M,1,INR,1174,AKBARPUR,224122,IN,FALSE
2990,407-8621003-2867541,8621003,Women,32,09/04/2022,Delivered,Amazon,MEN5024-KR-M,kurta,M,1,INR,645,PUNE,411014,IN,FALSE
2991,408-1737738-2462720,1737738,Women,50,09/04/2022,Delivered,Amazon,JNE3797-KR-M,Western Dress,M,1,INR,735,bangalore,560034,IN,FALSE
2992,403-0741543-9065919,741543,Men,49,09/04/2022,Delivered,Myntra,SAR020,Saree,Free,1,INR,641,ANANTAPUR,515767,IN,FALSE
2993,408-5304196-2006708,5304196,Women,25,09/04/2022,Delivered,Amazon,JNE3568-KR-L,kurta,L,1,INR,399,DURGAPUR,713203,IN,FALSE
2994,408-7200942-6505957,7200942,Women,24,09/04/2022,Delivered,Flipkart,JNE3627-KR-L,kurta,L,1,INR,318,JAMNAGAR,361001,IN,FALSE
2995,408-4660786-3629127,4660786,Men,38,09/04/2022,Delivered,Amazon,J0008-SKD-XS,Set,XS,1,INR,1075,HYDERABAD,500044,IN,FALSE
2996,407-6363344-1287535,6363344,Women,51,09/04/2022,Refunded,Flipkart,SET291-KR-PP-XS,Set,XS,1,INR,605,KANPUR,208011,IN,FALSE
2997,402-3188345-7872329,3188345,Women,37,09/04/2022,Delivered,Flipkart,JNE2014-KR-178-XL,kurta,XL,1,INR,330,KADIRI,515591,IN,FALSE
2998,404-3406175-7506729,3406175,Women,33,09/04/2022,Delivered,Amazon,JNE3796-KR-XXL,kurta,XXL,1,INR,345,Agra,282001,IN,FALSE
2999,406-4683753-1519555,4683753,Men,70,09/04/2022,Delivered,Flipkart,SET136-KR-PP-L,Set,L,1,INR,712,DIMAPUR,797112,IN,FALSE
3000,403-6797061-1693150,6797061,Women,37,09/04/2022,Delivered,Myntra,J0339-DR-XL,Western Dress,XL,1,INR,744,COIMBATORE,641022,IN,FALSE
3001,408-0798855-0691517,798855,Women,47,09/04/2022,Delivered,Amazon,JNE3672-TU-XXL,Top,XXL,1,INR,574,GURUGRAM,122017,IN,FALSE
3002,404-1602123-3699513,1602123,Men,68,09/04/2022,Delivered,Flipkart,SAR020,Saree,Free,1,INR,709,"Shela, Ahmedabad",380058,IN,FALSE
3003,408-2519158-1057169,2519158,Women,41,09/04/2022,Returned,Flipkart,JNE1233-BLUE-KR-031-XXL,kurta,XXL,1,INR,376,Chandausi,244412,IN,FALSE
3004,403-0217739-7468367,217739,Women,31,09/04/2022,Delivered,Others,J0354-KR-XXL,kurta,XXL,1,INR,561,PALAI,686574,IN,FALSE
3005,402-3629218-8825922,3629218,Women,59,09/04/2022,Delivered,Amazon,J0006-SET-M,Ethnic Dress,M,1,INR,899,GURUGRAM,122001,IN,FALSE
3006,171-7179264-6152308,7179264,Men,47,09/04/2022,Delivered,Myntra,SAR009,Saree,Free,1,INR,376,NEW DELHI,110094,IN,FALSE
3007,408-1574399-8930747,1574399,Men,40,09/04/2022,Delivered,Flipkart,SET110-KR-PP-M,Set,M,1,INR,837,CHENNAI,600072,IN,FALSE
3008,408-1574399-8930747,1574399,Women,54,09/04/2022,Delivered,Nalli,J0244-SKD-XXXL,Set,3XL,1,INR,1174,BENGALURU,560068,IN,FALSE
3009,406-1182528-6420337,1182528,Men,39,09/04/2022,Delivered,Amazon,SET356-KR-NP-XXL,Set,XXL,1,INR,969,HYDERABAD,500039,IN,FALSE
3010,407-1956751-2297963,1956751,Women,36,09/04/2022,Delivered,Amazon,JNE3751-KR-XS,kurta,XS,1,INR,368,LUDHIANA,141015,IN,FALSE
3011,408-5646195-1397936,5646195,Women,34,09/04/2022,Delivered,Myntra,J0414-DR-S,Western Dress,S,1,INR,885,AHMEDABAD,380008,IN,FALSE
3012,408-0282586-6234758,282586,Women,40,09/04/2022,Delivered,Myntra,J0301-TP-XL,Top,XL,1,INR,493,GURUGRAM,122101,IN,FALSE
3013,404-0196341-1008350,196341,Men,27,09/04/2022,Delivered,Meesho,J0230-SKD-XL,Set,XL,1,INR,1163,HYDERABAD,500003,IN,FALSE
3014,404-0196341-1008350,196341,Men,66,09/04/2022,Delivered,Amazon,J0230-SKD-XS,Set,XS,1,INR,1112,PUNE,411016,IN,FALSE
3015,402-2958466-4249912,2958466,Men,47,09/04/2022,Delivered,Others,SET267-KR-NP-XL,Set,XL,1,INR,852,DEHRADUN,248001,IN,FALSE
3016,408-4561527-7791505,4561527,Men,31,09/04/2022,Delivered,Flipkart,J0254-SKD-L,Set,L,1,INR,728,KADAPA,516227,IN,FALSE
3017,408-1397587-4057961,1397587,Women,36,09/04/2022,Delivered,Flipkart,J0277-SKD-M,Set,M,1,INR,1576,RAJSAMAND,313324,IN,FALSE
3018,403-8327718-5163526,8327718,Women,40,09/04/2022,Delivered,Amazon,SET130-KR-NP-S,Set,S,1,INR,499,JALANDHAR,144001,IN,FALSE
3019,402-3737200-1601162,3737200,Women,36,09/04/2022,Delivered,Amazon,SET304-KR-DPT-XXXL,Set,3XL,1,INR,1115,HYDERABAD,500019,IN,FALSE
3020,404-8125824-2245138,8125824,Men,66,09/04/2022,Delivered,Myntra,J0008-SKD-L,Set,L,1,INR,1065,GORAKHPUR,273013,IN,FALSE
3021,407-2974836-1710730,2974836,Women,20,09/04/2022,Delivered,Meesho,SET268-KR-NP-L,Set,L,1,INR,788,Secunderabad,500094,IN,FALSE
3022,171-0678149-6746720,678149,Men,45,09/04/2022,Delivered,Amazon,SAR001,Saree,Free,1,INR,626,THANE,400605,IN,FALSE
3023,403-2290571-2198746,2290571,Women,35,09/04/2022,Delivered,Myntra,SET014-KR-PP-XXXL,Set,3XL,1,INR,819,SITAPUR,261001,IN,FALSE
3024,403-1094210-3111536,1094210,Women,72,09/04/2022,Delivered,Flipkart,SET392-KR-NP-S,Set,S,1,INR,751,SIDDIPET,502103,IN,FALSE
3025,405-4444702-7943529,4444702,Women,26,09/04/2022,Delivered,Amazon,SET269-KR-NP-XL,Set,XL,1,INR,799,DURGAPUR,713212,IN,FALSE
3026,404-2839977-1167543,2839977,Men,28,09/04/2022,Delivered,Myntra,SET265-KR-NP-M,Set,M,1,INR,835,Rajahmundry,533101,IN,FALSE
3027,402-4525797-9681902,4525797,Men,43,09/04/2022,Delivered,Amazon,SET291-KR-PP-XL,Set,XL,1,INR,563,GHAZIABAD,201009,IN,FALSE
3028,402-4525797-9681902,4525797,Men,22,09/04/2022,Delivered,Amazon,SET098-KR-PP-L,Set,L,1,INR,696,SRINAGAR,190004,IN,FALSE
3029,402-2524211-4883526,2524211,Women,78,09/04/2022,Cancelled,Flipkart,JNE3405-KR-XXXL,kurta,3XL,1,INR,399,BENGALURU,560076,IN,FALSE
3030,408-8591830-9550711,8591830,Men,22,09/04/2022,Delivered,Flipkart,SAR008,Saree,Free,1,INR,988,badlapur,421503,IN,FALSE
3031,408-8591830-9550711,8591830,Women,26,09/04/2022,Delivered,Amazon,MEN5029-KR-L,kurta,L,1,INR,475,PUNE,411008,IN,FALSE
3032,408-8591830-9550711,8591830,Men,25,09/04/2022,Delivered,Flipkart,SAR025,Saree,Free,1,INR,579,ASHTA,466116,IN,FALSE
3033,404-6554318-0835525,6554318,Women,35,09/04/2022,Cancelled,Amazon,JNE3703-KR-L,kurta,L,1,INR,301,KAPURTHALA,144601,IN,FALSE
3034,404-5328780-1107547,5328780,Women,30,09/04/2022,Cancelled,Myntra,SET265-KR-NP-M,Set,M,1,INR,888,THANE,400607,IN,FALSE
3035,403-0146010-3477169,146010,Women,37,09/04/2022,Delivered,Amazon,SET355-KR-PP-XXL,Set,XXL,1,INR,1399,Dhamtari,493773,IN,FALSE
3036,171-0747707-0998707,747707,Women,20,09/04/2022,Delivered,Amazon,JNE3797-KR-L,Western Dress,L,1,INR,735,BENGALURU,560078,IN,FALSE
3037,407-2240146-6064349,2240146,Women,21,09/04/2022,Delivered,Amazon,JNE2153-KR-278-A-S,kurta,S,1,INR,424,CHANDIGARH,160036,IN,FALSE
3038,405-7670891-4062701,7670891,Women,19,09/04/2022,Delivered,Others,JNE2265-KR-501-XS,kurta,XS,1,INR,318,GUNTUR,522001,IN,FALSE
3039,171-2526371-0366734,2526371,Women,46,09/04/2022,Delivered,Meesho,J0344-TP-XL,Top,XL,1,INR,550,Pune,412207,IN,FALSE
3040,406-4986806-8257150,4986806,Women,53,09/04/2022,Delivered,Amazon,JNE3405-KR-S,kurta,S,1,INR,435,BENGALURU,560091,IN,FALSE
3041,402-5472768-0617131,5472768,Women,27,09/04/2022,Delivered,Myntra,JNE3797-KR-M,Western Dress,M,1,INR,735,NEW DELHI,110044,IN,FALSE
3042,408-4903750-7256327,4903750,Men,21,09/04/2022,Delivered,Amazon,J0382-SKD-S,Set,S,1,INR,1173,BENGALURU,562123,IN,FALSE
3043,407-0997825-9821961,997825,Men,38,09/04/2022,Delivered,Others,SET269-KR-NP-XS,Set,XS,1,INR,824,PUNE,411016,IN,FALSE
3044,408-7397026-0747569,7397026,Women,75,09/04/2022,Delivered,Flipkart,SET217-KR-PP-XL,Set,XL,1,INR,786,CHENNAI,603103,IN,FALSE
3045,403-0239818-9437932,239818,Women,23,09/04/2022,Delivered,Myntra,SET236-KR-PP-L,Set,L,1,INR,788,UDUPI,576101,IN,FALSE
3046,403-0239818-9437932,239818,Women,56,09/04/2022,Delivered,Amazon,SET268-KR-NP-S,Set,S,1,INR,788,VISAKHAPATNAM,530022,IN,FALSE
3047,405-6918152-0701138,6918152,Men,34,09/04/2022,Delivered,Flipkart,J0382-SKD-XL,Set,XL,1,INR,1258,KANNUR,670705,IN,FALSE
3048,404-8044705-6986742,8044705,Men,30,09/04/2022,Delivered,Myntra,SET305-KR-DPT-L,Set,L,1,INR,967,MUMBAI,400101,IN,FALSE
3049,407-8184729-7277137,8184729,Women,57,09/04/2022,Delivered,Amazon,SET278-KR-NP-M,Set,M,1,INR,1442,Ghaziabad,201009,IN,FALSE
3050,406-3867064-6325964,3867064,Women,73,09/04/2022,Delivered,Flipkart,J0349-SET-M,Set,M,1,INR,841,NAGPUR,440015,IN,FALSE
3051,407-8190397-4580354,8190397,Men,30,09/04/2022,Delivered,Amazon,SET397-KR-NP-S,Set,S,1,INR,969,Hyderabad,500084,IN,FALSE
3052,402-2357546-9394729,2357546,Men,42,09/04/2022,Delivered,Amazon,SET402-KR-NP-M,Set,M,1,INR,988,LUCKNOW,226023,IN,FALSE
3053,408-9711062-0965939,9711062,Men,52,09/04/2022,Delivered,Flipkart,SET268-KR-NP-S,Set,S,1,INR,788,GURUGRAM,122001,IN,FALSE
3054,405-4518867-7141114,4518867,Men,56,09/04/2022,Delivered,Myntra,SET273-KR-NP-S,Set,S,1,INR,597,SILIGURI,734001,IN,FALSE
3055,405-4320221-3831550,4320221,Women,48,09/04/2022,Delivered,Flipkart,J0003-SET-L,Set,L,1,INR,696,SAMBALPUR,768004,IN,FALSE
3056,402-9945324-4228317,9945324,Men,25,09/04/2022,Delivered,Myntra,SET365-KR-NP-XXL,Set,XXL,1,INR,1299,DEHRADUN,248001,IN,FALSE
3057,407-8511393-7554762,8511393,Women,44,09/04/2022,Delivered,Nalli,PJNE3068-KR-4XL,kurta,4XL,1,INR,1033,VISAKHAPATNAM,530011,IN,FALSE
3058,406-7301854-2798764,7301854,Women,22,09/04/2022,Delivered,Amazon,JNE3405-KR-S,kurta,S,1,INR,435,CHENNAI,600021,IN,FALSE
3059,405-1018810-4493147,1018810,Women,27,09/04/2022,Delivered,Flipkart,JNE3797-KR-M,Western Dress,M,1,INR,735,JORHAT,785001,IN,FALSE
3060,402-5405086-0571542,5405086,Women,69,09/04/2022,Delivered,Others,JNE3160-KR-G-M,kurta,M,1,INR,685,nagpur,440009,IN,FALSE
3061,407-4277529-2449934,4277529,Women,35,09/04/2022,Delivered,Flipkart,JNE3781-KR-XXL,kurta,XXL,1,INR,416,MULLANPUR GARIB DASS,140901,IN,FALSE
3062,403-9155111-2108360,9155111,Women,55,09/04/2022,Delivered,Flipkart,JNE3423-KR-M,kurta,M,1,INR,399,PUNE,411045,IN,FALSE
3063,407-4102819-9261164,4102819,Women,28,09/04/2022,Delivered,Amazon,SET357-KR-NP-S,Set,S,1,INR,771,NEW DELHI,110044,IN,FALSE
3064,406-5030623-1515523,5030623,Women,75,09/04/2022,Delivered,Ajio,SET209-KR-PP-XXXL,Set,3XL,1,INR,569,MUMBAI,400059,IN,FALSE
3065,408-3560903-4383504,3560903,Women,36,09/04/2022,Delivered,Amazon,SET288-KR-NP-M,Set,M,1,INR,650,Azamgarh,223222,IN,FALSE
3066,408-2108273-7020329,2108273,Women,22,09/04/2022,Delivered,Myntra,JNE3461-KR-M,kurta,M,1,INR,379,VISAKHAPATNAM,530012,IN,FALSE
3067,408-2163847-2785105,2163847,Women,48,09/04/2022,Delivered,Amazon,JNE2305-KR-533-L,kurta,L,1,INR,376,CHENNAI,600088,IN,FALSE
3068,403-7942615-9651564,7942615,Men,18,09/04/2022,Delivered,Amazon,J0245-SKD-M,Set,M,1,INR,1133,VISAKHAPATNAM,530046,IN,FALSE
3069,404-3972828-7373153,3972828,Women,25,09/04/2022,Delivered,Amazon,J0332-DR-M,Western Dress,M,1,INR,699,NOIDA,201304,IN,FALSE
3070,403-1635548-5211560,1635548,Women,50,09/04/2022,Delivered,Flipkart,SET304-KR-DPT-S,Set,S,1,INR,1125,JAIPUR,302017,IN,FALSE
3071,403-6248255-8394706,6248255,Women,54,09/04/2022,Delivered,Ajio,JNE3461-KR-M,kurta,M,1,INR,352,Bangalore,560068,IN,FALSE
3072,403-1281362-0481940,1281362,Women,59,09/04/2022,Delivered,Ajio,J0234-SKD-L,Set,L,1,INR,1213,BENGALURU,560087,IN,FALSE
3073,408-0805351-7035526,805351,Men,29,09/04/2022,Delivered,Amazon,SET278-KR-NP-M,Set,M,1,INR,1442,VIJAYAWADA,520010,IN,FALSE
3074,408-0805351-7035526,805351,Men,39,09/04/2022,Delivered,Flipkart,SAR030,Saree,Free,1,INR,969,Contai,721401,IN,FALSE
3075,405-2699353-0337107,2699353,Women,77,09/04/2022,Delivered,Amazon,JNE3458-KR-XXL,kurta,XXL,1,INR,380,CHENNAI,600029,IN,FALSE
3076,404-2138818-2973104,2138818,Men,41,09/04/2022,Delivered,Meesho,SET302-KR-PP-XL,Set,XL,1,INR,799,JABALPUR,482003,IN,FALSE
3077,405-4474917-1339567,4474917,Women,39,09/04/2022,Delivered,Amazon,JNE3887-KR-M,kurta,M,1,INR,510,KOLKATA,700005,IN,FALSE
3078,171-3628010-2763532,3628010,Men,19,09/04/2022,Delivered,Myntra,J0041-SET-S,Set,S,1,INR,641,THIRUVANANTHAPURAM,695011,IN,FALSE
3079,404-4672266-9126757,4672266,Men,38,09/04/2022,Delivered,Amazon,J0236-SKD-M,Set,M,1,INR,912,MORBI,363641,IN,FALSE
3080,406-2347299-1166706,2347299,Women,58,09/04/2022,Delivered,Flipkart,SET268-KR-NP-L,Set,L,1,INR,788,PUNE,411048,IN,FALSE
3081,404-5863364-2980321,5863364,Women,59,09/04/2022,Delivered,Flipkart,J0005-DR-XL,Western Dress,XL,1,INR,899,Bangalore,560078,IN,FALSE
3082,407-0561554-1225911,561554,Men,46,09/04/2022,Delivered,Nalli,NW035-ST-CP-XXXL,Set,3XL,1,INR,565,HYDERABAD,502032,IN,FALSE
3083,404-6198874-4034767,6198874,Men,32,09/04/2022,Delivered,Flipkart,J0003-SET-XS,Set,XS,1,INR,664,Dimapur,797112,IN,FALSE
3084,404-6198874-4034767,6198874,Men,38,09/04/2022,Delivered,Myntra,SAR004,Saree,Free,1,INR,567,NEW DELHI,110096,IN,FALSE
3085,403-6255519-5420333,6255519,Women,47,09/04/2022,Delivered,Myntra,SET383-KR-NP-M,Set,M,1,INR,599,UJJAIN,456010,IN,FALSE
3086,171-2192280-0508341,2192280,Men,44,09/04/2022,Cancelled,Amazon,SET268-KR-NP-S,Set,S,1,INR,698,HYDERABAD,500018,IN,FALSE
3087,407-2149216-5085152,2149216,Women,20,09/04/2022,Delivered,Ajio,SET350-KR-NP-M,Set,M,1,INR,1221,GHAZIABAD,201014,IN,FALSE
3088,406-6703890-5495527,6703890,Women,45,09/04/2022,Delivered,Myntra,JNE3518-KR-L,kurta,L,1,INR,458,Pune,411009,IN,FALSE
3089,408-1675654-5798731,1675654,Women,22,09/04/2022,Delivered,Nalli,J0340-TP-XS,Top,XS,1,INR,659,SHAHJAHANPUR,242001,IN,FALSE
3090,402-6295223-6456316,6295223,Women,19,09/04/2022,Delivered,Myntra,J0087-TP-XS,Top,XS,1,INR,329,HIMMATNAGAR,383001,IN,FALSE
3091,406-0286696-2255550,286696,Men,46,09/04/2022,Delivered,Amazon,SET287-KR-NP-XXXL,Set,3XL,1,INR,666,HYDERABAD,500035,IN,FALSE
3092,403-3514177-8024317,3514177,Women,37,09/04/2022,Delivered,Amazon,PJNE2100-KR-N-5XL,kurta,5XL,1,INR,718,HYDERABAD,500068,IN,FALSE
3093,406-2876061-1212363,2876061,Women,26,09/04/2022,Refunded,Myntra,JNE3373-KR-S,kurta,S,1,INR,364,GWALIOR,474006,IN,FALSE
3094,402-4540279-9644344,4540279,Men,31,09/04/2022,Delivered,Myntra,SET349-KR-NP-XXXL,Set,3XL,1,INR,968,FARIDABAD,121002,IN,FALSE
3095,402-7435605-4290730,7435605,Women,45,09/04/2022,Delivered,Amazon,J0006-SET-XL,Ethnic Dress,XL,1,INR,899,BENGALURU,560078,IN,FALSE
3096,404-4131628-6514754,4131628,Men,32,09/04/2022,Delivered,Flipkart,J0134-SET-S,Set,S,1,INR,699,CHENNAI,600041,IN,FALSE
3097,404-4131628-6514754,4131628,Women,32,09/04/2022,Delivered,Amazon,JNE3568-KR-L,kurta,L,2,INR,798,Bangalore,560067,IN,FALSE
3098,404-7953670-6413965,7953670,Women,31,09/04/2022,Delivered,Myntra,JNE3607-KR-XXXL,kurta,3XL,1,INR,471,Kollumangudi,609403,IN,FALSE
3099,404-2185448-6756325,2185448,Women,30,09/04/2022,Delivered,Nalli,JNE2014-KR-178-XL,kurta,XL,1,INR,359,NEW DELHI,110033,IN,TRUE
3100,406-6427473-9470757,6427473,Men,44,09/04/2022,Delivered,Myntra,SET341-KR-NP-XXL,Set,XXL,1,INR,899,RAIPUR,492007,IN,FALSE
3101,406-5988644-5462711,5988644,Women,37,09/04/2022,Delivered,Amazon,JNE3630-KR-XL,kurta,XL,1,INR,405,NEW DELHI,110017,IN,FALSE
3102,406-5988644-5462711,5988644,Women,30,09/04/2022,Delivered,Amazon,JNE3368-KR-M,kurta,M,1,INR,471,TIRUNELVELI,627011,IN,FALSE
3103,405-1434982-5710721,1434982,Women,30,09/04/2022,Delivered,Myntra,JNE3622-KR-L,kurta,L,1,INR,349,NEW DELHI,110084,IN,FALSE
3104,405-1434982-5710721,1434982,Women,43,09/04/2022,Delivered,Amazon,J0179-KR-XXL,kurta,XXL,1,INR,696,Mumbai,400078,IN,FALSE
3105,408-1822384-0793920,1822384,Women,34,09/04/2022,Delivered,Myntra,JNE3797-KR-M,Western Dress,M,1,INR,715,KOTHAMANGALAM,686692,IN,FALSE
3106,406-9917436-4093923,9917436,Women,33,09/04/2022,Delivered,Amazon,SET364-KR-NP-S,Set,S,1,INR,1126,JAIPUR,302013,IN,FALSE
3107,406-9917436-4093923,9917436,Women,20,09/04/2022,Delivered,Amazon,J0052-KR-XS,kurta,XS,1,INR,699,Panjim,403001,IN,FALSE
3108,406-1297282-9108350,1297282,Men,28,09/04/2022,Delivered,Myntra,SET291-KR-PP-M,Set,M,1,INR,569,ZIRAKPUR,140603,IN,FALSE
3109,406-1297282-9108350,1297282,Women,69,09/04/2022,Delivered,Myntra,NW024-TP-PJ-XL,Set,XL,1,INR,586,RANCHI,834008,IN,FALSE
3110,408-5423623-6837127,5423623,Women,37,09/04/2022,Delivered,Flipkart,J0025-DR-XXL,Western Dress,XXL,1,INR,566,MUMBAI,400094,IN,FALSE
3111,408-2820464-0543503,2820464,Women,42,09/04/2022,Delivered,Meesho,SET401-KR-NP-M,Set,M,1,INR,999,Hyderabad,500050,IN,FALSE
3112,407-7076326-2397136,7076326,Men,26,09/04/2022,Delivered,Flipkart,SAR029,Saree,Free,1,INR,597,GUDALUR THE NILGIRIS DISTRICT,643212,IN,FALSE
3113,407-8624354-6778708,8624354,Women,47,09/04/2022,Delivered,Flipkart,JNE3797-KR-A-M,Western Dress,M,1,INR,725,AHMEDABAD,380058,IN,FALSE
3114,407-8624354-6778708,8624354,Women,29,09/04/2022,Delivered,Amazon,JNE3399-KR-XL,kurta,XL,1,INR,469,CHENNAI,600119,IN,FALSE
3115,171-7435710-6559539,7435710,Women,26,09/04/2022,Delivered,Amazon,JNE2305-KR-533-XS,kurta,XS,1,INR,357,NELLORE,524003,IN,FALSE
3116,408-0460362-5267513,460362,Women,29,09/04/2022,Delivered,Myntra,JNE3885-KR-XXL,kurta,XXL,1,INR,584,KANPUR,208001,IN,FALSE
3117,404-1710683-5755547,1710683,Men,37,09/04/2022,Delivered,Ajio,NW014-ST-SR-XL,Set,XL,1,INR,560,PUNE,411038,IN,FALSE
3118,408-5843022-8413109,5843022,Women,70,09/04/2022,Cancelled,Ajio,SET268-KR-NP-XXXL,Set,3XL,1,INR,788,BENGALURU,560032,IN,FALSE
3119,405-2350342-6822718,2350342,Women,21,09/04/2022,Delivered,Amazon,J0094-KR-M,kurta,M,1,INR,568,AHMEDABAD,380007,IN,FALSE
3120,403-8352854-8096361,8352854,Women,45,09/04/2022,Delivered,Myntra,SET269-KR-NP-XXL,Set,XXL,1,INR,824,SRIKALAHASTI,517644,IN,FALSE
3121,403-8352854-8096361,8352854,Women,62,09/04/2022,Delivered,Meesho,BL107-S,Blouse,S,1,INR,319,GHAZIABAD,201012,IN,FALSE
3122,406-2062486-5664335,2062486,Women,29,09/04/2022,Delivered,Amazon,SET392-KR-NP-XXXL,Set,3XL,1,INR,799,HYDERABAD,500080,IN,FALSE
3123,405-6047588-0969124,6047588,Women,61,09/04/2022,Delivered,Flipkart,SAR008,Saree,Free,1,INR,1146,"Mahadevapura, Bangalore",560048,IN,FALSE
3124,404-9252010-9717169,9252010,Women,19,09/04/2022,Delivered,Amazon,MEN5007-KR-XL,kurta,XL,1,INR,475,BHOPAL,462016,IN,FALSE
3125,402-2381437-0796356,2381437,Women,46,09/04/2022,Delivered,Flipkart,JNE3440-KR-N-L,kurta,L,1,INR,379,FARIDABAD,121003,IN,FALSE
3126,404-4721538-5873136,4721538,Men,25,09/04/2022,Delivered,Flipkart,SET398-KR-PP-L,Set,L,1,INR,1186,MUMBAI,400102,IN,FALSE
3127,404-0474391-6070709,474391,Men,26,09/04/2022,Delivered,Ajio,SET288-KR-NP-XXXL,Set,3XL,1,INR,674,JAMSHEDPUR,831001,IN,FALSE
3128,404-5051478-2579504,5051478,Women,22,09/04/2022,Delivered,Flipkart,SET363-KR-NP-XXL,Set,XXL,1,INR,1149,KOLKATA,700078,IN,FALSE
3129,407-9335911-1673924,9335911,Women,27,09/04/2022,Delivered,Amazon,SAR023,Saree,Free,1,INR,474,JAMMU,180002,IN,FALSE
3130,404-3906471-6671553,3906471,Women,18,09/04/2022,Delivered,Myntra,J0414-DR-XXL,Western Dress,XXL,1,INR,1229,NEW DELHI,110078,IN,FALSE
3131,408-0876908-7321103,876908,Women,45,09/04/2022,Delivered,Ajio,MEN5018-KR-L,kurta,L,1,INR,521,CUTTACK,753012,IN,FALSE
3132,404-5141213-8084358,5141213,Women,33,09/04/2022,Delivered,Flipkart,JNE3654-TP-XXL,Top,XXL,1,INR,387,NAVI MUMBAI,400709,IN,FALSE
3133,403-2355311-7587510,2355311,Men,51,09/04/2022,Delivered,Myntra,SET288-KR-NP-L,Set,L,1,INR,684,Chennai,600116,IN,FALSE
3134,408-8237248-3263551,8237248,Women,30,09/04/2022,Delivered,Amazon,J0339-DR-XXL,Western Dress,XXL,1,INR,786,BENGALURU,560029,IN,FALSE
3135,405-7400775-5177956,7400775,Women,36,09/04/2022,Delivered,Flipkart,J0034-SET-XXXL,Set,3XL,1,INR,717,BENGALURU,560003,IN,FALSE
3136,407-4043206-8250739,4043206,Women,36,09/04/2022,Delivered,Myntra,J0341-DR-XL,Western Dress,XL,1,INR,1168,HYDERABAD,500044,IN,FALSE
3137,408-1710525-9605153,1710525,Men,34,09/04/2022,Delivered,Amazon,SET116-KR-NP-XXXL,Set,3XL,1,INR,573,Mohali,160071,IN,FALSE
3138,408-2837348-4266706,2837348,Women,27,09/04/2022,Returned,Flipkart,SET291-KR-PP-XS,Set,XS,1,INR,605,SHIMLA,171002,IN,FALSE
3139,408-9316962-5184359,9316962,Women,76,09/04/2022,Delivered,Flipkart,SET350-KR-NP-XXXL,Set,3XL,1,INR,1122,RATLAM,457001,IN,FALSE
3140,404-6549960-8937923,6549960,Women,23,09/04/2022,Delivered,Amazon,MEN5019-KR-L,kurta,L,1,INR,655,JAIPUR,302020,IN,FALSE
3141,405-7500334-3815520,7500334,Women,48,09/04/2022,Delivered,Amazon,J0243-DR-XXXL,Ethnic Dress,3XL,1,INR,999,RAMANATHAPURAM,623501,IN,FALSE
3142,407-3468580-4943551,3468580,Women,57,09/04/2022,Delivered,Others,JNE3567-KR-L,kurta,L,1,INR,399,GONDIYA,441601,IN,FALSE
3143,408-2632576-3474728,2632576,Women,29,09/04/2022,Delivered,Amazon,SET374-KR-NP-M,Set,M,1,INR,627,SRINAGAR,246174,IN,FALSE
3144,404-3488493-1173903,3488493,Men,27,09/04/2022,Delivered,Myntra,SET269-KR-NP-XL,Set,XL,1,INR,809,VISAKHAPATNAM,530013,IN,FALSE
3145,408-1885894-2416316,1885894,Women,45,09/04/2022,Returned,Ajio,JNE2291-KR-602-XS,kurta,XS,1,INR,376,VIKASNAGAR,248198,IN,FALSE
3146,404-8796350-4437118,8796350,Women,46,09/04/2022,Delivered,Amazon,SET184-KR-PP-L,Set,L,1,INR,563,BENGALURU,560016,IN,FALSE
3147,171-8384429-7321106,8384429,Women,43,09/04/2022,Delivered,Myntra,J0119-TP-XXXL,Top,3XL,1,INR,758,MUMBAI,400092,IN,FALSE
3148,171-6808007-6740325,6808007,Women,70,09/04/2022,Delivered,Amazon,J0033-KR-XS,kurta,XS,1,INR,399,VISAKHAPATNAM,530017,IN,FALSE
3149,404-4741895-6756320,4741895,Women,44,09/04/2022,Delivered,Flipkart,SET209-KR-PP-M,Set,M,1,INR,507,HYDERABAD,500089,IN,FALSE
3150,406-2686666-5753917,2686666,Men,41,09/04/2022,Delivered,Flipkart,J0095-SET-XXXL,Set,3XL,1,INR,653,NEW DELHI,110070,IN,FALSE
3151,406-5352317-4523533,5352317,Women,20,09/04/2022,Delivered,Amazon,MEN5004-KR-XXXL,kurta,3XL,1,INR,709,Siliguri,734003,IN,FALSE
3152,405-1986848-7680313,1986848,Women,62,09/04/2022,Delivered,Amazon,J0003-SET-S,Set,S,1,INR,664,GOLA GOKARANNATH,262802,IN,FALSE
3153,403-0053473-2636359,53473,Women,31,09/04/2022,Delivered,Amazon,JNE2153-KR-278-A-S,kurta,S,1,INR,424,KALABURGI,585102,IN,FALSE
3154,407-2127031-2480333,2127031,Women,59,09/04/2022,Delivered,Myntra,J0342-TP-L,Top,L,1,INR,574,SONIPAT,131001,IN,FALSE
3155,407-1253198-6954724,1253198,Women,39,09/04/2022,Delivered,Nalli,JNE3468-KR-XXL,kurta,XXL,1,INR,339,INDORE,452016,IN,FALSE
3156,404-6355894-6671514,6355894,Women,41,09/04/2022,Delivered,Amazon,SET375-KR-NP-L,Set,L,1,INR,696,CHOONDAL,680502,IN,FALSE
3157,404-6355894-6671514,6355894,Women,32,09/04/2022,Delivered,Myntra,SET388-KR-NP-XXL,Set,XXL,1,INR,1299,NEW DELHI,110059,IN,FALSE
3158,171-4360990-1586736,4360990,Men,27,09/04/2022,Delivered,Flipkart,SET288-KR-NP-L,Set,L,1,INR,650,MUMBAI,400065,IN,FALSE
3159,406-1990173-0316322,1990173,Women,33,09/04/2022,Delivered,Flipkart,JNE1525-KR-UDF19-A-M,kurta,M,1,INR,301,ALIBAG,402203,IN,FALSE
3160,408-0566626-9080307,566626,Women,57,09/04/2022,Delivered,Flipkart,J0244-SKD-XS,Set,XS,1,INR,1220,COLVALE,403513,IN,FALSE
3161,406-7947728-6360322,7947728,Women,69,09/04/2022,Delivered,Flipkart,J0230-SKD-L,Set,L,1,INR,1111,FARIDABAD,121003,IN,FALSE
3162,404-2280866-0274746,2280866,Women,41,09/04/2022,Cancelled,Flipkart,JNE3516-KR-E-XS,kurta,XS,1,INR,345,NEW DELHI,110059,IN,FALSE
3163,404-2280866-0274746,2280866,Women,47,09/04/2022,Delivered,Nalli,SET334-KR-NP-XXXL,Set,3XL,1,INR,657,BETUL BAZAR,460004,IN,FALSE
3164,402-7211335-1605143,7211335,Women,26,09/04/2022,Delivered,Amazon,JNE3887-KR-L,kurta,L,1,INR,526,GURUGRAM,122001,IN,FALSE
3165,406-6731054-5661942,6731054,Women,28,09/04/2022,Delivered,Amazon,JNE3405-KR-S,kurta,S,1,INR,449,MUMBAI,400093,IN,FALSE
3166,404-0404311-6565159,404311,Women,53,09/04/2022,Cancelled,Amazon,J0341-DR-XL,Western Dress,XL,1,INR,743,Shimoga,577204,IN,FALSE
3167,403-2537435-1030765,2537435,Women,41,09/04/2022,Delivered,Amazon,JNE3461-KR-XXL,kurta,XXL,1,INR,399,GUNTUR,522001,IN,FALSE
3168,404-0672633-0098758,672633,Men,65,09/04/2022,Delivered,Amazon,SET374-KR-NP-L,Set,L,1,INR,597,HYDERABAD,500050,IN,FALSE
3169,171-6078837-9125102,6078837,Men,41,09/04/2022,Delivered,Flipkart,J0236-SKD-S,Set,S,1,INR,950,LUCKNOW,226020,IN,FALSE
3170,404-6046527-3981130,6046527,Men,51,09/04/2022,Delivered,Amazon,J0382-SKD-L,Set,L,1,INR,1137,KRISHNAGIRI,635114,IN,FALSE
3171,171-8661771-1265965,8661771,Women,38,09/04/2022,Returned,Flipkart,JNE3405-KR-S,kurta,S,1,INR,399,CHANDIGARH,160023,IN,FALSE
3172,408-6839293-9846758,6839293,Women,34,09/04/2022,Delivered,Flipkart,JNE3787-KR-XXXL,kurta,3XL,1,INR,487,Ghaziabad,201014,IN,FALSE
3173,405-7903439-6383537,7903439,Women,77,09/04/2022,Delivered,Flipkart,JNE3680-TU-XXL,Top,XXL,2,INR,1148,PONDICHERRY,605008,IN,FALSE
3174,403-0759242-2605967,759242,Women,41,09/04/2022,Delivered,Myntra,J0119-TP-XXXL,Top,3XL,1,INR,750,NEW DELHI,110025,IN,FALSE
3175,402-0955685-1474759,955685,Women,43,09/04/2022,Delivered,Flipkart,JNE3800-KR-L,Western Dress,L,1,INR,724,RATLAM,457001,IN,FALSE
3176,171-5510849-4865113,5510849,Women,27,09/04/2022,Delivered,Flipkart,J0008-SKD-S,Set,S,1,INR,1065,WARANGAL,506003,IN,FALSE
3177,402-7199380-3724307,7199380,Women,33,09/04/2022,Delivered,Amazon,JNE3784-KR-M,kurta,M,1,INR,458,Pune,411045,IN,FALSE
3178,407-0343634-4538768,343634,Men,26,09/04/2022,Delivered,Amazon,J0127-SKD-S,Set,S,1,INR,1115,NOIDA,201301,IN,FALSE
3179,405-7588050-8839500,7588050,Women,21,09/04/2022,Delivered,Myntra,JNE3468-KR-M,kurta,M,1,INR,397,HYDERABAD,500039,IN,FALSE
3180,406-4454007-9596356,4454007,Women,72,09/04/2022,Delivered,Amazon,JNE1233-BLUE-KR-031-XS,kurta,XS,1,INR,376,Pune,411015,IN,FALSE
3181,405-5571913-3742758,5571913,Women,37,09/04/2022,Delivered,Flipkart,JNE3405-KR-M,kurta,M,1,INR,435,MARGAO,403601,IN,FALSE
3182,408-5853281-2077914,5853281,Women,59,09/04/2022,Delivered,Flipkart,JNE3794-KR-XL,kurta,XL,1,INR,497,DEHRADUN,248001,IN,FALSE
3183,406-9398843-4033131,9398843,Men,46,09/04/2022,Delivered,Others,J0095-SET-XXL,Set,XXL,1,INR,643,LUCKNOW,226010,IN,FALSE
3184,404-2523811-7869952,2523811,Women,38,09/04/2022,Delivered,Ajio,J0117-TP-XS,Top,XS,1,INR,512,GREATER NOIDA,201306,IN,FALSE
3185,171-0492900-4330750,492900,Women,36,09/04/2022,Delivered,Myntra,JNE3838-KR-XXL,kurta,XXL,1,INR,399,CHENNAI,600116,IN,FALSE
3186,408-3001928-6360322,3001928,Women,25,09/04/2022,Delivered,Myntra,JNE3861-DR-M,Western Dress,M,1,INR,1044,GHAZIABAD,201007,IN,FALSE
3187,404-8826763-2780339,8826763,Women,24,09/04/2022,Delivered,Amazon,JNE3546-KR-M,kurta,M,1,INR,487,BENGALURU,560040,IN,FALSE
3188,404-6071742-4109147,6071742,Women,49,09/04/2022,Delivered,Amazon,PJNE2199-KR-N-5XL,kurta,5XL,1,INR,426,BENGALURU,560048,IN,FALSE
3189,408-2533717-3984349,2533717,Women,19,09/04/2022,Delivered,Myntra,JNE1977-KR-237-M,kurta,M,1,INR,259,SILIGURI,734005,IN,FALSE
3190,403-3794022-3297137,3794022,Women,50,09/04/2022,Delivered,Amazon,J0184-KR-A-XL,kurta,XL,1,INR,405,THANE,400604,IN,FALSE
3191,408-9061957-7097117,9061957,Women,32,09/04/2022,Delivered,Amazon,MEN5009-KR-XL,kurta,XL,1,INR,499,KOLKATA,700152,IN,FALSE
3192,407-5346072-0451564,5346072,Women,21,09/04/2022,Delivered,Nalli,SET304-KR-DPT-S,Set,S,1,INR,1129,LUCKNOW,226010,IN,FALSE
3193,402-1928170-2302711,1928170,Women,64,09/04/2022,Delivered,Amazon,SET345-KR-NP-S,Set,S,1,INR,635,CUTTACK,753004,IN,FALSE
3194,407-7545707-2373900,7545707,Women,41,09/04/2022,Delivered,Ajio,JNE3500-KR-XXXL,kurta,3XL,1,INR,348,NAVI MUMBAI,410210,IN,FALSE
3195,404-1400457-1365133,1400457,Women,41,09/04/2022,Delivered,Flipkart,JNE3522-KR-L,kurta,L,1,INR,325,CHENNAI,600102,IN,FALSE
3196,406-7088853-9380324,7088853,Women,22,09/04/2022,Delivered,Amazon,PJNE2199-KR-N-6XL,kurta,6XL,1,INR,728,MADURAI,625007,IN,FALSE
3197,404-9253123-7579560,9253123,Men,78,09/04/2022,Delivered,Myntra,SET269-KR-NP-M,Set,M,1,INR,824,BENGALURU,560094,IN,FALSE
3198,406-8724499-7619501,8724499,Women,30,09/04/2022,Delivered,Ajio,JNE3458-KR-M,kurta,M,1,INR,380,Fort.MUMBAI,400023,IN,FALSE
3199,403-6359288-3319536,6359288,Women,48,09/04/2022,Delivered,Ajio,JNE3635-KR-XXL,kurta,XXL,1,INR,345,HYDERABAD,500090,IN,FALSE
3200,171-2380613-8765906,2380613,Men,37,09/04/2022,Delivered,Amazon,SET344-KR-NP-XXXL,Set,3XL,1,INR,968,BENGALURU,560058,IN,FALSE
3201,171-4514855-1427546,4514855,Women,21,09/04/2022,Delivered,Nalli,JNE3753-KR-XXXL,kurta,3XL,1,INR,499,BAGRU,303007,IN,FALSE
3202,408-6299693-2041918,6299693,Women,35,09/04/2022,Delivered,Amazon,J0416-DR-L,Western Dress,L,2,INR,1650,sathyamangalam,638402,IN,FALSE
3203,405-2826109-5612351,2826109,Women,41,09/04/2022,Delivered,Flipkart,J0157-DR-XL,Western Dress,XL,1,INR,659,NEW TOWN,700136,IN,FALSE
3204,404-2778110-3387558,2778110,Women,34,09/04/2022,Delivered,Meesho,PJ0096-KR-N-5XL,kurta,5XL,1,INR,688,LUCKNOW,226025,IN,FALSE
3205,404-9204315-7745948,9204315,Men,43,09/04/2022,Delivered,Ajio,J0041-SET-L,Set,L,1,INR,660,SURAT,395009,IN,FALSE
3206,407-3198450-3297932,3198450,Men,33,09/04/2022,Delivered,Amazon,SET378-KR-NP-XL,Set,XL,1,INR,1299,HYDERABAD,500043,IN,FALSE
3207,171-9442967-5749912,9442967,Men,48,09/04/2022,Delivered,Flipkart,J0013-SKD-XXXL,Set,3XL,1,INR,1085,CHENNAI,600130,IN,FALSE
3208,404-1477314-6759518,1477314,Men,19,09/04/2022,Delivered,Meesho,SET377-KR-NP-L,Set,L,1,INR,1036,UNNAO,226301,IN,FALSE
3209,404-5373353-8915521,5373353,Men,24,09/04/2022,Delivered,Amazon,SET268-KR-NP-S,Set,S,1,INR,788,KOLHAPUR,416012,IN,FALSE
3210,171-5800267-0406743,5800267,Men,76,09/04/2022,Delivered,Flipkart,J0008-SKD-M,Set,M,1,INR,1133,JHANSI,284200,IN,FALSE
3211,406-0737736-4301108,737736,Men,33,09/04/2022,Delivered,Nalli,J0009-SKD-L,Set,L,1,INR,828,BENGALURU,560043,IN,TRUE
3212,405-4685203-8967558,4685203,Women,25,09/04/2022,Delivered,Nalli,JNE3399-KR-XXXL,kurta,3XL,1,INR,435,Navi mumbai,400703,IN,FALSE
3213,408-8549461-7380357,8549461,Men,63,09/04/2022,Delivered,Nalli,J0376-SKD-S,Set,S,1,INR,969,BHOPAL,462023,IN,FALSE
3214,408-3383359-6329922,3383359,Men,73,09/04/2022,Delivered,Flipkart,SET350-KR-NP-M,Set,M,1,INR,1098,MUMBAI,400095,IN,FALSE
3215,403-0699599-4306711,699599,Women,46,09/04/2022,Delivered,Flipkart,SAR013,Saree,Free,1,INR,1115,DULIAJAN,786602,IN,FALSE
3216,402-1848379-5942730,1848379,Women,52,09/04/2022,Delivered,Amazon,SAR021,Saree,Free,1,INR,799,BHUBANESWAR,751016,IN,FALSE
3217,406-1694409-3017128,1694409,Women,49,09/04/2022,Delivered,Amazon,JNE3568-KR-M,kurta,M,1,INR,399,MUMBAI,400052,IN,FALSE
3218,407-7968878-5857103,7968878,Women,21,09/04/2022,Delivered,Meesho,JNE3578-KR-XL,kurta,XL,1,INR,594,KALYAN,421202,IN,FALSE
3219,407-3036751-3050718,3036751,Men,24,09/04/2022,Delivered,Myntra,SET183-KR-DH-M,Set,M,1,INR,759,GHAZIABAD,201017,IN,FALSE
3220,171-4367754-8625918,4367754,Men,29,09/04/2022,Delivered,Myntra,SET098-KR-PP-M,Set,M,1,INR,759,BENGALURU,560103,IN,FALSE
3221,171-4367754-8625918,4367754,Women,33,09/04/2022,Delivered,Amazon,SET378-KR-NP-S,Set,S,1,INR,1324,SALEM,636004,IN,FALSE
3222,171-4367754-8625918,4367754,Women,43,09/04/2022,Delivered,Ajio,SET342-KR-NP-N-XL,Set,XL,1,INR,850,VASCO DA GAMA,403801,IN,FALSE
3223,171-4367754-8625918,4367754,Women,47,09/04/2022,Delivered,Flipkart,SET291-KR-PP-L,Set,L,1,INR,605,MANGALURU,575006,IN,FALSE
3224,171-4367754-8625918,4367754,Women,39,09/04/2022,Delivered,Ajio,JNE3458-KR-L,kurta,L,1,INR,369,CHENNAI,600130,IN,FALSE
3225,403-0066425-9648335,66425,Women,39,09/04/2022,Delivered,Amazon,SET197-KR-NP-M,Set,M,1,INR,759,GREATER NOIDA,201306,IN,FALSE
3226,406-7752572-5576359,7752572,Men,44,09/04/2022,Delivered,Amazon,J0134-SET-M,Set,M,1,INR,699,"Chalakudy , Thrissur",680307,IN,FALSE
3227,407-5486838-6505900,5486838,Women,27,09/04/2022,Delivered,Flipkart,JNE3440-KR-N-M,kurta,M,1,INR,435,AHMEDABAD,382481,IN,FALSE
3228,407-3021258-4117122,3021258,Women,33,09/04/2022,Delivered,Amazon,J0339-DR-XL,Western Dress,XL,1,INR,1033,BENGALURU,562125,IN,FALSE
3229,171-0622010-2177158,622010,Women,34,09/04/2022,Delivered,Meesho,PJNE3068-KR-6XL,kurta,6XL,1,INR,1043,MYSURU,570020,IN,FALSE
3230,171-0622010-2177158,622010,Women,20,09/04/2022,Delivered,Nalli,PJNE3068-KR-6XL,kurta,6XL,1,INR,1043,NEW DELHI,110017,IN,FALSE
3231,406-3391422-7782767,3391422,Women,29,09/04/2022,Delivered,Amazon,J0341-DR-L,Western Dress,L,1,INR,791,Pune,411058,IN,FALSE
3232,406-3391422-7782767,3391422,Women,42,09/04/2022,Delivered,Amazon,J0341-DR-XXXL,Western Dress,3XL,1,INR,744,TIRUPATI,517101,IN,FALSE
3233,406-1727876-2906739,1727876,Men,22,09/04/2022,Delivered,Myntra,J0003-SET-XL,Set,XL,1,INR,696,MEERUT,250001,IN,FALSE
3234,402-3287101-3461925,3287101,Women,23,09/04/2022,Delivered,Amazon,MEN5021-KR-L,kurta,L,1,INR,533,Mumbai,400078,IN,FALSE
3235,406-0662394-2771544,662394,Women,47,09/04/2022,Delivered,Myntra,JNE3461-KR-M,kurta,M,1,INR,379,JASHPURNAGAR,496331,IN,FALSE
3236,405-4555452-6575548,4555452,Women,37,09/04/2022,Delivered,Myntra,J0301-TP-XL,Top,XL,1,INR,693,MANGALURU,574229,IN,FALSE
3237,403-1527334-2905937,1527334,Women,28,09/04/2022,Delivered,Myntra,JNE3311-KR-XS,kurta,XS,1,INR,599,VIRALIMALAI,621316,IN,FALSE
3238,403-1527334-2905937,1527334,Women,40,09/04/2022,Refunded,Flipkart,JNE2199-KR-411-A-XS,kurta,XS,1,INR,353,NEDUMANGAD,695541,IN,FALSE
3239,405-5374033-8964303,5374033,Women,37,09/04/2022,Delivered,Flipkart,J0334-TP-XS,Top,XS,1,INR,549,BENGALURU,560037,IN,FALSE
3240,408-3017744-9598741,3017744,Women,70,09/04/2022,Delivered,Meesho,J0413-DR-XL,Western Dress,XL,1,INR,968,GURUGRAM,122018,IN,FALSE
3241,408-8202295-0434701,8202295,Men,47,09/04/2022,Returned,Amazon,J0236-SKD-M,Set,M,1,INR,912,BENGALURU,560011,IN,FALSE
3242,405-3247486-0586726,3247486,Women,30,09/04/2022,Delivered,Amazon,SET328-KR-NP-XL,Set,XL,1,INR,635,AURANGABAD,431002,IN,FALSE
3243,407-6993663-2486708,6993663,Men,40,09/04/2022,Delivered,Amazon,SET265-KR-NP-L,Set,L,1,INR,877,Leh,194101,IN,FALSE
3244,403-0249943-3735573,249943,Women,69,09/04/2022,Delivered,Myntra,SAR029,Saree,Free,1,INR,333,"anna Nagar west, chennai",600040,IN,FALSE
3245,404-4828874-9710749,4828874,Men,37,09/04/2022,Delivered,Flipkart,J0012-SKD-XL,Set,XL,1,INR,1140,ZIRAKPUR,140603,IN,FALSE
3246,171-9602203-1095541,9602203,Women,32,09/04/2022,Returned,Flipkart,JNE2014-KR-178-XL,kurta,XL,1,INR,330,PATNA,800020,IN,FALSE
3247,171-9880082-0732322,9880082,Women,75,09/04/2022,Delivered,Amazon,SET293-KR-NP-XXXL,Set,3XL,1,INR,736,MUMBAI,400018,IN,FALSE
3248,408-0709888-6512302,709888,Women,30,09/04/2022,Delivered,Flipkart,JNE3465-KR-M,kurta,M,1,INR,502,Bengaluru,560043,IN,FALSE
3249,406-9572242-6338724,9572242,Women,47,09/04/2022,Delivered,Myntra,JNE3721-KR-L,kurta,L,1,INR,329,AJMER,305001,IN,FALSE
3250,404-6704525-9234746,6704525,Women,29,09/04/2022,Delivered,Flipkart,JNE3870-DR-XL,Western Dress,XL,1,INR,677,Ponda,403401,IN,FALSE
3251,405-3172282-0529113,3172282,Women,25,09/04/2022,Delivered,Myntra,SAR023,Saree,Free,1,INR,771,CHENNAI,600012,IN,FALSE
3252,405-3172282-0529113,3172282,Women,26,09/04/2022,Delivered,Myntra,SAR004,Saree,Free,1,INR,988,Bhopal,462024,IN,FALSE
3253,171-3815261-2825948,3815261,Women,21,09/04/2022,Delivered,Amazon,SAR028,Saree,Free,1,INR,660,BHINGA,271831,IN,FALSE
3254,171-3815261-2825948,3815261,Women,26,09/04/2022,Delivered,Meesho,BL104-XXL,Blouse,XXL,1,INR,493,BENGALURU,560029,IN,FALSE
3255,171-0291428-2083564,291428,Men,42,09/04/2022,Delivered,Flipkart,J0230-SKD-M,Set,M,1,INR,1319,Barabanki,225204,IN,FALSE
3256,405-2129106-6047554,2129106,Women,43,09/04/2022,Delivered,Amazon,SAR028,Saree,Free,1,INR,737,VERNA,403722,IN,FALSE
3257,406-4608554-0042735,4608554,Women,30,09/04/2022,Delivered,Amazon,J0157-DR-XL,Western Dress,XL,1,INR,588,Bangalore,560086,IN,FALSE
3258,405-5789736-5864339,5789736,Women,48,09/04/2022,Delivered,Myntra,SET374-KR-NP-XXL,Set,XXL,1,INR,626,KANPUR,208027,IN,FALSE
3259,404-4875101-7606706,4875101,Women,60,09/04/2022,Cancelled,Amazon,JNE3721-KR-L,kurta,L,1,INR,292,COIMBATORE,641025,IN,FALSE
3260,404-0062102-9641144,62102,Men,27,09/04/2022,Delivered,Amazon,J0280-SKD-M,Set,M,1,INR,1556,ULUBERIA,711316,IN,FALSE
3261,402-3491360-2797962,3491360,Men,47,09/04/2022,Delivered,Ajio,SET144-KR-NP-S,Set,S,1,INR,788,MURBAD,421401,IN,FALSE
3262,408-4284666-6808365,4284666,Women,68,09/04/2022,Delivered,Amazon,SAR006,Saree,Free,1,INR,1099,Bengaluru,560067,IN,FALSE
3263,407-8982595-8840318,8982595,Women,65,09/04/2022,Delivered,Amazon,J0339-DR-XXL,Western Dress,XXL,1,INR,1091,Hyderabad,500053,IN,FALSE
3264,402-7358762-7125102,7358762,Women,28,09/04/2022,Delivered,Flipkart,NW016-ST-SR-M,Set,M,1,INR,560,BENGALURU,560037,IN,FALSE
3265,405-2145174-6215546,2145174,Men,41,09/04/2022,Delivered,Amazon,SET357-KR-NP-XL,Set,XL,1,INR,725,MUMBAI,400001,IN,FALSE
3266,404-3884447-0582728,3884447,Women,37,09/04/2022,Delivered,Amazon,JNE3870-DR-S,Western Dress,S,1,INR,688,THIRUVANANTHAPURAM,695035,IN,FALSE
3267,402-5469736-9086747,5469736,Women,55,09/04/2022,Delivered,Others,SAR026,Saree,Free,1,INR,399,RAE BARELI,229001,IN,FALSE
3268,407-6368046-6193133,6368046,Women,46,09/04/2022,Delivered,Amazon,SAR012,Saree,Free,1,INR,560,"Chengannur, Alappuzha District",689505,IN,FALSE
3269,408-4950528-0478720,4950528,Women,34,09/04/2022,Delivered,Myntra,SAR008,Saree,Free,1,INR,737,PURULIA,723101,IN,FALSE
3270,408-8649363-9740361,8649363,Women,44,09/04/2022,Delivered,Flipkart,SET291-KR-PP-M,Set,M,1,INR,569,MUMBAI,400093,IN,FALSE
3271,408-7522633-3798730,7522633,Women,40,09/04/2022,Delivered,Amazon,J0381-SKD-XL,Set,XL,1,INR,1146,MADHURAWADA,530048,IN,FALSE
3272,408-7457901-6530728,7457901,Women,27,09/04/2022,Delivered,Amazon,SAR007,Saree,Free,1,INR,730,NEW DELHI,110087,IN,FALSE
3273,407-3370114-0084329,3370114,Women,40,09/04/2022,Delivered,Amazon,JNE3423-KR-L,kurta,L,1,INR,399,DAMAN,396220,IN,FALSE
3274,404-3469166-6084306,3469166,Women,40,09/04/2022,Delivered,Amazon,J0341-DR-XXXL,Western Dress,3XL,1,INR,885,BENGALURU,560095,IN,FALSE
3275,407-7559756-4103509,7559756,Women,49,09/04/2022,Delivered,Amazon,JNE3487-KR-XXL,kurta,XXL,1,INR,362,Mumbai,400091,IN,FALSE
3276,406-0878369-6993910,878369,Women,60,09/04/2022,Delivered,Flipkart,J0339-DR-XL,Western Dress,XL,1,INR,744,NEW DELHI,110032,IN,FALSE
3277,403-4048001-7567547,4048001,Women,28,09/04/2022,Delivered,Flipkart,SET265-KR-NP-XL,Set,XL,1,INR,888,CHENNAI,600078,IN,FALSE
3278,402-8472372-7149958,8472372,Men,42,09/04/2022,Delivered,Flipkart,JNE3721-KR-XS,kurta,XS,1,INR,301,BENGALURU,560060,IN,FALSE
3279,403-6915228-1425125,6915228,Women,20,09/04/2022,Delivered,Myntra,J0341-DR-L,Western Dress,L,1,INR,744,HYDERABAD,500046,IN,FALSE
3280,406-5198587-8590719,5198587,Men,30,09/04/2022,Delivered,Ajio,SET392-KR-NP-XL,Set,XL,1,INR,799,PUNE,411006,IN,FALSE
3281,405-4546530-9148348,4546530,Women,27,09/04/2022,Returned,Meesho,JNE3800-KR-L,Western Dress,L,1,INR,735,DAVANAGERE,577004,IN,FALSE
3282,405-6314840-3889168,6314840,Men,37,09/04/2022,Delivered,Myntra,JNE3465-KR-M,kurta,M,1,INR,469,COIMBATORE,641001,IN,FALSE
3283,403-8137918-3796369,8137918,Women,35,09/04/2022,Delivered,Flipkart,JNE3797-KR-XXXL,Western Dress,3XL,1,INR,771,HYDERABAD,500020,IN,FALSE
3284,406-0007701-4030751,7701,Men,64,09/04/2022,Delivered,Myntra,JNE3562-KR-L,kurta,L,1,INR,476,SECUNDERABAD,500026,IN,FALSE
3285,404-8138325-4984314,8138325,Men,32,09/04/2022,Delivered,Others,SET340-KR-NP-XS,Set,XS,1,INR,751,VADODARA,390019,IN,FALSE
3286,406-1482732-5085160,1482732,Women,42,09/04/2022,Returned,Flipkart,SET303-KR-NP-XXL,Set,XXL,1,INR,888,"CALANGUTE, BARDEZ",403516,IN,FALSE
3287,171-5286045-1090718,5286045,Men,40,09/04/2022,Delivered,Flipkart,SET194-KR-NP-M,Set,M,1,INR,616,BENGALURU,560037,IN,FALSE
3288,404-9962358-3871559,9962358,Men,55,09/04/2022,Delivered,Myntra,SET397-KR-NP-S,Set,S,1,INR,979,BENGALURU,560057,IN,FALSE
3289,404-7794490-0598707,7794490,Men,69,09/04/2022,Delivered,Myntra,J0334-TP-M,Top,M,1,INR,794,THANE,400601,IN,FALSE
3290,404-0072699-1745922,72699,Men,49,09/04/2022,Delivered,Amazon,JNE3797-KR-XXXL,Western Dress,3XL,1,INR,735,mumbai,400008,IN,FALSE
3291,404-7703659-2070711,7703659,Men,33,09/04/2022,Delivered,Flipkart,SET392-KR-NP-XL,Set,XL,1,INR,799,ZIRAKPUR,140603,IN,FALSE
3292,408-4944996-0675505,4944996,Men,39,09/04/2022,Delivered,Amazon,JNE3445-KR-XXL,kurta,XXL,1,INR,453,THANE,400605,IN,FALSE
3293,402-7882031-4409940,7882031,Women,21,09/04/2022,Delivered,Flipkart,SET364-KR-NP-XXL,Set,XXL,1,INR,1338,KOTPUTLI,303108,IN,FALSE
3294,402-6685744-7186768,6685744,Men,33,09/04/2022,Delivered,Flipkart,JNE3759-KR-S,kurta,S,1,INR,568,GURUGRAM,122011,IN,FALSE
3295,402-4342429-0274726,4342429,Women,51,09/04/2022,Delivered,Flipkart,J0391-TP-XXL,Top,XXL,1,INR,690,Pune,411001,IN,FALSE
3296,408-7906412-9307511,7906412,Women,37,09/04/2022,Delivered,Amazon,J0230-SKD-XS,Set,XS,1,INR,1319,DHARWAD,580005,IN,FALSE
3297,405-7663684-3315566,7663684,Women,25,09/04/2022,Delivered,Flipkart,JNE3468-KR-XXL,kurta,XXL,1,INR,387,BENGALURU,560075,IN,FALSE
3298,407-7719630-8469941,7719630,Women,66,09/04/2022,Delivered,Amazon,J0342-TP-XS,Top,XS,1,INR,625,KHAMMAM,507001,IN,FALSE
3299,407-6942541-6030769,6942541,Men,33,09/04/2022,Delivered,Amazon,SET280-KR-PP-S,Set,S,1,INR,775,NEW DELHI,110007,IN,FALSE
3300,404-4240862-5659544,4240862,Women,35,09/04/2022,Delivered,Flipkart,J0122-TP-XXXL,Top,3XL,1,INR,329,MUMBAI,400037,IN,FALSE
3301,406-5718692-8687548,5718692,Women,27,09/04/2022,Delivered,Ajio,J0003-SET-M,Set,M,1,INR,664,HYDERABAD,500083,IN,FALSE
3302,407-4971036-9862716,4971036,Women,24,09/04/2022,Delivered,Myntra,SET098-KR-PP-M,Set,M,1,INR,696,Jagatsinghapur,754113,IN,FALSE
3303,404-3432914-2822720,3432914,Men,35,09/04/2022,Delivered,Ajio,SET265-KR-NP-S,Set,S,1,INR,877,NEW DELHI,110092,IN,FALSE
3304,403-8761462-4629920,8761462,Men,39,09/04/2022,Delivered,Flipkart,SET345-KR-NP-S,Set,S,1,INR,635,BHUBANESWAR,751010,IN,FALSE
3305,404-2357733-5228310,2357733,Men,28,09/04/2022,Delivered,Flipkart,SET128-KR-DH-L,Set,L,1,INR,1147,BENGALURU,560013,IN,FALSE
3306,408-1273700-2633122,1273700,Women,18,09/04/2022,Delivered,Amazon,SET278-KR-NP-L,Set,L,1,INR,1442,HYDERABAD,500010,IN,FALSE
3307,404-1883124-0889948,1883124,Women,29,09/04/2022,Delivered,Nalli,JNE3405-KR-S,kurta,S,1,INR,435,GUWAHATI,781029,IN,FALSE
3308,407-5037202-6905964,5037202,Women,41,09/04/2022,Delivered,Amazon,JNE3793-KR-XL,kurta,XL,1,INR,349,SANGLI MIRAJ KUPWAD,416410,IN,FALSE
3309,404-8956829-4005110,8956829,Women,29,09/04/2022,Delivered,Meesho,SET291-KR-PP-XXXL,Set,3XL,1,INR,569,BENGALURU,560078,IN,FALSE
3310,407-4501283-9837123,4501283,Men,18,09/04/2022,Delivered,Amazon,J0003-SET-XXXL,Set,3XL,1,INR,654,RANCHI,834002,IN,FALSE
3311,407-0023986-9453915,23986,Men,66,09/04/2022,Delivered,Flipkart,J0341-DR-XS,Western Dress,XS,1,INR,1033,PORT BLAIR,744101,IN,FALSE
3312,403-4898810-9514767,4898810,Women,75,09/04/2022,Delivered,Myntra,J0041-SET-S,Set,S,1,INR,612,GHAZIABAD,201012,IN,FALSE
3313,403-4898810-9514767,4898810,Men,45,09/04/2022,Delivered,Amazon,J0025-DR-XXXL,Western Dress,3XL,1,INR,566,PUNE,411021,IN,FALSE
3314,404-4735613-8348355,4735613,Women,61,09/04/2022,Delivered,Flipkart,SET290-KR-DPT-XL,Set,XL,1,INR,792,HYDERABAD,500024,IN,FALSE
3315,402-2092163-3576319,2092163,Women,20,09/04/2022,Delivered,Myntra,JNE3766-KR-M,kurta,M,1,INR,517,ERNAKULAM,682025,IN,FALSE
3316,405-2684001-9129930,2684001,Women,38,09/04/2022,Delivered,Amazon,SET392-KR-NP-S,Set,S,1,INR,799,SHIVAMOGGA,577414,IN,FALSE
3317,407-9478492-1129139,9478492,Women,48,09/04/2022,Delivered,Amazon,J0008-SKD-S,Set,S,1,INR,1065,BENGALURU,560003,IN,FALSE
3318,402-9629465-2733135,9629465,Women,78,09/04/2022,Delivered,Myntra,SET144-KR-NP-L,Set,L,1,INR,788,GHAZIABAD,201005,IN,FALSE
3319,403-0487939-8341941,487939,Women,33,09/04/2022,Delivered,Amazon,J0230-SKD-XS,Set,XS,1,INR,1112,MULKI,574154,IN,FALSE
3320,402-5372109-4379524,5372109,Men,53,09/04/2022,Delivered,Flipkart,J0341-DR-L,Western Dress,L,1,INR,832,CHENNAI,600100,IN,FALSE
3321,403-0535773-3388308,535773,Men,75,09/04/2022,Delivered,Myntra,J0341-DR-S,Western Dress,S,1,INR,842,BENGALURU,560035,IN,FALSE
3322,171-7859327-1050759,7859327,Women,55,09/04/2022,Delivered,Ajio,SET268-KR-NP-L,Set,L,1,INR,788,PUNE,411062,IN,FALSE
3323,403-7867537-5613103,7867537,Women,46,09/04/2022,Delivered,Myntra,J0047-TP-XL,Top,XL,1,INR,346,SURAT,395008,IN,FALSE
3324,403-4932796-2790727,4932796,Men,32,09/04/2022,Delivered,Flipkart,SET144-KR-NP-M,Set,M,1,INR,765,JAMSHEDPUR,831005,IN,FALSE
3325,408-9035152-9611513,9035152,Women,43,09/04/2022,Returned,Amazon,JNE3368-KR-XL,kurta,XL,1,INR,471,VARKALA,695141,IN,FALSE
3326,171-5393144-1314712,5393144,Men,45,09/04/2022,Delivered,Myntra,JNE3800-KR-A-M,Western Dress,M,1,INR,725,CHIKKAMAGALURU,577101,IN,FALSE
3327,402-0963594-8876345,963594,Women,40,09/04/2022,Delivered,Myntra,PJNE2199-KR-N-5XL,kurta,5XL,1,INR,764,CHENNAI,600011,IN,FALSE
3328,402-0627551-1669901,627551,Men,45,09/04/2022,Delivered,Amazon,NW034-TP-PJ-XS,Set,XS,1,INR,613,VISAKHAPATNAM,530005,IN,FALSE
3329,402-9463793-3313139,9463793,Men,33,09/04/2022,Delivered,Myntra,SET364-KR-NP-XL,Set,XL,1,INR,1126,GREATER NOIDA,201306,IN,FALSE
3330,403-5523346-3964333,5523346,Women,49,09/04/2022,Delivered,Flipkart,JNE3887-KR-XL,kurta,XL,1,INR,510,GHAZIABAD,201001,IN,FALSE
3331,406-7762087-8661131,7762087,Men,32,09/04/2022,Delivered,Nalli,SET331-KR-NP-XXL,Set,XXL,1,INR,627,THIRUVANANTHAPURAM,695009,IN,FALSE
3332,404-4418252-2721131,4418252,Women,33,09/04/2022,Delivered,Amazon,J0244-SKD-XL,Set,XL,1,INR,1164,VARANASI,221002,IN,FALSE
3333,406-2951399-6892347,2951399,Women,25,09/04/2022,Delivered,Amazon,J0347-SET-XXXL,Set,3XL,1,INR,599,NEW DELHI,110095,IN,FALSE
3334,402-8679432-0199502,8679432,Women,24,09/04/2022,Delivered,Amazon,AN208-MUSTARD-M,Bottom,M,1,INR,229,MADHEPURA,852113,IN,FALSE
3335,402-6030299-8477913,6030299,Women,22,09/04/2022,Delivered,Amazon,J0083-KR-XXXL,kurta,3XL,1,INR,591,SONIPAT,131001,IN,FALSE
3336,403-0905708-0479527,905708,Men,21,09/04/2022,Delivered,Amazon,J0162-SKD-S,Set,S,1,INR,1186,LONI,201102,IN,FALSE
3337,408-6834260-1867529,6834260,Women,42,09/04/2022,Delivered,Flipkart,SET098-KR-PP-XL,Set,XL,1,INR,672,KOTA,324005,IN,FALSE
3338,408-9673241-3122720,9673241,Women,59,09/04/2022,Delivered,Myntra,SET184-KR-PP-XS,Set,XS,1,INR,573,Chennai,600093,IN,FALSE
3339,171-1238998-0350752,1238998,Women,42,09/04/2022,Delivered,Flipkart,JNE3749-KR-S,kurta,S,1,INR,457,NEW DELHI,110044,IN,FALSE
3340,405-8169589-3170768,8169589,Women,18,09/04/2022,Delivered,Flipkart,SAR014,Saree,Free,1,INR,655,NEW DELHI,110070,IN,FALSE
3341,405-0129510-4329946,129510,Men,45,09/04/2022,Delivered,Meesho,J0338-DR-S,Western Dress,S,1,INR,743,MYSURU,570008,IN,FALSE
3342,406-5668768-5253909,5668768,Men,49,09/04/2022,Cancelled,Flipkart,SET271-KR-NP-XXL,Set,XXL,1,INR,895,AHMEDABAD,380013,IN,FALSE
3343,407-8021097-4652332,8021097,Women,19,09/04/2022,Returned,Myntra,SET184-KR-PP-XXL,Set,XXL,1,INR,563,SILIGURI,734002,IN,FALSE
3344,171-3187440-8901932,3187440,Women,20,09/04/2022,Delivered,Flipkart,JNE3463-KR-M,kurta,M,1,INR,528,MEDINIPUR,721101,IN,FALSE
3345,171-1676019-2179502,1676019,Women,28,09/04/2022,Delivered,Flipkart,JNE3504-KR-XL,kurta,XL,1,INR,481,Jaipur,302004,IN,FALSE
3346,402-8603459-6333941,8603459,Women,49,09/04/2022,Delivered,Flipkart,SAR006,Saree,Free,1,INR,626,BADLAPUR,421503,IN,FALSE
3347,407-9471868-9941152,9471868,Men,25,09/04/2022,Returned,Others,J0007-SKD-XS,Set,XS,1,INR,1065,VAIJAPUR,423701,IN,FALSE
3348,403-6709334-4627500,6709334,Women,20,09/04/2022,Delivered,Amazon,SAR024,Saree,Free,1,INR,458,POWAYAN,242401,IN,FALSE
3349,405-4503533-6280308,4503533,Women,25,09/04/2022,Delivered,Amazon,SET269-KR-NP-XL,Set,XL,1,INR,824,Bengaluru,560099,IN,FALSE
3350,402-1794208-1593932,1794208,Women,43,09/04/2022,Delivered,Amazon,JNE2265-KR-501-L,kurta,L,1,INR,329,GHAZIABAD,201010,IN,FALSE
3351,407-2420271-3979560,2420271,Women,54,09/04/2022,Delivered,Nalli,JNE3431-KR-S,kurta,S,1,INR,349,CHENNAI,600100,IN,FALSE
3352,402-2264729-5215500,2264729,Women,36,09/04/2022,Delivered,Amazon,SET324-KR-NP-M,Set,M,1,INR,597,BICHOLIM,403504,IN,FALSE
3353,406-9344710-2229152,9344710,Women,28,09/04/2022,Delivered,Meesho,JNE3654-TP-M,Top,M,1,INR,371,MUMBAI,400088,IN,FALSE
3354,403-3003071-6348333,3003071,Men,45,09/04/2022,Delivered,Myntra,JNE3797-KR-A-S,Western Dress,S,1,INR,725,ERNAKULAM,682025,IN,FALSE
3355,404-3729626-6198700,3729626,Women,40,09/04/2022,Delivered,Amazon,SAR019,Saree,Free,1,INR,1115,NEW DELHI,110048,IN,FALSE
3356,405-6373812-5281160,6373812,Men,26,09/04/2022,Delivered,Myntra,SET324-KR-NP-L,Set,L,1,INR,635,HYDERABAD,500019,IN,FALSE
3357,402-6301228-2458704,6301228,Women,35,09/04/2022,Delivered,Myntra,JNE3887-KR-XS,kurta,XS,1,INR,526,NAVI MUMBAI,410210,IN,FALSE
3358,403-4456175-5155539,4456175,Women,47,09/04/2022,Delivered,Amazon,J0003-SET-XXXL,Set,3XL,1,INR,654,Ulhasnagar,421004,IN,FALSE
3359,404-2401215-8252335,2401215,Women,77,09/04/2022,Delivered,Meesho,SET355-KR-PP-M,Set,M,1,INR,1192,KOLAGHAT,721134,IN,FALSE
3360,405-3975365-7630714,3975365,Women,44,09/04/2022,Delivered,Amazon,SET374-KR-NP-S,Set,S,1,INR,666,JAJAPUR,755001,IN,FALSE
3361,403-2165022-1696322,2165022,Men,27,09/04/2022,Delivered,Ajio,SET377-KR-NP-L,Set,L,1,INR,1238,JAIPUR,302012,IN,FALSE
3362,408-8322443-9451501,8322443,Women,30,09/04/2022,Delivered,Myntra,SAR016,Saree,Free,1,INR,499,KOLKATA,700108,IN,FALSE
3363,405-6181454-0233160,6181454,Women,47,09/04/2022,Delivered,Amazon,JNE3721-KR-XL,kurta,XL,1,INR,292,BENGALURU,560078,IN,FALSE
3364,408-0033321-1605948,33321,Men,20,09/04/2022,Returned,Amazon,NW001-TP-PJ-M,Set,M,1,INR,563,VARANASI,221005,IN,FALSE
3365,402-6411993-0829923,6411993,Women,31,09/04/2022,Delivered,Amazon,JNE3637-KR-S,kurta,S,1,INR,526,MANGALAGIRI,522503,IN,FALSE
3366,402-6411993-0829923,6411993,Women,31,09/04/2022,Delivered,Myntra,JNE3405-KR-L,kurta,L,1,INR,399,NEW DELHI,110008,IN,FALSE
3367,407-3361068-0457925,3361068,Women,28,09/04/2022,Delivered,Flipkart,JNE3742-KR-XXL,kurta,XXL,1,INR,432,BHUBANESWAR,751001,IN,FALSE
3368,171-3522081-6793908,3522081,Women,64,09/04/2022,Delivered,Myntra,SAR012,Saree,Free,1,INR,529,CHANDAULI,233232,IN,FALSE
3369,406-0264178-2443511,264178,Women,28,09/04/2022,Delivered,Ajio,BL104-M,Blouse,M,1,INR,625,GHAZIABAD,201010,IN,FALSE
3370,406-9832258-3123531,9832258,Women,35,09/04/2022,Delivered,Amazon,MEN5015-KR-XXL,kurta,XXL,1,INR,475,BADVEL,516227,IN,FALSE
3371,405-8440048-8102741,8440048,Women,53,09/04/2022,Returned,Nalli,JNE3721-KR-L,kurta,L,1,INR,292,NAGARI,517592,IN,FALSE
3372,406-8946606-2940366,8946606,Women,57,09/04/2022,Delivered,Myntra,SAR002,Saree,Free,1,INR,591,KHANDWA,450001,IN,FALSE
3373,408-1303949-1505154,1303949,Men,40,09/04/2022,Delivered,Myntra,J0002-SKD-XS,Set,XS,1,INR,1115,Kanjoor,683575,IN,FALSE
3374,407-2220743-6177128,2220743,Men,41,09/04/2022,Delivered,Amazon,SET288-KR-NP-XXXL,Set,3XL,1,INR,674,VARANASI,221010,IN,FALSE
3375,408-2653541-7709969,2653541,Women,42,09/04/2022,Delivered,Amazon,J0164-DR-M,Ethnic Dress,M,1,INR,388,NAVI MUMBAI,410210,IN,FALSE
3376,408-7896501-4407522,7896501,Women,42,09/04/2022,Delivered,Amazon,JNE3718-KR-XXXL,kurta,3XL,1,INR,427,BENGALURU,560005,IN,FALSE
3377,171-4766713-5037148,4766713,Women,27,09/04/2022,Delivered,Flipkart,JNE3638-KR-S,kurta,S,1,INR,517,Ernakulam,683594,IN,FALSE
3378,407-7166746-4962724,7166746,Women,20,09/04/2022,Returned,Amazon,MEN5032-KR-XXXL,kurta,3XL,1,INR,579,Lucknow,226006,IN,FALSE
3379,404-0786745-4297100,786745,Women,29,09/04/2022,Delivered,Meesho,BL102-L,Blouse,L,1,INR,664,GARHAKOTA,470229,IN,FALSE
3380,405-6748725-9781923,6748725,Men,40,09/04/2022,Delivered,Myntra,J0341-DR-S,Western Dress,S,1,INR,791,CHOUTUPPAL,508252,IN,FALSE
3381,408-5297726-3405923,5297726,Women,35,09/04/2022,Delivered,Amazon,JNE3636-KR-XL,kurta,XL,1,INR,459,HYDERABAD,500033,IN,FALSE
3382,408-2818229-5363541,2818229,Women,35,09/04/2022,Delivered,Meesho,JNE3399-KR-L,kurta,L,1,INR,469,HYDERABAD,502032,IN,FALSE
3383,406-4399615-0168362,4399615,Women,29,09/04/2022,Delivered,Myntra,J0388-TP-XS,Top,XS,1,INR,690,YAMUNANAGAR,135001,IN,FALSE
3384,406-4399615-0168362,4399615,Women,28,09/04/2022,Delivered,Ajio,J0385-KR-XXXL,kurta,3XL,1,INR,888,MADHURAWADA,530041,IN,FALSE
3385,403-5988564-6045160,5988564,Men,35,09/04/2022,Delivered,Myntra,SET286-KR-NP-XXL,Set,XXL,1,INR,626,MUMBAI,400013,IN,FALSE
3386,406-6472116-2025144,6472116,Women,25,09/04/2022,Cancelled,Nalli,J0176-TP-XL,Top,XL,1,INR,387,NEW DELHI,110006,IN,FALSE
3387,406-4355482-3597940,4355482,Men,34,09/04/2022,Delivered,Meesho,J0281-SKD-XL,Set,XL,1,INR,1388,ANANTAPUR,515001,IN,FALSE
3388,407-4225182-0253147,4225182,Women,22,09/04/2022,Delivered,Myntra,JNE3741-KR-L,kurta,L,1,INR,353,GUNTUR,522409,IN,FALSE
3389,171-9040528-7611523,9040528,Men,66,09/04/2022,Delivered,Others,JNE3797-KR-A-M,Western Dress,M,1,INR,771,KATHGODAM,263126,IN,FALSE
3390,403-3253908-1432315,3253908,Women,24,09/04/2022,Delivered,Amazon,SET132-KR-NP-S,Set,S,1,INR,612,GUNTUR,522007,IN,FALSE
3391,406-8355674-1651555,8355674,Men,23,09/04/2022,Delivered,Amazon,J0341-DR-XL,Western Dress,XL,1,INR,1229,Varanasi,221002,IN,FALSE
3392,171-0272129-4814720,272129,Men,33,09/04/2022,Delivered,Ajio,JNE3797-KR-A-XXL,Western Dress,XXL,1,INR,725,HYDERABAD,500019,IN,FALSE
3393,406-3610050-9076323,3610050,Men,44,09/04/2022,Delivered,Flipkart,SET331-KR-NP-XS,Set,XS,1,INR,589,GREATER NOIDA,201306,IN,FALSE
3394,406-9487418-2478728,9487418,Women,18,09/04/2022,Delivered,Myntra,J0344-TP-S,Top,S,1,INR,574,KOHIMA,797001,IN,FALSE
3395,405-0472081-3490769,472081,Men,47,09/04/2022,Delivered,Flipkart,J0341-DR-XL,Western Dress,XL,1,INR,743,KOLKATA,700036,IN,FALSE
3396,406-5268926-6081168,5268926,Men,49,09/04/2022,Returned,Flipkart,J0005-DR-XL,Western Dress,XL,1,INR,899,ONGOLE,523002,IN,FALSE
3397,171-2063817-4317140,2063817,Women,19,09/04/2022,Delivered,Meesho,J0213-TP-L,Top,L,1,INR,599,FARIDABAD,121001,IN,FALSE
3398,402-0527107-2767529,527107,Men,48,09/04/2022,Delivered,Ajio,J0244-SKD-S,Set,S,1,INR,1176,BALLARI,583104,IN,FALSE
3399,406-7045982-9376356,7045982,Women,26,09/04/2022,Delivered,Flipkart,SET345-KR-NP-S,Set,S,1,INR,626,Tezpur,784001,IN,FALSE
3400,405-5673378-8010720,5673378,Women,28,09/04/2022,Delivered,Amazon,JNE3364-KR-1051-A-L,kurta,L,1,INR,376,VISAKHAPATNAM,530004,IN,FALSE
3401,171-7194989-5145120,7194989,Women,40,09/04/2022,Delivered,Ajio,J0204-TP-S,Top,S,1,INR,751,Addanki,523201,IN,FALSE
3402,408-2943352-6184305,2943352,Men,75,09/04/2022,Delivered,Meesho,J0339-DR-XXL,Western Dress,XXL,1,INR,1091,BANGALORE,560008,IN,FALSE
3403,404-0202260-4949167,202260,Women,40,09/04/2022,Cancelled,Myntra,SET268-KR-NP-XXXL,Set,3XL,1,INR,698,HYDERABAD,500007,IN,FALSE
3404,402-6894552-6421119,6894552,Men,43,09/04/2022,Returned,Meesho,SET302-KR-PP-XS,Set,XS,1,INR,799,SILCHAR,788001,IN,FALSE
3405,403-0879964-2391510,879964,Men,40,09/04/2022,Delivered,Flipkart,J0163-SKD-M,Set,M,1,INR,999,RANCHI,834001,IN,FALSE
3406,405-2086609-6551519,2086609,Women,41,09/04/2022,Delivered,Amazon,MEN5026-KR-XXL,kurta,XXL,1,INR,495,BHUBANESWAR,751020,IN,FALSE
3407,406-0986048-1424321,986048,Men,33,09/04/2022,Delivered,Myntra,J0003-SET-M,Set,M,1,INR,696,VARANASI,221002,IN,FALSE
3408,402-8682575-1945162,8682575,Women,18,09/04/2022,Delivered,Myntra,J0033-KR-XL,kurta,XL,1,INR,399,NEW DELHI,110091,IN,FALSE
3409,402-3354102-5861123,3354102,Women,45,09/04/2022,Delivered,Flipkart,JNE3698-KR-S,kurta,S,1,INR,387,DHANBAD,826001,IN,FALSE
3410,405-2520838-2410705,2520838,Women,31,09/04/2022,Delivered,Myntra,J0011-LCD-S,Set,S,1,INR,1695,Tirupur,641605,IN,FALSE
3411,406-2473209-7209143,2473209,Women,32,09/04/2022,Delivered,Amazon,SET171-KR-NP-XS,Set,XS,1,INR,817,BOKARO STEEL CITY,827001,IN,FALSE
3412,407-9519017-5575526,9519017,Women,52,09/04/2022,Delivered,Amazon,JNE3516-KR-E-S,kurta,S,1,INR,345,CHENNAI,600088,IN,FALSE
3413,407-9519017-5575526,9519017,Men,27,09/04/2022,Delivered,Ajio,J0081-DR-XXXL,Western Dress,3XL,1,INR,658,BENGALURU,560056,IN,FALSE
3414,405-1292025-1907562,1292025,Men,36,09/04/2022,Delivered,Myntra,SET184-KR-PP-XL,Set,XL,1,INR,573,Cuttack,753014,IN,FALSE
3415,408-5815602-5352361,5815602,Women,37,09/04/2022,Delivered,Amazon,J0096-KR-L,kurta,L,1,INR,568,CHHAPI,385210,IN,FALSE
3416,408-0572881-5041947,572881,Men,43,09/04/2022,Delivered,Others,J0343-DR-XXXL,Western Dress,3XL,1,INR,744,AHMEDABAD,380001,IN,FALSE
3417,402-8869154-2248330,8869154,Men,72,09/04/2022,Delivered,Amazon,J0379-SKD-L,Set,L,1,INR,1301,TALIPARAMBA,670141,IN,FALSE
3418,403-0166989-8619575,166989,Women,37,09/04/2022,Delivered,Ajio,SET187-KR-DH-XL,Set,XL,1,INR,599,HYDERABAD,500014,IN,FALSE
3419,403-0166989-8619575,166989,Men,60,09/04/2022,Delivered,Flipkart,SET257-KR-PP-M,Set,M,1,INR,563,BHADOHI,221401,IN,FALSE
3420,408-0446578-2210716,446578,Women,27,09/04/2022,Delivered,Myntra,SET328-KR-NP-M,Set,M,1,INR,545,GURUGRAM,122101,IN,FALSE
3421,171-8815933-9106733,8815933,Men,49,09/04/2022,Delivered,Amazon,J0341-DR-XL,Western Dress,XL,1,INR,744,PANAJI,403001,IN,FALSE
3422,407-4365611-2031523,4365611,Women,47,09/04/2022,Returned,Myntra,JNE3515-KR-XXL,kurta,XXL,1,INR,469,MUMBAI,400099,IN,FALSE
3423,407-5671165-1272302,5671165,Women,48,09/04/2022,Delivered,Flipkart,J0301-TP-XL,Top,XL,1,INR,693,BENGALURU,560036,IN,FALSE
3424,407-8167458-5214753,8167458,Men,29,09/04/2022,Delivered,Ajio,SET324-KR-NP-S,Set,S,1,INR,597,BALESHWAR,756001,IN,FALSE
3425,408-5861934-8766736,5861934,Women,71,09/04/2022,Delivered,Myntra,JNE3645-TP-N-XS,Top,XS,1,INR,493,Kolkata,700156,IN,FALSE
3426,404-4444413-0257965,4444413,Women,37,09/04/2022,Delivered,Amazon,JNE1525-KR-UDF19BLACK-S,kurta,S,1,INR,307,NEW DELHI,110017,IN,FALSE
3427,407-8209141-5645140,8209141,Women,18,09/04/2022,Delivered,Myntra,J0349-SET-S,Set,S,1,INR,791,KANPUR,208016,IN,FALSE
3428,405-8434251-8631563,8434251,Men,33,09/04/2022,Delivered,Flipkart,J0236-SKD-S,Set,S,1,INR,950,KOLKATA,700081,IN,FALSE
3429,406-9780995-8942744,9780995,Men,44,09/04/2022,Delivered,Myntra,SET331-KR-NP-L,Set,L,1,INR,589,HYDERABAD,500068,IN,FALSE
3430,408-8699478-3401152,8699478,Women,75,09/04/2022,Delivered,Flipkart,J0003-SET-M,Set,M,1,INR,646,MUMBAI,400093,IN,FALSE
3431,408-3299735-1412341,3299735,Men,38,09/04/2022,Delivered,Flipkart,JNE3797-KR-XXXL,Western Dress,3XL,1,INR,735,ALAPPUZHA,689572,IN,FALSE
3432,171-6620335-1480320,6620335,Women,72,09/04/2022,Delivered,Myntra,JNE3405-KR-S,kurta,S,1,INR,399,BARABANKI,225001,IN,FALSE
3433,406-9945302-3237904,9945302,Women,32,09/04/2022,Delivered,Flipkart,J0301-TP-XXL,Top,XXL,1,INR,518,NEW DELHI,110089,IN,FALSE
3434,403-7999224-6743512,7999224,Men,27,09/04/2022,Delivered,Myntra,J0341-DR-XXL,Western Dress,XXL,1,INR,885,BENGALURU,560040,IN,FALSE
3435,403-1480573-2904310,1480573,Men,26,09/04/2022,Returned,Amazon,J0135-SET-M,Set,M,1,INR,591,JAMMIKUNTA,505122,IN,FALSE
3436,408-4682156-6045116,4682156,Men,52,09/04/2022,Delivered,Flipkart,JNE3797-KR-A-L,Western Dress,L,1,INR,771,PATHANAMTHITTA,689543,IN,FALSE
3437,407-0330960-0316335,330960,Men,61,09/04/2022,Delivered,Myntra,JNE3797-KR-A-XXL,Western Dress,XXL,1,INR,725,MUMBAI,400079,IN,FALSE
3438,406-2608789-7171519,2608789,Men,34,09/04/2022,Delivered,Myntra,SET273-KR-NP-XL,Set,XL,1,INR,597,NEW DELHI,110059,IN,FALSE
3439,171-0719929-5124314,719929,Women,29,09/04/2022,Delivered,Nalli,JNE3440-KR-N-S,kurta,S,1,INR,399,MUMBAI,400004,IN,FALSE
3440,407-7239534-4974713,7239534,Women,26,09/04/2022,Delivered,Others,SAR001,Saree,Free,1,INR,1281,CHENNAI,600102,IN,FALSE
3441,402-6429689-1794716,6429689,Women,20,09/04/2022,Delivered,Flipkart,SET269-KR-NP-M,Set,M,1,INR,799,SHILLONG,793022,IN,FALSE
3442,405-4459841-7393908,4459841,Men,27,09/04/2022,Delivered,Flipkart,J0005-DR-XL,Western Dress,XL,1,INR,899,SOLAPUR,413006,IN,FALSE
3443,404-7022392-9062745,7022392,Men,77,09/04/2022,Delivered,Myntra,SET392-KR-NP-S,Set,S,1,INR,799,PUNE,411014,IN,FALSE
3444,404-5337445-3473116,5337445,Men,18,09/04/2022,Delivered,Amazon,J0095-SET-XL,Set,XL,1,INR,634,GURUGRAM,122002,IN,FALSE
3445,171-6743873-1490728,6743873,Women,23,09/04/2022,Delivered,Flipkart,JNE3399-KR-S,kurta,S,1,INR,435,MUMBAI,400013,IN,FALSE
3446,171-6743873-1490728,6743873,Women,40,09/04/2022,Delivered,Flipkart,JNE3741-KR-L,kurta,L,1,INR,432,KALAMASSERY,682021,IN,FALSE
3447,171-5451535-2501924,5451535,Women,67,09/04/2022,Delivered,Amazon,JNE3560-KR-L,kurta,L,1,INR,544,DURGAPUR,713205,IN,FALSE
3448,404-1599270-7709905,1599270,Women,57,09/04/2022,Delivered,Myntra,JNE3399-KR-XXXL,kurta,3XL,1,INR,469,MORENA,476001,IN,FALSE
3449,405-7511155-6541159,7511155,Women,27,09/04/2022,Delivered,Myntra,JNE3892-TP-M,Top,M,1,INR,648,NAVI MUMBAI,410206,IN,FALSE
3450,402-3627678-7840362,3627678,Women,29,09/04/2022,Delivered,Flipkart,J0113-TP-XL,Top,XL,1,INR,758,PUTTUR,574202,IN,FALSE
3451,402-3627678-7840362,3627678,Women,22,09/04/2022,Delivered,Amazon,JNE3543-KR-XS,kurta,XS,1,INR,357,HYDERABAD,500043,IN,FALSE
3452,171-0598753-6589956,598753,Women,45,09/04/2022,Delivered,Amazon,JNE3568-KR-L,kurta,L,1,INR,399,HISAR,125001,IN,FALSE
3453,405-8241991-8145905,8241991,Men,44,09/04/2022,Delivered,Myntra,SET305-KR-DPT-S,Set,S,1,INR,967,GREATER NOIDA,201306,IN,FALSE
3454,405-8002557-8489922,8002557,Men,36,09/04/2022,Delivered,Ajio,J0370-SKD-S,Set,S,1,INR,936,BIDHAN NAGAR,700091,IN,FALSE
3455,405-8002557-8489922,8002557,Men,43,09/04/2022,Delivered,Myntra,J0041-SET-M,Set,M,1,INR,763,Chennai,600013,IN,FALSE
3456,402-6756559-6183567,6756559,Women,44,09/04/2022,Delivered,Meesho,J0094-KR-M,kurta,M,1,INR,568,New Delhi,110051,IN,FALSE
3457,402-0304755-5373936,304755,Women,28,09/04/2022,Delivered,Flipkart,JNE2294-KR-A-L,kurta,L,1,INR,544,KOTA,324005,IN,FALSE
3458,403-4886502-1517103,4886502,Women,26,09/04/2022,Delivered,Amazon,JNE3566-KR-XXL,kurta,XXL,1,INR,368,VASAI VIRAR,401305,IN,FALSE
3459,402-1261921-3761140,1261921,Women,24,09/04/2022,Delivered,Flipkart,JNE3423-KR-M,kurta,M,1,INR,399,Udaipur,313001,IN,FALSE
3460,402-6328388-8682763,6328388,Men,21,09/04/2022,Delivered,Nalli,J0157-DR-XXXL,Western Dress,3XL,1,INR,588,Chennai,600095,IN,FALSE
3461,407-9644261-9137143,9644261,Men,45,09/04/2022,Delivered,Amazon,SET275-KR-NP-L,Set,L,1,INR,659,LATUR,413512,IN,FALSE
3462,404-2808712-4339520,2808712,Men,37,09/04/2022,Delivered,Amazon,SET344-KR-NP-L,Set,L,1,INR,872,BANGALORE,560042,IN,FALSE
3463,404-2808712-4339520,2808712,Men,49,09/04/2022,Delivered,Myntra,SET227-KR-PP-A-M,Set,M,1,INR,571,GURUGRAM,122001,IN,FALSE
3464,407-3549098-0664317,3549098,Men,57,09/04/2022,Delivered,Amazon,J0341-DR-XXL,Western Dress,XXL,1,INR,842,HYDERABAD,500055,IN,FALSE
3465,406-2773252-9088359,2773252,Women,69,09/04/2022,Delivered,Flipkart,J0002-SKD-M,Set,M,1,INR,1186,Dist Thane,421605,IN,FALSE
3466,402-1701315-4233105,1701315,Women,74,09/04/2022,Cancelled,Flipkart,JNE3421-KR-N-XXL,kurta,XXL,1,INR,399,JHANSI,284002,IN,FALSE
3467,406-7439751-6023544,7439751,Men,53,09/04/2022,Delivered,Myntra,J0003-SET-XXXL,Set,3XL,1,INR,654,LUCKNOW,226001,IN,FALSE
3468,405-6057784-0055553,6057784,Men,33,09/04/2022,Delivered,Amazon,SET397-KR-NP-S,Set,S,1,INR,969,AMRITSAR,143001,IN,FALSE
3469,407-4258701-4255526,4258701,Men,19,09/04/2022,Delivered,Myntra,J0234-SKD-XXXL,Set,3XL,1,INR,1213,Bengaluru,560067,IN,FALSE
3470,407-3450000-4929113,3450000,Men,48,09/04/2022,Delivered,Flipkart,SET341-KR-NP-S,Set,S,1,INR,857,PUNE,411043,IN,FALSE
3471,406-7128503-2837916,7128503,Men,22,09/04/2022,Delivered,Amazon,SET325-KR-NP-M,Set,M,1,INR,666,Pune,411048,IN,FALSE
3472,408-9672722-0570720,9672722,Women,19,09/04/2022,Delivered,Amazon,J0003-SET-M,Set,M,1,INR,646,Kolkata,700056,IN,FALSE
3473,408-5118102-3205925,5118102,Men,38,09/04/2022,Delivered,Flipkart,J0244-SKD-M,Set,M,1,INR,1238,MYSURU,570011,IN,FALSE
3474,403-7853106-3676307,7853106,Men,25,09/04/2022,Delivered,Ajio,J0011-LCD-XXXL,Set,3XL,1,INR,1233,NAVI MUMBAI,400703,IN,FALSE
3475,403-2512276-6163521,2512276,Men,20,09/04/2022,Delivered,Amazon,J0335-DR-XL,Western Dress,XL,1,INR,807,HYDERABAD,500047,IN,FALSE
3476,403-5648982-6346734,5648982,Women,39,09/04/2022,Delivered,Others,SET252-KR-PP-XXXL,Set,3XL,1,INR,730,GIRIDIH,815301,IN,FALSE
3477,406-7089945-0166729,7089945,Men,55,09/04/2022,Delivered,Nalli,SET268-KR-NP-XXL,Set,XXL,1,INR,788,RUSHIKONDA APIIC,530045,IN,FALSE
3478,402-0029195-6309118,29195,Men,37,09/04/2022,Delivered,Amazon,SET269-KR-NP-XXL,Set,XXL,1,INR,824,Tadepalli,522501,IN,FALSE
3479,405-3493067-5829912,3493067,Women,18,09/04/2022,Delivered,Amazon,J0085-TP-S,Top,S,1,INR,346,AHMEDABAD,380013,IN,FALSE
3480,405-6531938-6560311,6531938,Women,38,09/04/2022,Delivered,Myntra,SET144-KR-NP-S,Set,S,1,INR,788,Haldwani,263139,IN,FALSE
3481,405-8185634-9073912,8185634,Men,48,09/04/2022,Delivered,Ajio,SET264-KR-NP-XL,Set,XL,1,INR,824,NEW DELHI,110076,IN,FALSE
3482,171-4851730-1341105,4851730,Women,54,09/04/2022,Delivered,Ajio,J0204-TP-M,Top,M,1,INR,1039,FARIDABAD,121006,IN,FALSE
3483,402-8474641-5363525,8474641,Women,69,09/04/2022,Returned,Ajio,SET363-KR-NP-XL,Set,XL,1,INR,1149,PATNA,800023,IN,FALSE
3484,408-5552767-0690730,5552767,Men,38,09/04/2022,Delivered,Myntra,SET323-KR-NP-XL,Set,XL,1,INR,939,PUNE,411057,IN,FALSE
3485,403-6939132-0585135,6939132,Women,70,09/04/2022,Delivered,Amazon,SET184-KR-PP-XXXL,Set,3XL,1,INR,563,KOLKATA,700075,IN,FALSE
3486,407-8555662-3711539,8555662,Men,48,09/04/2022,Delivered,Others,SET374-KR-NP-L,Set,L,1,INR,597,THANE,400603,IN,FALSE
3487,403-1865669-0877933,1865669,Women,42,09/04/2022,Delivered,Amazon,SET280-KR-PP-S,Set,S,1,INR,790,NAVI MUMBAI,410209,IN,FALSE
3488,405-5836760-6373946,5836760,Women,37,09/04/2022,Delivered,Flipkart,J0096-KR-XL,kurta,XL,1,INR,568,KOLKATA,700103,IN,FALSE
3489,406-3391134-9001137,3391134,Women,76,09/04/2022,Delivered,Myntra,JNE3620-KR-XXXL,kurta,3XL,1,INR,322,NEW DELHI,110092,IN,FALSE
3490,404-8154883-4101109,8154883,Women,47,09/04/2022,Cancelled,Myntra,JNE3764-KR-XL,kurta,XL,1,INR,387,KANNIYAKUMARI DISTRICT,629165,IN,FALSE
3491,406-3775321-0098767,3775321,Women,44,09/04/2022,Refunded,Amazon,SAR017,Saree,Free,1,INR,286,RAJPUR SONARPUR,700150,IN,FALSE
3492,405-0564833-9189130,564833,Women,38,09/04/2022,Delivered,Nalli,MEN5028-KR-L,kurta,L,2,INR,1418,JALGAON,425001,IN,FALSE
3493,403-1308116-9582764,1308116,Women,23,09/04/2022,Delivered,Myntra,SAR011,Saree,Free,1,INR,359,Murwara Katni,483501,IN,FALSE
3494,406-4164834-3065145,4164834,Men,54,09/04/2022,Delivered,Ajio,SET392-KR-NP-L,Set,L,1,INR,799,HYDERABAD,500089,IN,FALSE
3495,171-9768084-2766703,9768084,Men,41,09/04/2022,Delivered,Nalli,J0341-DR-S,Western Dress,S,1,INR,842,BENGALURU,560102,IN,FALSE
3496,171-9768084-2766703,9768084,Men,75,09/04/2022,Delivered,Myntra,J0208-DR-M,Western Dress,M,1,INR,721,BENGALURU,560083,IN,FALSE
3497,171-9391120-5553929,9391120,Women,23,09/04/2022,Delivered,Flipkart,JNE3735-KR-XXXL,kurta,3XL,1,INR,380,GREATER NOIDA,201306,IN,FALSE
3498,405-9694068-8223534,9694068,Women,55,09/04/2022,Delivered,Flipkart,J0088-TP-M,Top,M,1,INR,399,HOWRAH,711103,IN,FALSE
3499,404-7462879-6237136,7462879,Women,48,09/04/2022,Delivered,Flipkart,J0355-KR-XXL,kurta,XXL,1,INR,635,AMROHA,244221,IN,FALSE
3500,402-9173699-2222731,9173699,Women,25,09/04/2022,Delivered,Myntra,J0003-SET-XS,Set,XS,1,INR,655,MUMBAI,400101,IN,FALSE
3501,404-3384826-5839504,3384826,Men,37,09/04/2022,Delivered,Myntra,J0159-DR-XS,Western Dress,XS,1,INR,579,PONDA,403401,IN,FALSE
3502,406-3896482-3449908,3896482,Women,25,09/04/2022,Delivered,Meesho,PJNE3068-KR-4XL,kurta,4XL,1,INR,1043,KARNAL,132001,IN,FALSE
3503,403-4849626-0293117,4849626,Women,31,09/04/2022,Delivered,Myntra,J0003-SET-XXXL,Set,3XL,1,INR,646,KOLHAPUR,416003,IN,FALSE
3504,402-1322865-4169126,1322865,Women,38,09/04/2022,Delivered,Amazon,J0126-SKD-XXL,Set,XXL,1,INR,760,BHILAI,490023,IN,FALSE
3505,403-2493600-4649169,2493600,Men,25,09/04/2022,Delivered,Amazon,SET339-KR-NP-M,Set,M,1,INR,655,PIMPRI CHINCHWAD,411033,IN,FALSE
3506,407-4642738-1585918,4642738,Women,36,09/04/2022,Delivered,Flipkart,J0340-TP-XL,Top,XL,1,INR,649,PATNA,801505,IN,FALSE
3507,404-8226011-3899533,8226011,Women,47,09/04/2022,Delivered,Amazon,MEN5029-KR-L,kurta,L,1,INR,495,REWA,486776,IN,FALSE
3508,408-9176510-8393927,9176510,Women,78,09/04/2022,Delivered,Nalli,JNE3252-KR-XXL,kurta,XXL,1,INR,471,Vijayawada,520003,IN,FALSE
3509,404-5311023-3535518,5311023,Women,45,09/04/2022,Delivered,Myntra,JNE3887-KR-M,kurta,M,1,INR,526,HYDERABAD,500018,IN,FALSE
3510,171-4198015-8075537,4198015,Women,25,09/04/2022,Delivered,Flipkart,J0008-SKD-XS,Set,XS,1,INR,1147,NEW DELHI,110008,IN,FALSE
3511,402-8980339-6813911,8980339,Women,59,09/04/2022,Delivered,Flipkart,JNE3833-KR-XL,kurta,XL,1,INR,521,MUMBAI,400071,IN,FALSE
3512,404-2714979-5587534,2714979,Women,25,09/04/2022,Delivered,Flipkart,JNE3697-KR-L,kurta,L,1,INR,486,GOA VELHA,403402,IN,FALSE
3513,171-6209928-8708349,6209928,Men,60,09/04/2022,Delivered,Amazon,SET397-KR-NP  -M,Set,M,1,INR,979,GURUGRAM,122001,IN,FALSE
3514,406-6646860-9543568,6646860,Women,32,09/04/2022,Delivered,Ajio,JNE3718-KR-XL,kurta,XL,1,INR,468,NAGERCOIL,629004,IN,FALSE
3515,404-3458313-0358715,3458313,Women,48,09/04/2022,Delivered,Nalli,SAR027,Saree,Free,1,INR,319,THANE,400607,IN,FALSE
3516,406-2948153-7332335,2948153,Women,46,09/04/2022,Delivered,Amazon,SET287-KR-NP-XL,Set,XL,1,INR,542,BENGALURU,560100,IN,FALSE
3517,407-6754941-2665152,6754941,Men,31,09/04/2022,Delivered,Amazon,SET393-KR-NP-XXL,Set,XXL,1,INR,1186,RANCHI,834005,IN,FALSE
3518,171-5830574-8729135,5830574,Men,32,09/04/2022,Delivered,Meesho,SET392-KR-NP-XL,Set,XL,1,INR,799,TUMAKURU,572103,IN,FALSE
3519,405-5863966-8817149,5863966,Women,24,09/04/2022,Delivered,Amazon,SET265-KR-NP-XXL,Set,XXL,1,INR,835,BILASPUR,495001,IN,FALSE
3520,408-0758025-0462702,758025,Women,39,09/04/2022,Delivered,Amazon,MEN5019-KR-XL,kurta,XL,1,INR,645,MURWARA KATNI,483501,IN,FALSE
3521,407-7829602-1789156,7829602,Women,25,09/04/2022,Delivered,Ajio,J0301-TP-XS,Top,XS,1,INR,693,CHENNAI,600088,IN,FALSE
3522,405-0173947-2030705,173947,Men,47,09/04/2022,Delivered,Others,SET268-KR-NP-XXL,Set,XXL,1,INR,698,BENGALURU,560037,IN,FALSE
3523,408-9951521-7399501,9951521,Men,37,09/04/2022,Delivered,Amazon,J0339-DR-XXL,Western Dress,XXL,1,INR,776,CHENNAI,600062,IN,FALSE
3524,408-9951521-7399501,9951521,Men,47,09/04/2022,Delivered,Myntra,J0339-DR-M,Western Dress,M,1,INR,825,KAPURTHALA,144601,IN,FALSE
3525,405-8301992-5723541,8301992,Men,40,09/04/2022,Delivered,Amazon,SET183-KR-DH-L,Set,L,1,INR,759,NEW DELHI,110051,IN,FALSE
3526,407-7931815-9084312,7931815,Women,46,09/04/2022,Delivered,Amazon,SAR028,Saree,Free,1,INR,431,DEULGAON RAJA,443204,IN,FALSE
3527,406-3263166-4536337,3263166,Women,23,09/04/2022,Delivered,Flipkart,J0230-SKD-S,Set,S,1,INR,1112,KANPUR,208007,IN,FALSE
3528,408-7239098-7121939,7239098,Women,20,09/04/2022,Delivered,Flipkart,J0013-SKD-XXL,Set,XXL,1,INR,1072,JAMSHEDPUR,831013,IN,FALSE
3529,403-1828550-0563546,1828550,Women,71,09/04/2022,Delivered,Meesho,J0010-LCD-XXL,Set,XXL,1,INR,999,GURUGRAM,122002,IN,FALSE
3530,406-6115937-2143512,6115937,Women,28,09/04/2022,Delivered,Nalli,J0385-KR-XXL,kurta,XXL,1,INR,888,HYDERABAD,502032,IN,FALSE
3531,408-4851241-7989937,4851241,Women,58,09/04/2022,Delivered,Amazon,SET365-KR-NP-M,Set,M,1,INR,1231,HYDERABAD,500062,IN,FALSE
3532,404-3193221-2701128,3193221,Women,24,09/04/2022,Delivered,Flipkart,JNE3405-KR-S,kurta,S,1,INR,399,PORT BLAIR,744101,IN,FALSE
3533,402-9400575-1942751,9400575,Men,39,09/04/2022,Delivered,Flipkart,J0372-SKD-XXXL,Set,3XL,1,INR,1099,Durg,491001,IN,FALSE
3534,404-9457065-3079546,9457065,Women,39,09/04/2022,Delivered,Flipkart,JNE3781-KR-XL,kurta,XL,1,INR,399,BENGALURU,560022,IN,FALSE
3535,402-4927948-0385110,4927948,Women,34,09/04/2022,Delivered,Amazon,JNE3510-KR-M,kurta,M,1,INR,457,BIKANER,334001,IN,FALSE
3536,408-4253502-1005125,4253502,Men,47,09/04/2022,Delivered,Amazon,J0413-DR-XS,Western Dress,XS,1,INR,741,pune,411001,IN,FALSE
3537,403-4195792-0502764,4195792,Women,42,09/04/2022,Delivered,Amazon,MEN5027-KR-XXL,kurta,XXL,1,INR,606,NEW DELHI,110032,IN,FALSE
3538,171-9445739-5565111,9445739,Women,23,09/04/2022,Delivered,Nalli,JNE3781-KR-XL,kurta,XL,1,INR,416,NEW DELHI,110028,IN,FALSE
3539,404-9755534-4142763,9755534,Men,18,09/04/2022,Delivered,Flipkart,J0285-SKD-XXXL,Set,3XL,1,INR,1442,ROBERTSGANJ,231216,IN,FALSE
3540,405-0990816-1418769,990816,Women,47,09/04/2022,Delivered,Meesho,JNE3888-KR-L,kurta,L,1,INR,696,CHENNAI,600033,IN,FALSE
3541,403-4549164-5176359,4549164,Men,52,09/04/2022,Delivered,Flipkart,SET269-KR-NP-L,Set,L,1,INR,799,BENGALURU,560094,IN,FALSE
3542,407-4538187-8718751,4538187,Women,35,09/04/2022,Delivered,Amazon,JNE3708-TU-XXL,Top,XXL,1,INR,690,CHANDIGARH,160022,IN,FALSE
3543,407-4538187-8718751,4538187,Women,48,09/04/2022,Delivered,Myntra,JNE3721-KR-XXL,kurta,XXL,1,INR,322,HYDERABAD,500059,IN,FALSE
3544,408-5929212-3873118,5929212,Women,18,09/04/2022,Delivered,Myntra,JNE3608-KR-L,kurta,L,1,INR,362,BANGALORE,560037,IN,FALSE
3545,408-5929212-3873118,5929212,Women,42,09/04/2022,Delivered,Myntra,JNE3567-KR-M,kurta,M,1,INR,399,TARIKERE,577228,IN,FALSE
3546,404-5697613-4698707,5697613,Women,38,09/04/2022,Delivered,Myntra,JNE3802-KR-XS,kurta,XS,1,INR,459,SAWAI MADHOPUR,322234,IN,FALSE
3547,404-3885554-2357107,3885554,Women,21,09/04/2022,Delivered,Amazon,JNE3405-KR-L,kurta,L,1,INR,399,GURUGRAM,122009,IN,FALSE
3548,403-1552743-3165111,1552743,Women,23,09/04/2022,Delivered,Amazon,JNE3567-KR-XXL,kurta,XXL,1,INR,399,NEW DELHI,110018,IN,FALSE
3549,408-4478444-4461110,4478444,Men,22,09/04/2022,Delivered,Flipkart,SET269-KR-NP-L,Set,L,1,INR,799,MUMBAI,400093,IN,FALSE
3550,406-2685837-4218718,2685837,Men,35,09/04/2022,Delivered,Myntra,JNE3869-DR-XXL,Western Dress,XXL,1,INR,721,BIDHAN NAGAR,700064,IN,FALSE
3551,404-1958822-9974720,1958822,Men,48,09/04/2022,Delivered,Flipkart,SET145-KR-NP-XL,Set,XL,1,INR,764,RANCHI,834003,IN,FALSE
3552,171-9521829-2539561,9521829,Women,38,09/04/2022,Delivered,Amazon,JNE3405-KR-XXL,kurta,XXL,1,INR,399,Guwahati,781028,IN,FALSE
3553,406-2213606-0693918,2213606,Women,34,09/04/2022,Delivered,Amazon,JNE3399-KR-XS,kurta,XS,1,INR,435,THIRUVANANTHAPURAM,695004,IN,FALSE
3554,406-2213606-0693918,2213606,Women,28,09/04/2022,Delivered,Amazon,JNE3784-KR-L,kurta,L,1,INR,496,KOLKATA,700041,IN,FALSE
3555,171-6828968-5168365,6828968,Men,40,09/04/2022,Delivered,Flipkart,J0157-DR-XXL,Western Dress,XXL,1,INR,817,Chennai,600089,IN,FALSE
3556,403-0263279-6109955,263279,Women,30,09/04/2022,Delivered,Myntra,J0209-DR-XXL,Ethnic Dress,XXL,1,INR,721,BENGALURU,560047,IN,FALSE
3557,406-3051977-1188351,3051977,Men,24,09/04/2022,Delivered,Amazon,J0157-DR-XL,Western Dress,XL,1,INR,659,THANE,400607,IN,FALSE
3558,402-5529131-8667543,5529131,Men,45,09/04/2022,Delivered,Amazon,J0158-DR-XXXL,Western Dress,3XL,1,INR,825,GURGAON,122003,IN,FALSE
3559,407-3536385-2325112,3536385,Women,27,09/04/2022,Delivered,Amazon,JNE3405-KR-XS,kurta,XS,1,INR,399,NAVI MUMBAI,400706,IN,FALSE
3560,405-0722447-3243557,722447,Women,46,09/04/2022,Delivered,Ajio,JNE3487-KR-L,kurta,L,1,INR,345,BENGALURU,560067,IN,FALSE
3561,171-3236849-0758762,3236849,Women,49,09/04/2022,Delivered,Flipkart,J0301-TP-L,Top,L,1,INR,693,GUWAHATI,781001,IN,FALSE
3562,406-7036556-4742768,7036556,Women,54,09/04/2022,Delivered,Flipkart,JNE2199-KR-411-A-M,kurta,M,1,INR,394,HYDERABAD,500081,IN,FALSE
3563,405-8151522-2680329,8151522,Women,66,09/04/2022,Returned,Amazon,JNE3405-KR-S,kurta,S,1,INR,399,Tarbha,767016,IN,FALSE
3564,407-5350599-5650719,5350599,Women,39,09/04/2022,Delivered,Myntra,JNE3405-KR-L,kurta,L,1,INR,449,CUNCOLIM,403703,IN,FALSE
3565,171-8590988-8337960,8590988,Women,37,09/04/2022,Delivered,Flipkart,JNE3454-KR-S,kurta,S,1,INR,419,REWA,486001,IN,FALSE
3566,406-1874587-3708352,1874587,Women,41,09/04/2022,Delivered,Amazon,SET278-KR-NP-XXXL,Set,3XL,1,INR,1432,VARANASI,221003,IN,FALSE
3567,408-7354254-2702759,7354254,Women,37,09/04/2022,Cancelled,Amazon,JNE3611-KR-L,kurta,L,1,INR,469,SRIKALAHASTI,517640,IN,FALSE
3568,402-2942054-3552331,2942054,Women,30,09/04/2022,Delivered,Myntra,SAR012,Saree,Free,1,INR,399,SOLAPUR,413006,IN,FALSE
3569,405-8137354-4373928,8137354,Men,18,09/04/2022,Delivered,Myntra,NW005-ST-PJ-S,Set,S,1,INR,579,HOSUR,635109,IN,FALSE
3570,403-5975836-5690738,5975836,Women,44,09/04/2022,Delivered,Amazon,J0230-SKD-S,Set,S,1,INR,999,GUWAHATI,781003,IN,FALSE
3571,403-5975836-5690738,5975836,Men,40,09/04/2022,Delivered,Amazon,SET377-KR-NP-S,Set,S,1,INR,1068,PIMPRI CHINCHWAD,411061,IN,FALSE
3572,404-2293062-3889909,2293062,Women,70,09/04/2022,Delivered,Myntra,JNE3712-TP-N-L,Top,L,1,INR,518,Bidadi,562109,IN,FALSE
3573,408-2983044-0639562,2983044,Women,27,09/04/2022,Delivered,Flipkart,JNE3795-KR-L,kurta,L,1,INR,497,NAMCHI,737126,IN,FALSE
3574,406-4717460-3326723,4717460,Women,28,09/04/2022,Delivered,Meesho,SET131-KR-NP-A-XXL,Set,XXL,1,INR,567,BENGALURU,560037,IN,FALSE
3575,407-5307602-3345137,5307602,Men,33,09/04/2022,Delivered,Flipkart,SET194-KR-NP-M,Set,M,1,INR,616,BHUBANESWAR,751001,IN,FALSE
3576,405-5778969-5353104,5778969,Women,38,09/04/2022,Delivered,Ajio,BL104-M,Blouse,M,1,INR,665,Hyderabad,500063,IN,FALSE
3577,408-4077129-3813912,4077129,Women,22,09/04/2022,Delivered,Flipkart,JNE3567-KR-XL,kurta,XL,1,INR,399,NEW DELHI,110086,IN,FALSE
3578,404-2201425-7962718,2201425,Women,42,09/04/2022,Delivered,Amazon,J0041-SET-S,Set,S,1,INR,660,Vishakapatnam,531021,IN,FALSE
3579,404-2201425-7962718,2201425,Women,70,09/04/2022,Delivered,Meesho,J0354-KR-L,kurta,L,1,INR,597,Edapally,682024,IN,FALSE
3580,402-4474004-8111507,4474004,Men,70,09/04/2022,Delivered,Myntra,J0335-DR-XL,Western Dress,XL,1,INR,1294,Hyderabad,500011,IN,FALSE
3581,406-9960531-4035525,9960531,Women,75,09/04/2022,Delivered,Amazon,J0347-SET-XXXL,Set,3XL,1,INR,599,Hyderabad,500062,IN,FALSE
3582,406-9671224-0071537,9671224,Women,68,09/04/2022,Delivered,Flipkart,JNE3640-TP-N-XL,Top,XL,1,INR,518,HYDERABAD,509325,IN,FALSE
3583,405-7413402-9124301,7413402,Women,26,09/04/2022,Delivered,Flipkart,SET268-KR-NP-L,Set,L,1,INR,698,MUMBAI,400011,IN,FALSE
3584,408-7939726-7453137,7939726,Men,37,09/04/2022,Delivered,Myntra,SET395-KR-NP-XXXL,Set,3XL,1,INR,933,Lucknow,226015,IN,FALSE
3585,408-7520324-1765110,7520324,Women,39,09/04/2022,Delivered,Amazon,JNE3763-KR-XXXL,kurta,3XL,1,INR,432,AHMEDABAD,380015,IN,FALSE
3586,408-7520324-1765110,7520324,Women,39,09/04/2022,Delivered,Nalli,JNE3611-KR-XXL,kurta,XXL,1,INR,459,Ernakulam,683502,IN,FALSE
3587,405-7144488-4156339,7144488,Women,45,09/04/2022,Delivered,Others,SET310-KR-NP-S,Set,S,1,INR,999,BOKARO STEEL CITY,827001,IN,FALSE
3588,405-7144488-4156339,7144488,Men,52,09/04/2022,Delivered,Meesho,J0005-DR-XL,Western Dress,XL,1,INR,899,HYDERABAD,502325,IN,FALSE
3589,404-8797946-4801962,8797946,Women,47,09/04/2022,Delivered,Myntra,JNE3764-KR-XL,kurta,XL,1,INR,487,HYDERABAD,500072,IN,FALSE
3590,171-6220936-3346703,6220936,Men,57,09/04/2022,Delivered,Nalli,SET138-KR-PP-XL,Set,XL,1,INR,737,Ahmedabad,380058,IN,FALSE
3591,406-9539049-4345940,9539049,Women,37,09/04/2022,Delivered,Myntra,SET288-KR-NP-M,Set,M,1,INR,650,DIMAPUR,797112,IN,FALSE
3592,171-9419517-1813132,9419517,Women,39,09/04/2022,Delivered,Amazon,JNE3629-KR-XL,kurta,XL,1,INR,526,QUEPEM,403705,IN,FALSE
3593,171-2324585-4783547,2324585,Women,25,09/04/2022,Delivered,Amazon,JNE3468-KR-S,kurta,S,1,INR,397,PUNE,411057,IN,FALSE
3594,402-2824403-6364357,2824403,Women,30,09/04/2022,Delivered,Amazon,JNE3690-TU-L,Top,L,1,INR,522,MUMBAI,400091,IN,TRUE
3595,404-0023763-9909137,23763,Women,77,09/04/2022,Delivered,Amazon,JNE3405-KR-M,kurta,M,1,INR,399,PIMPRI CHINCHWAD,411027,IN,FALSE
3596,406-8049947-9400349,8049947,Men,31,09/04/2022,Delivered,Myntra,J0341-DR-M,Western Dress,M,1,INR,842,GREATER NOIDA,201310,IN,FALSE
3597,171-8748653-1331543,8748653,Men,22,09/04/2022,Delivered,Flipkart,J0339-DR-XL,Western Dress,XL,1,INR,791,PUNE,411028,IN,FALSE
3598,171-8748653-1331543,8748653,Women,37,09/04/2022,Delivered,Amazon,JNE3697-KR-S,kurta,S,1,INR,486,UDUPI,576104,IN,FALSE
3599,171-8748653-1331543,8748653,Women,34,09/04/2022,Delivered,Myntra,J0124-TP-M,Top,M,1,INR,766,Bengaluru,560013,IN,FALSE
3600,408-6917552-0017910,6917552,Women,62,09/04/2022,Delivered,Amazon,J0095-SET-XXL,Set,XXL,1,INR,647,BENGALURU,560064,IN,FALSE
3601,407-5941774-6077124,5941774,Women,19,09/04/2022,Delivered,Myntra,JNE3405-KR-XL,kurta,XL,1,INR,435,PURI,752014,IN,FALSE
3602,403-2334145-6961100,2334145,Women,58,09/04/2022,Delivered,Flipkart,JNE3405-KR-S,kurta,S,1,INR,399,MAHAD,402301,IN,FALSE
3603,403-1426653-6785103,1426653,Men,21,09/04/2022,Delivered,Flipkart,J0285-SKD-L,Set,L,1,INR,1442,Narnaul,123001,IN,FALSE
3604,403-4179714-4336311,4179714,Men,30,09/04/2022,Delivered,Amazon,SET347-KR-NP-S,Set,S,1,INR,852,KOLKATA,700019,IN,FALSE
3605,403-2150122-8827506,2150122,Men,39,09/04/2022,Delivered,Amazon,JNE3714-KR-XXXL,kurta,3XL,1,INR,487,TUMAKURU,572104,IN,FALSE
3606,405-7915700-5003563,7915700,Men,48,09/04/2022,Delivered,Amazon,SET333-KR-DPT-S,Set,S,1,INR,967,NOIDA,201306,IN,FALSE
3607,407-4940990-2147524,4940990,Men,33,09/04/2022,Delivered,Amazon,JNE3459-KR-XXL,kurta,XXL,1,INR,442,HUBBALLI,580021,IN,FALSE
3608,404-4955919-2381111,4955919,Women,48,09/04/2022,Delivered,Amazon,SET183-KR-DH-M,Set,M,1,INR,730,NAGPUR,440007,IN,FALSE
3609,403-2504309-4716361,2504309,Women,54,09/04/2022,Delivered,Amazon,SET187-KR-DH-XS,Set,XS,1,INR,671,GURUGRAM,122001,IN,FALSE
3610,407-1841065-3669906,1841065,Women,30,09/04/2022,Delivered,Myntra,JNE3405-KR-XXXL,kurta,3XL,1,INR,399,MANGRULPIR,444403,IN,FALSE
3611,403-8397585-1554745,8397585,Women,22,09/04/2022,Delivered,Amazon,JNE3405-KR-XXL,kurta,XXL,1,INR,399,BENGALURU,560032,IN,FALSE
3612,402-3275012-2282721,3275012,Women,49,09/04/2022,Delivered,Myntra,JNE3607-KR-L,kurta,L,1,INR,471,THANE,401107,IN,FALSE
3613,403-3617103-5831507,3617103,Men,23,09/04/2022,Delivered,Amazon,SET187-KR-DH-XS,Set,XS,1,INR,671,DARIBA,313211,IN,FALSE
3614,402-0633372-7757160,633372,Men,22,09/04/2022,Delivered,Amazon,SET363-KR-NP-XL,Set,XL,1,INR,1257,BHUBANESWAR,751020,IN,FALSE
3615,406-1569758-7418768,1569758,Men,48,09/04/2022,Delivered,Amazon,SET343-KR-NP-XXXL,Set,3XL,1,INR,850,LUCKNOW,226010,IN,FALSE
3616,407-4654844-2090752,4654844,Women,62,09/04/2022,Delivered,Ajio,J0230-SKD-XL,Set,XL,1,INR,969,BENGALURU,560102,IN,FALSE
3617,406-3514336-9093963,3514336,Women,38,09/04/2022,Delivered,Amazon,JNE3751-KR-L,kurta,L,1,INR,385,ALLAHABAD,211012,IN,FALSE
3618,407-8823262-6691567,8823262,Women,48,09/04/2022,Delivered,Flipkart,JNE3439-KR-XL,kurta,XL,1,INR,379,NEW DELHI,110019,IN,FALSE
3619,405-4013339-2459568,4013339,Women,66,09/04/2022,Delivered,Flipkart,JNE3697-KR-XL,kurta,XL,1,INR,486,KHAMMAM,507002,IN,FALSE
3620,407-1225634-6205160,1225634,Women,42,09/04/2022,Delivered,Amazon,PJNE2171-KR-N-6XL,kurta,6XL,1,INR,1099,HYDERABAD,500081,IN,FALSE
3621,402-5901282-1629106,5901282,Women,38,09/04/2022,Delivered,Myntra,JNE3479-KR-L,kurta,L,1,INR,301,NEW DELHI,110091,IN,FALSE
3622,403-7637999-1814729,7637999,Women,51,09/04/2022,Delivered,Myntra,JNE3648-TP-N-L,Top,L,1,INR,729,VARANASI,221001,IN,FALSE
3623,403-7637999-1814729,7637999,Women,32,09/04/2022,Delivered,Myntra,JNE3368-KR-XL,kurta,XL,1,INR,449,TIRUNELVELI,627004,IN,FALSE
3624,403-7637999-1814729,7637999,Women,78,09/04/2022,Delivered,Amazon,JNE2100-KR-144-M,kurta,M,1,INR,357,MUMBAI,400068,IN,FALSE
3625,405-4735885-4409147,4735885,Women,30,09/04/2022,Delivered,Myntra,MEN5007-KR-M,kurta,M,1,INR,606,NORTH GUWAHATI,781039,IN,FALSE
3626,405-5022307-7805147,5022307,Women,24,09/04/2022,Delivered,Amazon,MEN5009-KR-L,kurta,L,1,INR,499,NEW DELHI,110015,IN,FALSE
3627,403-4919550-7976358,4919550,Women,27,09/04/2022,Delivered,Myntra,SET269-KR-NP-L,Set,L,1,INR,799,UNNAO,209801,IN,FALSE
3628,408-9545155-9389952,9545155,Women,51,09/04/2022,Delivered,Others,SAR019,Saree,Free,1,INR,563,Ahmedabad,380058,IN,FALSE
3629,408-9545155-9389952,9545155,Men,42,09/04/2022,Delivered,Flipkart,SET304-KR-DPT-L,Set,L,1,INR,1186,Bhubaneswar,751022,IN,FALSE
3630,406-1320023-6082720,1320023,Women,21,09/04/2022,Delivered,Amazon,J0349-SET-XL,Set,XL,1,INR,888,New Delhi,110019,IN,FALSE
3631,406-1320023-6082720,1320023,Women,39,09/04/2022,Delivered,Amazon,J0092-SET-XL,Set,XL,1,INR,999,NEW DELHI,110048,IN,FALSE
3632,402-9614651-1965111,9614651,Women,45,09/04/2022,Delivered,Flipkart,SET098-KR-PP-S,Set,S,1,INR,696,DEHRADUN,248001,IN,FALSE
3633,402-7900228-3486767,7900228,Men,71,09/04/2022,Delivered,Myntra,J0285-SKD-XXL,Set,XXL,1,INR,1442,MUMBAI,400068,IN,FALSE
3634,171-4927242-2245152,4927242,Men,45,09/04/2022,Delivered,Myntra,J0005-DR-XL,Western Dress,XL,1,INR,899,Puducherry,605001,IN,FALSE
3635,403-6556323-0048335,6556323,Men,42,09/04/2022,Delivered,Amazon,NW012-TP-PJ-L,Set,L,1,INR,521,VASCO DA GAMA,403801,IN,FALSE
3636,404-6101195-5000302,6101195,Men,46,09/04/2022,Delivered,Amazon,SET278-KR-NP-M,Set,M,1,INR,1450,GUNTUR,522006,IN,FALSE
3637,404-0376090-7149962,376090,Women,46,09/04/2022,Delivered,Others,SET375-KR-NP-M,Set,M,1,INR,664,DHANBAD,826005,IN,FALSE
3638,404-0376090-7149962,376090,Women,43,09/04/2022,Delivered,Amazon,SET364-KR-NP-XS,Set,XS,1,INR,1126,BENGALURU,560052,IN,FALSE
3639,406-1866316-0143550,1866316,Women,68,09/04/2022,Delivered,Myntra,SAR018,Saree,Free,1,INR,458,BENGALURU,560077,IN,FALSE
3640,408-0715040-5075537,715040,Men,53,09/04/2022,Delivered,Myntra,JNE3797-KR-XXL,Western Dress,XXL,1,INR,725,MUMBAI,400091,IN,FALSE
3641,402-6210318-9893950,6210318,Men,20,09/04/2022,Delivered,Amazon,SET187-KR-DH-L,Set,L,1,INR,671,LUCKNOW,226018,IN,FALSE
3642,407-3614864-6796304,3614864,Women,52,09/04/2022,Delivered,Flipkart,J0230-SKD-L,Set,L,1,INR,1111,RAJKOT,360001,IN,FALSE
3643,171-2513441-8744316,2513441,Women,23,09/04/2022,Delivered,Myntra,J0002-SKD-M,Set,M,1,INR,1125,MEDINIPUR,721101,IN,FALSE
3644,406-4453736-8000301,4453736,Men,36,09/04/2022,Delivered,Myntra,J0341-DR-XS,Western Dress,XS,1,INR,743,HYDERABAD,500084,IN,FALSE
3645,404-2500017-1865100,2500017,Women,34,09/04/2022,Delivered,Flipkart,SET257-KR-PP-M,Set,M,1,INR,563,SOUTH DELHI,110017,IN,FALSE
3646,404-2500017-1865100,2500017,Women,30,09/04/2022,Delivered,Amazon,SET264-KR-NP-L,Set,L,1,INR,824,Bangalore,560011,IN,FALSE
3647,408-9497011-2562738,9497011,Women,66,09/04/2022,Delivered,Myntra,BL104-XXL,Blouse,XXL,1,INR,625,BELAGAVI,590019,IN,FALSE
3648,171-4007955-4924320,4007955,Women,30,09/04/2022,Returned,Amazon,JNE3560-KR-XL,kurta,XL,1,INR,544,MUMBAI,400037,IN,FALSE
3649,405-9558298-6609948,9558298,Women,23,09/04/2022,Delivered,Flipkart,JNE3697-KR-XXL,kurta,XXL,1,INR,486,PALUVAI,680104,IN,FALSE
3650,405-9574902-0231501,9574902,Women,52,09/04/2022,Delivered,Amazon,SET397-KR-NP-S,Set,S,1,INR,979,calicut,673005,IN,FALSE
3651,408-8607263-3176347,8607263,Women,45,09/04/2022,Delivered,Myntra,J0337-TP-L,Top,L,1,INR,499,AJMER,305004,IN,FALSE
3652,406-9357355-7488351,9357355,Women,42,09/04/2022,Delivered,Nalli,SET324-KR-NP-M,Set,M,1,INR,597,BENGALURU,560097,IN,FALSE
3653,403-5624099-1733957,5624099,Women,26,09/04/2022,Delivered,Myntra,JNE3645-TP-N-XXL,Top,XXL,1,INR,663,delhi,110019,IN,FALSE
3654,403-9634189-1711548,9634189,Men,51,09/04/2022,Delivered,Amazon,SET310-KR-NP-S,Set,S,1,INR,999,JAIPUR,302027,IN,FALSE
3655,402-3467808-5018715,3467808,Women,78,09/04/2022,Delivered,Ajio,JNE3892-TP-XL,Top,XL,1,INR,648,navi mumbai,400706,IN,FALSE
3656,403-6007893-7245962,6007893,Women,69,09/04/2022,Delivered,Meesho,SET277-KR-NP-M,Set,M,1,INR,1268,KANPUR,208021,IN,FALSE
3657,404-8993307-8459558,8993307,Women,40,09/04/2022,Delivered,Amazon,J0354-KR-L,kurta,L,1,INR,635,HYDERABAD,500084,IN,FALSE
3658,407-4074985-1015549,4074985,Women,66,09/04/2022,Delivered,Flipkart,SAR002,Saree,Free,1,INR,475,YAVATMAL,445001,IN,FALSE
3659,404-0602053-3649164,602053,Women,28,09/04/2022,Delivered,Meesho,J0281-SKD-XL,Set,XL,1,INR,1389,MUMBAI,400057,IN,FALSE
3660,171-4721813-9585149,4721813,Women,62,09/04/2022,Delivered,Myntra,JNE3405-KR-S,kurta,S,1,INR,399,PIMPRI CHINCHWAD,411044,IN,FALSE
3661,407-5244690-2994708,5244690,Men,48,09/04/2022,Delivered,Amazon,J0339-DR-L,Western Dress,L,1,INR,743,GURUGRAM,122018,IN,FALSE
3662,405-7196763-3580348,7196763,Women,43,08/04/2022,Delivered,Myntra,SAR030,Saree,Free,1,INR,759,BHIWADI,301019,IN,FALSE
3663,404-6421240-2371561,6421240,Men,30,08/04/2022,Delivered,Flipkart,NW012-TP-PJ-XXXL,Set,3XL,1,INR,521,VISAKHAPATNAM,530026,IN,FALSE
3664,406-5518146-0288324,5518146,Men,63,08/04/2022,Delivered,Flipkart,J0380-SKD-XXL,Set,XXL,1,INR,1438,CHALAKUDY,680307,IN,FALSE
3665,406-1202691-0105963,1202691,Men,42,08/04/2022,Delivered,Myntra,SET324-KR-NP-M,Set,M,1,INR,597,GUNTUR,522236,IN,FALSE
3666,406-2772588-1148340,2772588,Women,28,08/04/2022,Delivered,Myntra,J0330-KR-XXXL,kurta,3XL,1,INR,575,BOLPUR,731204,IN,FALSE
3667,405-7502465-8759555,7502465,Women,72,08/04/2022,Delivered,Flipkart,MEN5009-KR-XXXL,kurta,3XL,1,INR,688,CHENNAI,600061,IN,FALSE
3668,405-7502465-8759555,7502465,Women,28,08/04/2022,Delivered,Ajio,MEN5011-KR-XL,kurta,XL,1,INR,495,THIRUVANANTHAPURAM,695006,IN,FALSE
3669,405-5244335-5963564,5244335,Women,31,08/04/2022,Delivered,Amazon,MEN5023-KR-M,kurta,M,1,INR,549,BAGGAR,333023,IN,FALSE
3670,406-3682109-2949967,3682109,Women,72,08/04/2022,Delivered,Amazon,J0126-SKD-M,Set,M,1,INR,783,JHAJJAR,124103,IN,FALSE
3671,407-1561113-5272338,1561113,Women,71,08/04/2022,Delivered,Flipkart,PJNE2014-KR-N-5XL,kurta,5XL,1,INR,760,NEW DELHI,110013,IN,FALSE
3672,407-3302483-6096324,3302483,Men,25,08/04/2022,Delivered,Myntra,JNE3798-KR-L,Western Dress,L,1,INR,735,mysore,570009,IN,FALSE
3673,408-4601620-5195556,4601620,Women,28,08/04/2022,Cancelled,Flipkart,SAR007,Saree,Free,1,INR,654,BHOPAL,462026,IN,FALSE
3674,405-9070968-0540367,9070968,Men,36,08/04/2022,Delivered,Amazon,J0249-SKD-XXL,Set,XXL,1,INR,939,KOLKATA,700008,IN,FALSE
3675,406-9139770-9139532,9139770,Women,75,08/04/2022,Delivered,Meesho,J0301-TP-XL,Top,XL,1,INR,693,NEW DELHI,110024,IN,FALSE
3676,406-8981392-8671510,8981392,Women,19,08/04/2022,Delivered,Myntra,SET350-KR-NP-S,Set,S,1,INR,1122,NEW DELHI,110067,IN,FALSE
3677,406-1627738-7234750,1627738,Women,27,08/04/2022,Delivered,Myntra,JNE3794-KR-XXL,kurta,XXL,1,INR,499,MUMBAI,400037,IN,FALSE
3678,402-3170507-3220304,3170507,Men,28,08/04/2022,Returned,Flipkart,JNE3797-KR-M,Western Dress,M,1,INR,771,MALAPPURAM,673641,IN,FALSE
3679,404-6039392-4841952,6039392,Women,43,08/04/2022,Delivered,Myntra,SAR011,Saree,Free,1,INR,1388,VISHRAMPUR,497229,IN,FALSE
3680,406-9242629-9752300,9242629,Women,21,08/04/2022,Delivered,Flipkart,SET393-KR-NP-XXL,Set,XXL,1,INR,955,GHAZIABAD,201012,IN,FALSE
3681,171-5006356-6467529,5006356,Men,29,08/04/2022,Delivered,Amazon,J0005-DR-XS,Western Dress,XS,1,INR,899,CHENNAI,600100,IN,FALSE
3682,407-8381127-5985146,8381127,Men,43,08/04/2022,Delivered,Myntra,J0349-SET-L,Set,L,1,INR,852,BENGALURU,560076,IN,FALSE
3683,408-0977653-4160340,977653,Women,49,08/04/2022,Delivered,Amazon,JNE3567-KR-S,kurta,S,1,INR,399,NORTH GUWAHATI,781030,IN,FALSE
3684,406-5746474-6466755,5746474,Women,23,08/04/2022,Delivered,Amazon,MEN5009-KR-L,kurta,L,1,INR,499,ERNAKULAM,682304,IN,FALSE
3685,406-5746474-6466755,5746474,Women,55,08/04/2022,Delivered,Amazon,MEN5024-KR-L,kurta,L,1,INR,475,KOLKATA,700052,IN,FALSE
3686,406-2276795-8702769,2276795,Women,38,08/04/2022,Delivered,Flipkart,MEN5011-KR-L,kurta,L,1,INR,484,BENGALURU,560028,IN,FALSE
3687,406-2276795-8702769,2276795,Women,24,08/04/2022,Delivered,Meesho,MEN5022-KR-XXXL,kurta,3XL,1,INR,530,KOLKATA,700031,IN,FALSE
3688,407-3355648-7536315,3355648,Women,45,08/04/2022,Delivered,Others,MEN5010-KR-XXL,kurta,XXL,1,INR,462,THANE West,400615,IN,FALSE
3689,405-1490816-2253127,1490816,Women,29,08/04/2022,Delivered,Amazon,J0003-SET-M,Set,M,1,INR,646,Ghaziabad,201013,IN,FALSE
3690,407-8826493-0773128,8826493,Women,60,08/04/2022,Delivered,Flipkart,JNE3784-KR-M,kurta,M,1,INR,458,PUNE,411005,IN,FALSE
3691,406-6801416-1383555,6801416,Men,35,08/04/2022,Delivered,Nalli,J0341-DR-M,Western Dress,M,1,INR,842,Chennai,603103,IN,FALSE
3692,408-2771556-9711543,2771556,Men,32,08/04/2022,Delivered,Flipkart,SET182-KR-DH-L,Set,L,1,INR,699,NEW DELHI,110062,IN,FALSE
3693,406-0334585-8229955,334585,Women,21,08/04/2022,Cancelled,Amazon,J0304-TP-XXL,Top,XXL,1,INR,297,THANE,400615,IN,FALSE
3694,406-0334585-8229955,334585,Women,36,08/04/2022,Delivered,Amazon,JNE3420-KR-XXL,kurta,XXL,1,INR,299,NAVI MUMBAI,410218,IN,FALSE
3695,402-7172380-9555535,7172380,Men,45,08/04/2022,Delivered,Amazon,JNE3797-KR-XXXL,Western Dress,3XL,1,INR,735,PORT BLAIR,744101,IN,FALSE
3696,402-2805727-5840332,2805727,Women,46,08/04/2022,Delivered,Flipkart,J0209-DR-L,Ethnic Dress,L,1,INR,885,HYDERABAD,500010,IN,FALSE
3697,404-2808548-2443531,2808548,Women,69,08/04/2022,Delivered,Amazon,JNE3461-KR-M,kurta,M,1,INR,399,BIKANER,334001,IN,FALSE
3698,404-6232650-5839561,6232650,Women,25,08/04/2022,Delivered,Amazon,JNE3864-TU-XXXL,Top,3XL,1,INR,599,JAMSHEDPURJamshedpur,831004,IN,FALSE
3699,408-1681304-3456330,1681304,Women,40,08/04/2022,Delivered,Myntra,JNE3686-TU-XXXL,Top,3XL,1,INR,432,BENGALURU,560076,IN,FALSE
3700,408-4754858-9801139,4754858,Women,21,08/04/2022,Delivered,Ajio,J0294-TP-XL,Top,XL,1,INR,396,JAMSHEDPUR,831004,IN,FALSE
3701,406-4033046-2786767,4033046,Women,25,08/04/2022,Delivered,Others,JNE3568-KR-XL,kurta,XL,1,INR,399,DEWAS,455001,IN,FALSE
3702,402-2265751-9449948,2265751,Women,30,08/04/2022,Delivered,Amazon,SET252-KR-PP-M,Set,M,1,INR,759,ZIRAKPUR,140603,IN,FALSE
3703,402-3492334-1641123,3492334,Men,39,08/04/2022,Delivered,Amazon,SET130-KR-NP-M,Set,M,1,INR,547,HYDERABAD,500090,IN,FALSE
3704,405-0899159-7935501,899159,Women,36,08/04/2022,Delivered,Amazon,SAR019,Saree,Free,1,INR,969,UTTARKASHI,249151,IN,FALSE
3705,402-9413331-5598743,9413331,Women,41,08/04/2022,Delivered,Amazon,JNE3708-TU-XS,Top,XS,1,INR,749,RAJKOT,360004,IN,FALSE
3706,171-6020342-8276362,6020342,Men,41,08/04/2022,Delivered,Amazon,SET224-KR-NP-XXXL,Set,3XL,1,INR,1098,CHENNAI,600031,IN,FALSE
3707,407-4109858-0923563,4109858,Women,21,08/04/2022,Delivered,Amazon,JNE3801-KR-XXXL,kurta,3XL,1,INR,735,ALWAR,301001,IN,FALSE
3708,403-8125012-8248336,8125012,Men,46,08/04/2022,Delivered,Ajio,SET187-KR-DH-XL,Set,XL,1,INR,599,THANE,401107,IN,FALSE
3709,402-9076865-5226726,9076865,Women,46,08/04/2022,Delivered,Myntra,JNE3291-KR-XL,kurta,XL,1,INR,442,BALLY,711201,IN,FALSE
3710,406-4660135-6137139,4660135,Women,40,08/04/2022,Delivered,Myntra,JNE3741-KR-L,kurta,L,1,INR,459,HYDERABAD,500085,IN,FALSE
3711,406-1451016-4933926,1451016,Women,40,08/04/2022,Delivered,Ajio,J0003-SET-L,Set,L,1,INR,696,KANPUR,208021,IN,FALSE
3712,403-0494374-8246754,494374,Women,32,08/04/2022,Delivered,Amazon,SAR001,Saree,Free,1,INR,417,Sullia,574239,IN,FALSE
3713,407-9020072-9969941,9020072,Women,35,08/04/2022,Delivered,Ajio,JNE3697-KR-XXL,kurta,XXL,1,INR,486,BHILAI,490023,IN,FALSE
3714,405-3797530-3926717,3797530,Women,28,08/04/2022,Delivered,Myntra,JNE3471-KR-S,kurta,S,1,INR,295,MUMBAI,400086,IN,FALSE
3715,407-7939003-9558763,7939003,Men,35,08/04/2022,Delivered,Flipkart,JNE3869-DR-XXL,Western Dress,XXL,1,INR,688,GREATER NOIDA,201310,IN,FALSE
3716,407-6232269-3897160,6232269,Women,30,08/04/2022,Delivered,Ajio,JNE3423-KR-S,kurta,S,1,INR,379,BENGALURU,560097,IN,FALSE
3717,407-6232269-3897160,6232269,Women,35,08/04/2022,Cancelled,Flipkart,JNE3405-KR-XXL,kurta,XXL,1,INR,399,KALADHUNGI,263139,IN,FALSE
3718,408-9088917-8495515,9088917,Women,53,08/04/2022,Delivered,Flipkart,J0310-TP-L,Top,L,1,INR,339,KRISHNARAJPET,571426,IN,FALSE
3719,171-5457311-4405129,5457311,Women,23,08/04/2022,Delivered,Myntra,SET364-KR-NP-XL,Set,XL,1,INR,1126,GORAKHPUR,273010,IN,FALSE
3720,171-9340077-5997103,9340077,Women,18,08/04/2022,Delivered,Amazon,JNE3261-KR-XXL,kurta,XXL,1,INR,382,NIZAMABAD,503001,IN,FALSE
3721,171-9208731-5079523,9208731,Women,31,08/04/2022,Delivered,Myntra,SAR002,Saree,Free,1,INR,424,THENI ALLINAGARAM,625531,IN,FALSE
3722,406-5459232-3841914,5459232,Women,41,08/04/2022,Delivered,Amazon,SET333-KR-DPT-L,Set,L,1,INR,967,BENGALURU,560092,IN,FALSE
3723,406-9661588-7523541,9661588,Men,30,08/04/2022,Delivered,Amazon,JNE3869-DR-S,Western Dress,S,1,INR,688,VISAKHAPATNAM,530044,IN,FALSE
3724,404-0046437-5785156,46437,Men,40,08/04/2022,Delivered,Amazon,JNE3797-KR-L,Western Dress,L,1,INR,715,BENGALURU,560066,IN,FALSE
3725,402-5490899-5381936,5490899,Women,25,08/04/2022,Delivered,Amazon,J0008-SKD-S,Set,S,1,INR,1075,HYDERABAD,500079,IN,FALSE
3726,171-0414077-7309137,414077,Women,31,08/04/2022,Delivered,Nalli,SET388-KR-NP-XXXL,Set,3XL,1,INR,1499,HYDERABAD,502032,IN,FALSE
3727,406-8190236-8071503,8190236,Men,52,08/04/2022,Delivered,Others,SET358-KR-NP-S,Set,S,1,INR,1398,NADBAI,321602,IN,FALSE
3728,407-6763287-6851536,6763287,Women,57,08/04/2022,Delivered,Myntra,J0349-SET-M,Set,M,1,INR,852,GHAZIABAD,201009,IN,FALSE
3729,171-6964496-9110706,6964496,Men,39,08/04/2022,Delivered,Myntra,SAR007,Saree,Free,1,INR,788,GURUGRAM,122018,IN,FALSE
3730,405-5498696-6539500,5498696,Men,35,08/04/2022,Delivered,Amazon,J0344-TP-M,Top,M,1,INR,758,HYDERABAD,500019,IN,FALSE
3731,403-6840613-6105953,6840613,Men,36,08/04/2022,Delivered,Myntra,SET324-KR-NP-L,Set,L,1,INR,597,THANE,400603,IN,FALSE
3732,403-6840613-6105953,6840613,Men,59,08/04/2022,Delivered,Myntra,J0010-LCD-S,Set,S,1,INR,939,Bangalore,560077,IN,FALSE
3733,171-5212197-0687507,5212197,Men,37,08/04/2022,Delivered,Amazon,SAR016,Saree,Free,1,INR,597,SEONI,480661,IN,FALSE
3734,405-7819495-2012356,7819495,Men,40,08/04/2022,Delivered,Amazon,JNE3423-KR-L,kurta,L,1,INR,399,PUNE,411038,IN,FALSE
3735,407-5056329-8269964,5056329,Men,20,08/04/2022,Delivered,Myntra,JNE3160-KR-G-M,kurta,M,1,INR,729,BENGALURU,560100,IN,FALSE
3736,406-8842408-4574767,8842408,Women,39,08/04/2022,Delivered,Flipkart,JNE3643-TP-N-XL,Top,XL,1,INR,259,PIMPRI CHINCHWAD,412105,IN,FALSE
3737,403-3436884-2092306,3436884,Women,44,08/04/2022,Delivered,Myntra,SET388-KR-NP-XS,Set,XS,1,INR,1299,BENGALURU,560076,IN,FALSE
3738,171-4841147-7138736,4841147,Women,73,08/04/2022,Delivered,Amazon,MEN5012-KR-XXXL,kurta,3XL,1,INR,499,Faridabad,121004,IN,FALSE
3739,405-3531176-2420307,3531176,Men,29,08/04/2022,Delivered,Amazon,SET197-KR-NP-M,Set,M,4,INR,3036,LUCKNOW,226002,IN,FALSE
3740,405-4461910-7450733,4461910,Men,43,08/04/2022,Delivered,Amazon,J0379-SKD-XL,Set,XL,1,INR,1369,BHUBANESWAR,751020,IN,FALSE
3741,405-6980026-7441103,6980026,Men,76,08/04/2022,Delivered,Meesho,SET340-KR-NP-XS,Set,XS,1,INR,799,CHENNAI,600057,IN,FALSE
3742,171-2618311-5781103,2618311,Men,22,08/04/2022,Delivered,Amazon,J0382-SKD-L,Set,L,1,INR,1173,Payyanur,670307,IN,FALSE
3743,403-7426930-8328332,7426930,Men,47,08/04/2022,Delivered,Flipkart,SET233-KR-PP-M,Set,M,1,INR,529,AJMER,305001,IN,FALSE
3744,402-4695528-6567511,4695528,Men,72,08/04/2022,Delivered,Others,SET110-KR-PP-XXXL,Set,3XL,1,INR,837,LAKHIMPUR Kheri,262701,IN,FALSE
3745,408-4520378-5241151,4520378,Women,34,08/04/2022,Returned,Amazon,SAR027,Saree,Free,1,INR,1432,AKIVIDU,534235,IN,FALSE
3746,403-9534839-4309121,9534839,Women,26,08/04/2022,Delivered,Amazon,JNE3720-KR-XXXL,kurta,3XL,1,INR,517,SOLAPUR,413002,IN,FALSE
3747,406-8237581-9021969,8237581,Women,58,08/04/2022,Delivered,Nalli,J0301-TP-XL,Top,XL,1,INR,497,NAGAON,782003,IN,FALSE
3748,402-1271149-4753128,1271149,Women,55,08/04/2022,Delivered,Nalli,JNE3608-KR-XL,kurta,XL,1,INR,345,THIRUVANANTHAPURAM,695012,IN,FALSE
3749,408-5032952-5365914,5032952,Women,72,08/04/2022,Delivered,Myntra,SAR007,Saree,Free,1,INR,688,MUMBAI,400053,IN,FALSE
3750,171-0943680-6086734,943680,Men,62,08/04/2022,Delivered,Myntra,BTM043-PP-S,Bottom,S,1,INR,377,HYDERABAD,500032,IN,FALSE
3751,171-5850823-0898765,5850823,Women,28,08/04/2022,Delivered,Flipkart,J0095-SET-L,Set,L,1,INR,634,Sohna,122103,IN,FALSE
3752,408-6119736-2291549,6119736,Women,25,08/04/2022,Delivered,Myntra,JNE3476-KR-S,kurta,S,1,INR,399,Bidar,585403,IN,FALSE
3753,171-4644155-4840340,4644155,Women,18,08/04/2022,Delivered,Nalli,SET110-KR-PP-XS,Set,XS,1,INR,788,PALAKKAD,678731,IN,TRUE
3754,407-7790535-6557105,7790535,Women,35,08/04/2022,Delivered,Nalli,JNE3405-KR-L,kurta,L,1,INR,399,RANCHI,834001,IN,FALSE
3755,171-9756562-5605125,9756562,Women,42,08/04/2022,Delivered,Ajio,BL086-L,Blouse,L,1,INR,788,HOSHANGABAD,461001,IN,FALSE
3756,406-4296778-4176322,4296778,Men,62,08/04/2022,Delivered,Amazon,SET233-KR-PP-XXL,Set,XXL,1,INR,545,UDAIPUR,313002,IN,FALSE
3757,407-4132467-8448314,4132467,Women,67,08/04/2022,Delivered,Amazon,JNE3613-KR-XXL,kurta,XXL,1,INR,405,GUNTUR,522004,IN,FALSE
3758,405-3328128-1559533,3328128,Women,30,08/04/2022,Returned,Others,J0382-SKD-M,Set,M,1,INR,1268,BENGALURU,560078,IN,FALSE
3759,171-6119140-3025952,6119140,Women,22,08/04/2022,Delivered,Amazon,JNE2291-KR-602-S,kurta,S,1,INR,376,HYDERABAD,502032,IN,FALSE
3760,403-6011731-0916369,6011731,Men,38,08/04/2022,Delivered,Flipkart,SET098-KR-PP-M,Set,M,1,INR,696,GURUGRAM,122022,IN,FALSE
3761,403-6011731-0916369,6011731,Men,37,08/04/2022,Delivered,Amazon,SET156-KR-NP-XL,Set,XL,1,INR,680,New Delhi,110026,IN,FALSE
3762,404-1998983-8727519,1998983,Women,38,08/04/2022,Delivered,Amazon,JNE3756-KR-XL,kurta,XL,1,INR,487,Pune,411036,IN,FALSE
3763,407-8839580-5100350,8839580,Men,36,08/04/2022,Delivered,Others,SET110-KR-PP-XS,Set,XS,1,INR,788,MUMBAI,400068,IN,FALSE
3764,405-9006096-6970729,9006096,Women,43,08/04/2022,Delivered,Myntra,J0119-TP-XL,Top,XL,1,INR,540,MUMBAI,400053,IN,FALSE
3765,405-7243285-7805954,7243285,Women,44,08/04/2022,Delivered,Amazon,MEN5032-KR-L,kurta,L,1,INR,562,GURUGRAM,122001,IN,FALSE
3766,404-4649070-7598704,4649070,Women,40,08/04/2022,Delivered,Meesho,JNE3757-KR-XXL,kurta,XXL,1,INR,487,Vadodara,390022,IN,FALSE
3767,403-7400694-6205165,7400694,Women,52,08/04/2022,Delivered,Flipkart,JNE3866-KR-XL,kurta,XL,1,INR,753,HYDERABAD,500082,IN,FALSE
3768,405-4332662-7669124,4332662,Women,37,08/04/2022,Delivered,Amazon,J0148-SET-XS,Set,XS,1,INR,599,KHAMMAM,507204,IN,FALSE
3769,408-3201065-4211512,3201065,Men,60,08/04/2022,Delivered,Meesho,SET254-KR-NP-M,Set,M,1,INR,886,RAIPUR,492009,IN,FALSE
3770,406-0909215-6136334,909215,Women,29,08/04/2022,Delivered,Myntra,J0344-TP-XL,Top,XL,1,INR,574,NEW DELHI,110002,IN,FALSE
3771,402-7938083-3589100,7938083,Women,27,08/04/2022,Delivered,Flipkart,PJ0096-KR-N-6XL,kurta,6XL,1,INR,696,KOLKATA,700047,IN,FALSE
3772,171-8029613-8892354,8029613,Women,33,08/04/2022,Delivered,Myntra,SET397-KR-NP  -M,Set,M,1,INR,1186,GHAZIABAD,201003,IN,FALSE
3773,171-4485250-8749136,4485250,Women,41,08/04/2022,Delivered,Ajio,J0212-DR-M,Ethnic Dress,M,1,INR,791,BENGALURU,560066,IN,FALSE
3774,407-2937902-3044362,2937902,Women,34,08/04/2022,Delivered,Amazon,JNE1951-KR-155-XXL,kurta,XXL,1,INR,368,KARKAL,574104,IN,FALSE
3775,405-6411172-9069918,6411172,Women,28,08/04/2022,Delivered,Ajio,J0013-SKD-M,Set,M,1,INR,1008,NAHAN,173001,IN,FALSE
3776,404-8224743-1689926,8224743,Women,18,08/04/2022,Delivered,Myntra,J0381-SKD-L,Set,L,1,INR,1324,BENGALURU,560035,IN,FALSE
3777,407-2403655-3307557,2403655,Women,21,08/04/2022,Delivered,Myntra,MEN5015-KR-M,kurta,M,1,INR,475,ANAND,388001,IN,FALSE
3778,407-3757482-4885131,3757482,Women,37,08/04/2022,Delivered,Amazon,J0328-KR-XXL,kurta,XXL,1,INR,927,LUCKNOW,226021,IN,FALSE
3779,407-0455617-6228319,455617,Women,56,08/04/2022,Delivered,Myntra,JNE3467-KR-S,kurta,S,1,INR,345,CHENNAI,600106,IN,FALSE
3780,407-0455617-6228319,455617,Men,72,08/04/2022,Delivered,Amazon,JNE3797-KR-A-M,Western Dress,M,1,INR,771,PUNE,411021,IN,FALSE
3781,171-7401522-7375529,7401522,Women,49,08/04/2022,Delivered,Flipkart,NW003-TP-PJ-XXXL,Set,3XL,1,INR,495,NEW DELHI,110077,IN,FALSE
3782,171-6733778-1091517,6733778,Women,42,08/04/2022,Delivered,Myntra,MEN5017-KR-S,kurta,S,1,INR,736,MADURAI,625002,IN,FALSE
3783,407-1784831-3229911,1784831,Women,74,08/04/2022,Delivered,Amazon,JNE3796-KR-XL,kurta,XL,1,INR,345,Chennai,600017,IN,FALSE
3784,402-5301346-5738725,5301346,Men,47,08/04/2022,Delivered,Amazon,J0005-DR-S,Western Dress,S,1,INR,899,BENGALURU,560025,IN,FALSE
3785,407-5692578-8244317,5692578,Women,41,08/04/2022,Delivered,Flipkart,J0213-TP-L,Top,L,1,INR,599,Ludhiana,141010,IN,FALSE
3786,406-4779651-9889154,4779651,Women,25,08/04/2022,Delivered,Others,JNE3457-KR-M,kurta,M,1,INR,313,VASAI VIRAR,401209,IN,FALSE
3787,406-0851784-5555551,851784,Women,34,08/04/2022,Delivered,Amazon,JNE3449-KR-S,kurta,S,1,INR,301,Varanasi,221002,IN,FALSE
3788,404-1686883-8885139,1686883,Women,32,08/04/2022,Delivered,Amazon,JNE3542-KR-L,kurta,L,1,INR,330,Faridabad,121005,IN,FALSE
3789,405-4664249-0844353,4664249,Men,25,08/04/2022,Delivered,Amazon,J0154-DR-XS,Western Dress,XS,1,INR,366,Quepem,403714,IN,FALSE
3790,408-6472128-3141131,6472128,Women,30,08/04/2022,Delivered,Amazon,SET268-KR-NP-S,Set,S,1,INR,788,MUMBAI,400084,IN,FALSE
3791,406-7763660-6089902,7763660,Women,29,08/04/2022,Returned,Flipkart,SAR021,Saree,Free,1,INR,399,Secunderabad,500026,IN,FALSE
3792,407-2751376-6857158,2751376,Women,34,08/04/2022,Delivered,Amazon,J0340-TP-L,Top,L,1,INR,599,NEW DELHI,110025,IN,FALSE
3793,408-6589969-1033946,6589969,Men,21,08/04/2022,Delivered,Ajio,JNE3800-KR-XXL,Western Dress,XXL,1,INR,735,BELAGAVI,590001,IN,FALSE
3794,407-7097282-5673111,7097282,Women,25,08/04/2022,Delivered,Flipkart,JNE3688-TU-M,Top,M,1,INR,599,NEW DELHI,110048,IN,FALSE
3795,402-1443463-1321126,1443463,Women,33,08/04/2022,Delivered,Flipkart,J0012-SKD-S,Set,S,1,INR,1137,ALLAHABAD,211001,IN,FALSE
3796,402-8818189-9693135,8818189,Women,62,08/04/2022,Delivered,Amazon,SAR008,Saree,Free,1,INR,599,GURUGRAM,122006,IN,FALSE
3797,405-0725302-9767500,725302,Men,21,08/04/2022,Delivered,Flipkart,J0333-DR-XXL,Western Dress,XXL,1,INR,825,BANGALORE,560033,IN,FALSE
3798,407-3434463-6837954,3434463,Men,26,08/04/2022,Delivered,Amazon,J0339-DR-XXL,Western Dress,XXL,1,INR,1091,MEERUT,250001,IN,FALSE
3799,171-5675144-9125137,5675144,Women,73,08/04/2022,Delivered,Myntra,NW005-ST-PJ-XXXL,Set,3XL,1,INR,599,HARIDWAR,249408,IN,FALSE
3800,171-6377512-2609112,6377512,Women,78,08/04/2022,Delivered,Flipkart,J0003-SET-XL,Set,XL,1,INR,696,JAIPUR,302012,IN,FALSE
3801,404-0223846-0165948,223846,Women,42,08/04/2022,Delivered,Amazon,SAR013,Saree,Free,1,INR,459,Kannur,670006,IN,FALSE
3802,407-0950759-2625958,950759,Women,62,08/04/2022,Delivered,Myntra,SET110-KR-PP-M,Set,M,1,INR,729,DHARWAD,580001,IN,FALSE
3803,408-3422842-3401925,3422842,Men,24,08/04/2022,Delivered,Others,JNE3797-KR-XS,Western Dress,XS,1,INR,735,BOUDH,762014,IN,FALSE
3804,404-8191975-9218762,8191975,Women,29,08/04/2022,Delivered,Flipkart,JNE3716-KR-L,kurta,L,1,INR,399,AKOLA,444001,IN,FALSE
3805,404-8191975-9218762,8191975,Men,52,08/04/2022,Delivered,Myntra,J0341-DR-M,Western Dress,M,1,INR,842,WARANGAL,506002,IN,FALSE
3806,403-7501698-0036350,7501698,Men,42,08/04/2022,Delivered,Amazon,J0105-KR-XL,Western Dress,XL,1,INR,999,KOLKATA,700016,IN,TRUE
3807,403-7040891-9204357,7040891,Women,31,08/04/2022,Delivered,Flipkart,SAR013,Saree,Free,1,INR,921,JOGABANI,854328,IN,FALSE
3808,405-1333057-3615538,1333057,Women,20,08/04/2022,Delivered,Amazon,SET268-KR-NP-XS,Set,XS,1,INR,788,HYDERABAD,500068,IN,FALSE
3809,405-7531559-8317135,7531559,Women,63,08/04/2022,Delivered,Myntra,JNE3567-KR-S,kurta,S,1,INR,399,Bhopal,462030,IN,FALSE
3810,402-5466226-3459566,5466226,Women,45,08/04/2022,Delivered,Others,J0110-SKD-L,Set,L,1,INR,826,YAMUNANAGAR,135003,IN,FALSE
3811,402-3229464-2251531,3229464,Women,49,08/04/2022,Delivered,Nalli,JNE3837-KR-M,kurta,M,1,INR,533,MUMBAI,400099,IN,FALSE
3812,171-7487285-6725957,7487285,Women,49,08/04/2022,Delivered,Flipkart,SAR028,Saree,Free,1,INR,399,Armori,441208,IN,FALSE
3813,171-7487285-6725957,7487285,Women,38,08/04/2022,Delivered,Myntra,JNE3461-KR-XXXL,kurta,3XL,1,INR,363,Kolkata,700017,IN,FALSE
3814,171-2009492-1397162,2009492,Women,47,08/04/2022,Delivered,Amazon,SAR014,Saree,Free,1,INR,1299,PATNA,800023,IN,FALSE
3815,171-2009492-1397162,2009492,Women,66,08/04/2022,Delivered,Amazon,SAR008,Saree,Free,1,INR,999,BENGALURU,560043,IN,FALSE
3816,171-2609938-5399538,2609938,Women,29,08/04/2022,Delivered,Amazon,MEN5024-KR-M,kurta,M,1,INR,645,NEW DELHI,110096,IN,FALSE
3817,171-2609938-5399538,2609938,Women,33,08/04/2022,Delivered,Myntra,MEN5021-KR-XXXL,kurta,3XL,1,INR,754,NAVI MUMBAI,410210,IN,FALSE
3818,404-0115685-6235536,115685,Women,39,08/04/2022,Delivered,Flipkart,JNE3484-KR-L,kurta,L,1,INR,301,NAVI MUMBAI,400708,IN,FALSE
3819,408-8728872-5934729,8728872,Women,36,08/04/2022,Delivered,Ajio,SET269-KR-NP-XXL,Set,XXL,1,INR,799,COIMBATORE,641062,IN,FALSE
3820,404-8223145-1753103,8223145,Women,40,08/04/2022,Delivered,Meesho,JNE2294-KR-A-XXL,kurta,XXL,1,INR,544,NEW DELHI,110005,IN,FALSE
3821,404-2552151-8981121,2552151,Women,42,08/04/2022,Delivered,Amazon,SAR012,Saree,Free,1,INR,788,HYDERABAD,500018,IN,FALSE
3822,407-2571329-0466767,2571329,Women,24,08/04/2022,Delivered,Flipkart,SAR014,Saree,Free,1,INR,1126,SINGRAULI,486889,IN,FALSE
3823,406-8986241-3893918,8986241,Women,32,08/04/2022,Delivered,Amazon,SAR008,Saree,Free,1,INR,899,"Mannarkkad , palakkad",678593,IN,FALSE
3824,402-9163815-9369930,9163815,Women,46,08/04/2022,Delivered,Amazon,SET265-KR-NP-XXL,Set,XXL,1,INR,888,HYDERABAD,501203,IN,FALSE
3825,403-4048698-7261122,4048698,Women,41,08/04/2022,Delivered,Flipkart,SAR025,Saree,Free,1,INR,792,NEW DELHI,110015,IN,FALSE
3826,402-8741539-6808353,8741539,Women,43,08/04/2022,Delivered,Nalli,SAR010,Saree,Free,1,INR,666,BENGALURU,560061,IN,FALSE
3827,402-4820146-5105949,4820146,Women,41,08/04/2022,Delivered,Amazon,J0135-SET-M,Set,M,1,INR,591,IMPHAL,795001,IN,FALSE
3828,171-4647129-7159532,4647129,Women,24,08/04/2022,Delivered,Amazon,J0118-TP-XL,Top,XL,1,INR,693,GURUGRAM,122002,IN,FALSE
3829,404-9843033-5369123,9843033,Women,22,08/04/2022,Delivered,Amazon,JNE3440-KR-N-M,kurta,M,1,INR,399,CHENNAI,600095,IN,FALSE
3830,405-5545794-3903544,5545794,Women,75,08/04/2022,Delivered,Meesho,SET187-KR-DH-XXL,Set,XXL,1,INR,671,GHAZIABAD,201014,IN,FALSE
3831,408-2794874-8661950,2794874,Men,46,08/04/2022,Delivered,Myntra,JNE3797-KR-M,Western Dress,M,1,INR,735,THIRUVANANTHAPURAM,695001,IN,FALSE
3832,406-3601491-9487527,3601491,Women,27,08/04/2022,Delivered,Flipkart,JNE3745-KR-XXXL,kurta,3XL,1,INR,292,TIRUPATI,517502,IN,FALSE
3833,404-3534823-8211516,3534823,Women,36,08/04/2022,Delivered,Flipkart,SET377-KR-NP-XXL,Set,XXL,1,INR,1238,THRISSUR,680002,IN,FALSE
3834,406-0262478-3683524,262478,Women,57,08/04/2022,Delivered,Myntra,JNE3449-KR-S,kurta,S,1,INR,322,VISAKHAPATNAM,530007,IN,FALSE
3835,405-5201785-6826744,5201785,Women,20,08/04/2022,Delivered,Amazon,J0301-TP-XS,Top,XS,1,INR,493,ERNAKULAM,682036,IN,FALSE
3836,408-3798732-2221169,3798732,Women,24,08/04/2022,Delivered,Flipkart,JNE3795-KR-XXL,kurta,XXL,1,INR,517,HYDERABAD,501505,IN,FALSE
3837,405-7037216-2937928,7037216,Men,47,08/04/2022,Delivered,Flipkart,J0341-DR-XXXL,Western Dress,3XL,1,INR,842,CHALAKUDY,680731,IN,FALSE
3838,405-7095838-5351556,7095838,Women,23,08/04/2022,Delivered,Others,SET374-KR-NP-XS,Set,XS,1,INR,597,Kolkata,700034,IN,FALSE
3839,403-8261733-6624302,8261733,Women,23,08/04/2022,Delivered,Amazon,SET344-KR-NP-L,Set,L,1,INR,968,BURDWAN,713104,IN,FALSE
3840,406-8368391-2781931,8368391,Women,21,08/04/2022,Delivered,Amazon,SAR024,Saree,Free,1,INR,751,MUMBAI,400098,IN,FALSE
3841,402-0710979-1384311,710979,Women,49,08/04/2022,Delivered,Myntra,JNE3691-TU-S,Top,S,1,INR,870,MUMBAI,400088,IN,FALSE
3842,171-1496435-0429947,1496435,Women,20,08/04/2022,Delivered,Flipkart,JNE3567-KR-M,kurta,M,1,INR,399,PALANI,624618,IN,FALSE
3843,407-5475452-2746741,5475452,Women,22,08/04/2022,Delivered,Amazon,SET224-KR-NP-S,Set,S,1,INR,1369,KARIMNAGAR,505185,IN,FALSE
3844,408-7157591-6747557,7157591,Women,43,08/04/2022,Delivered,Myntra,JNE3703-KR-L,kurta,L,1,INR,301,CHENNAI,600061,IN,FALSE
3845,402-5931184-4689946,5931184,Women,46,08/04/2022,Cancelled,Others,SET268-KR-NP-M,Set,M,1,INR,788,BENGALURU,560077,IN,FALSE
3846,403-4535246-6534703,4535246,Men,34,08/04/2022,Delivered,Flipkart,JNE3798-KR-XXXL,Western Dress,3XL,1,INR,725,THIRUVANANTHAPURAM,695584,IN,FALSE
3847,403-4535246-6534703,4535246,Men,19,08/04/2022,Delivered,Amazon,JNE3797-KR-L,Western Dress,L,1,INR,771,KOZHIKODE,673017,IN,FALSE
3848,402-7320967-3414747,7320967,Women,20,08/04/2022,Cancelled,Flipkart,MEN5011-KR-S,kurta,S,1,INR,499,DHARUHERA,123106,IN,FALSE
3849,402-0129089-0373977,129089,Women,73,08/04/2022,Delivered,Flipkart,JNE3690-TU-S,Top,S,1,INR,487,Nashik,422003,IN,FALSE
3850,402-4057677-9630722,4057677,Women,44,08/04/2022,Delivered,Flipkart,SET288-KR-NP-L,Set,L,1,INR,650,GURUGRAM,122017,IN,FALSE
3851,171-3643506-9931543,3643506,Women,63,08/04/2022,Delivered,Nalli,SET265-KR-NP-L,Set,L,1,INR,877,BENGALURU,560076,IN,FALSE
3852,408-0307963-9264345,307963,Men,27,08/04/2022,Delivered,Flipkart,JNE3797-KR-A-L,Western Dress,L,1,INR,771,LONI,201102,IN,FALSE
3853,405-3031612-8901917,3031612,Women,20,08/04/2022,Delivered,Amazon,JNE3795-KR-XS,kurta,XS,1,INR,499,JAGDALPUR,494001,IN,FALSE
3854,402-2862332-3905123,2862332,Women,39,08/04/2022,Returned,Amazon,SAR020,Saree,Free,1,INR,567,GAYA,823001,IN,FALSE
3855,406-2837706-6789950,2837706,Women,53,08/04/2022,Delivered,Flipkart,J0011-LCD-XS,Set,XS,1,INR,1233,NEW DELHI,110074,IN,FALSE
3856,406-0199355-6538766,199355,Women,23,08/04/2022,Delivered,Amazon,J0196-TP-XL,Top,XL,1,INR,490,Kolkata,700091,IN,FALSE
3857,405-0009977-7977942,9977,Men,42,08/04/2022,Delivered,Amazon,JNE3797-KR-L,Western Dress,L,1,INR,735,CHENNAI,600069,IN,FALSE
3858,407-7003522-9691510,7003522,Women,48,08/04/2022,Delivered,Ajio,BL087-L,Blouse,L,1,INR,774,SAGAR,470001,IN,FALSE
3859,407-3459424-1238726,3459424,Women,73,08/04/2022,Delivered,Flipkart,SET393-KR-NP-XXXL,Set,3XL,1,INR,1186,MUMBAI,400104,IN,FALSE
3860,406-6008887-7790704,6008887,Women,25,08/04/2022,Delivered,Others,J0095-SET-XXL,Set,XXL,1,INR,633,NEW DELHI,110018,IN,FALSE
3861,403-4436194-5380337,4436194,Women,32,08/04/2022,Delivered,Flipkart,SET339-KR-NP-L,Set,L,1,INR,702,NEW DELHI,110059,IN,FALSE
3862,406-9955561-7038750,9955561,Women,21,08/04/2022,Delivered,Ajio,SET144-KR-NP-XL,Set,XL,1,INR,729,HYDERABAD,500018,IN,FALSE
3863,405-7675691-1405922,7675691,Men,33,08/04/2022,Delivered,Flipkart,J0341-DR-XXXL,Western Dress,3XL,1,INR,842,VISAKHAPATNAM,530032,IN,FALSE
3864,406-4491845-1148331,4491845,Women,28,08/04/2022,Delivered,Flipkart,SET328-KR-NP-XXL,Set,XXL,1,INR,545,CHANGANACHERRY,686103,IN,FALSE
3865,405-5957333-6241120,5957333,Women,28,08/04/2022,Delivered,Others,SET357-KR-NP-M,Set,M,1,INR,771,HYDERABAD,500094,IN,FALSE
3866,404-6675427-7324306,6675427,Women,21,08/04/2022,Delivered,Myntra,J0204-TP-XS,Top,XS,1,INR,749,RAJKOT,360004,IN,FALSE
3867,402-2926834-2386763,2926834,Women,21,08/04/2022,Delivered,Flipkart,SAR030,Saree,Free,1,INR,771,CHHINDWARA,480001,IN,FALSE
3868,404-3681605-6434767,3681605,Women,44,08/04/2022,Delivered,Flipkart,SET397-KR-NP  -M,Set,M,1,INR,999,NOIDA,201301,IN,FALSE
3869,404-0145111-9745101,145111,Women,28,08/04/2022,Delivered,Flipkart,NW034-TP-PJ-XXXL,Set,3XL,1,INR,613,JAIPUR,302029,IN,FALSE
3870,406-5918490-0171524,5918490,Women,73,08/04/2022,Delivered,Ajio,JNE3721-KR-L,kurta,L,1,INR,292,JAIPUR,302026,IN,FALSE
3871,403-5014191-3122710,5014191,Women,45,08/04/2022,Delivered,Amazon,SET110-KR-PP-XS,Set,XS,1,INR,788,CHENNAI,600049,IN,FALSE
3872,403-5268546-9428348,5268546,Men,30,08/04/2022,Delivered,Flipkart,JNE3797-KR-XXXL,Western Dress,3XL,1,INR,771,HISAR,125005,IN,FALSE
3873,403-5268546-9428348,5268546,Men,62,08/04/2022,Delivered,Flipkart,JNE3800-KR-M,Western Dress,M,1,INR,735,LUCKNOW,226011,IN,FALSE
3874,171-8834973-6084303,8834973,Men,43,08/04/2022,Delivered,Flipkart,J0338-DR-XXL,Western Dress,XXL,1,INR,791,ETTIMADAI,641112,IN,FALSE
3875,405-7758734-2609103,7758734,Women,31,08/04/2022,Delivered,Amazon,JNE3645-TP-N-S,Top,S,1,INR,432,BENGALURU,560020,IN,FALSE
3876,405-1049385-8747562,1049385,Women,27,08/04/2022,Returned,Amazon,JNE3620-KR-S,kurta,S,1,INR,315,BENGALURU,562130,IN,FALSE
3877,407-0308860-0998704,308860,Men,24,08/04/2022,Delivered,Amazon,JNE3797-KR-XXXL,Western Dress,3XL,1,INR,724,VIJAYAWADA,520012,IN,FALSE
3878,405-8656228-8627539,8656228,Women,58,08/04/2022,Delivered,Flipkart,SET405-KR-NP-M,Set,M,1,INR,771,HYDERABAD,500084,IN,FALSE
3879,404-4239667-0121925,4239667,Women,64,08/04/2022,Delivered,Myntra,JNE3457-KR-XL,kurta,XL,1,INR,313,CHIRAWA,333026,IN,FALSE
3880,403-6243377-6725938,6243377,Women,48,08/04/2022,Delivered,Myntra,JNE3423-KR-M,kurta,M,1,INR,399,GURUGRAM,122001,IN,FALSE
3881,407-7788312-6327516,7788312,Women,66,08/04/2022,Delivered,Others,JNE3522-KR-XL,kurta,XL,1,INR,342,HYDERABAD,500048,IN,FALSE
3882,407-0203170-5412371,203170,Women,33,08/04/2022,Delivered,Myntra,SET288-KR-NP-XXXL,Set,3XL,1,INR,631,Rohini Sector 8,110085,IN,FALSE
3883,402-8151024-1162731,8151024,Women,44,08/04/2022,Delivered,Flipkart,SAR006,Saree,Free,1,INR,788,INDORE,452016,IN,FALSE
3884,402-8151024-1162731,8151024,Women,46,08/04/2022,Delivered,Others,SAR018,Saree,Free,1,INR,811,MUMBAI,400088,IN,FALSE
3885,403-6649146-7012300,6649146,Men,60,08/04/2022,Cancelled,Flipkart,J0341-DR-XL,Western Dress,XL,1,INR,743,Vellore,632006,IN,FALSE
3886,406-6672470-3729917,6672470,Women,23,08/04/2022,Returned,Amazon,SET341-KR-NP-XL,Set,XL,1,INR,857,PATNA,800024,IN,FALSE
3887,408-1859137-8359527,1859137,Men,23,08/04/2022,Delivered,Nalli,JNE3800-KR-L,Western Dress,L,1,INR,761,BEGUSARAI,851101,IN,FALSE
3888,406-5449546-0528351,5449546,Women,20,08/04/2022,Delivered,Flipkart,SET364-KR-NP-M,Set,M,1,INR,1126,BABA BAKALA,143201,IN,FALSE
3889,405-2353895-6958718,2353895,Women,52,08/04/2022,Delivered,Nalli,JNE3813-KR-M,kurta,M,1,INR,635,THANE,401107,IN,FALSE
3890,403-6273317-5233109,6273317,Women,30,08/04/2022,Refunded,Myntra,SET364-KR-NP-M,Set,M,1,INR,1093,KANPUR,208012,IN,FALSE
3891,408-1635615-1987546,1635615,Women,45,08/04/2022,Delivered,Ajio,SET397-KR-NP  -M,Set,M,1,INR,999,BOKARO STEEL CITY,827004,IN,FALSE
3892,404-8365384-8067506,8365384,Women,77,08/04/2022,Delivered,Amazon,J0342-TP-XL,Top,XL,1,INR,574,JAIPUR,302006,IN,FALSE
3893,404-1057427-5677161,1057427,Men,32,08/04/2022,Cancelled,Flipkart,J0341-DR-XL,Western Dress,XL,1,INR,744,BENGALURU,560036,IN,FALSE
3894,407-9487738-4994712,9487738,Women,24,08/04/2022,Delivered,Others,SET268-KR-NP-S,Set,S,1,INR,788,Hyderabad,500072,IN,FALSE
3895,407-9600621-4937153,9600621,Women,29,08/04/2022,Delivered,Amazon,JNE3405-KR-XS,kurta,XS,1,INR,449,NEW DELHI,110059,IN,FALSE
3896,406-9719279-7335521,9719279,Women,43,08/04/2022,Delivered,Myntra,SET344-KR-NP-M,Set,M,1,INR,939,New delhi,110005,IN,FALSE
3897,408-7906333-2685163,7906333,Women,31,08/04/2022,Delivered,Amazon,J0041-SET-XL,Set,XL,1,INR,631,HOWRAH,711106,IN,FALSE
3898,403-5182418-7283511,5182418,Men,47,08/04/2022,Delivered,Amazon,JNE3797-KR-XS,Western Dress,XS,1,INR,735,JAIPUR,302012,IN,FALSE
3899,403-0921785-2806717,921785,Men,59,08/04/2022,Delivered,Flipkart,J0341-DR-XS,Western Dress,XS,1,INR,743,Kolkata,700033,IN,FALSE
3900,405-7995076-5833961,7995076,Women,27,08/04/2022,Delivered,Amazon,SET397-KR-NP  -M,Set,M,1,INR,1186,GHAZIABAD,201017,IN,FALSE
3901,402-2586552-7493951,2586552,Women,22,08/04/2022,Delivered,Meesho,J0119-TP-XXL,Top,XXL,1,INR,750,CHIRAWA,333026,IN,FALSE
3902,171-3430456-5883517,3430456,Women,37,08/04/2022,Delivered,Amazon,SET268-KR-NP-XL,Set,XL,1,INR,698,Kudukkimotta,670592,IN,FALSE
3903,408-8244432-4485155,8244432,Men,33,08/04/2022,Delivered,Ajio,J0343-DR-M,Western Dress,M,1,INR,744,MUMBAI,400066,IN,FALSE
3904,405-4938994-2534723,4938994,Women,25,08/04/2022,Delivered,Meesho,JNE2014-KR-178-XS,kurta,XS,1,INR,353,HYDERABAD,500050,IN,FALSE
3905,406-9736198-2333958,9736198,Women,32,08/04/2022,Delivered,Myntra,SET274-KR-PP-XXXL,Set,3XL,1,INR,682,PALANI,624601,IN,FALSE
3906,402-7869129-3697919,7869129,Women,20,08/04/2022,Delivered,Myntra,J0386-KR-XXL,kurta,XXL,1,INR,967,DEHRADUN,248001,IN,FALSE
3907,402-2738016-6968363,2738016,Women,55,08/04/2022,Delivered,Flipkart,SET197-KR-NP-XXL,Set,XXL,1,INR,759,KOTHAMANGALAM,686691,IN,TRUE
3908,402-0873736-2971522,873736,Women,39,08/04/2022,Delivered,Flipkart,JNE3703-KR-M,kurta,M,1,INR,292,HYDERABAD,500080,IN,FALSE
3909,171-1187122-1228301,1187122,Women,68,08/04/2022,Delivered,Flipkart,SET144-KR-NP-XXL,Set,XXL,1,INR,788,NEW DELHI,110092,IN,FALSE
3910,171-0621254-7741151,621254,Women,25,08/04/2022,Delivered,Amazon,SET110-KR-PP-XL,Set,XL,1,INR,729,CHENNAI,600088,IN,FALSE
3911,404-9559010-8611521,9559010,Men,69,08/04/2022,Delivered,Amazon,J0341-DR-XL,Western Dress,XL,1,INR,743,PUDUPAKKAM,603103,IN,FALSE
3912,403-9018516-2709111,9018516,Women,75,08/04/2022,Delivered,Nalli,SAR025,Saree,Free,1,INR,376,Hyderabad,500084,IN,FALSE
3913,408-4418084-0853144,4418084,Women,22,08/04/2022,Delivered,Amazon,JNE3405-KR-S,kurta,S,1,INR,399,MADANAPALLE,517325,IN,FALSE
3914,408-2955043-1836313,2955043,Women,41,08/04/2022,Delivered,Amazon,JNE3793-KR-M,kurta,M,1,INR,349,VELLORE,632009,IN,FALSE
3915,408-5442861-1137138,5442861,Women,26,08/04/2022,Delivered,Amazon,JNE3522-KR-M,kurta,M,1,INR,331,VISAKHAPATNAM,530027,IN,FALSE
3916,408-5442861-1137138,5442861,Women,25,08/04/2022,Delivered,Ajio,JNE3645-TP-N-XXL,Top,XXL,1,INR,432,FARIDABAD,121002,IN,FALSE
3917,408-5165373-6386761,5165373,Women,30,08/04/2022,Delivered,Amazon,JNE3727-KR-M,kurta,M,1,INR,549,MANAKONDUR,505469,IN,FALSE
3918,408-1934734-1623542,1934734,Women,71,08/04/2022,Delivered,Others,JNE3718-KR-XL,kurta,XL,1,INR,458,BENGALURU,560086,IN,FALSE
3919,171-8135695-3055561,8135695,Women,26,08/04/2022,Delivered,Myntra,SET187-KR-DH-XL,Set,XL,1,INR,671,CHANDIGARH,160002,IN,FALSE
3920,402-3059656-8925103,3059656,Women,40,08/04/2022,Delivered,Amazon,PJNE2199-KR-N-6XL,kurta,6XL,1,INR,728,HYDERABAD,500090,IN,FALSE
3921,407-7700663-5593162,7700663,Women,22,08/04/2022,Delivered,Flipkart,SAR029,Saree,Free,1,INR,824,Aluva,683108,IN,FALSE
3922,407-7700663-5593162,7700663,Women,69,08/04/2022,Delivered,Flipkart,SET392-KR-NP-XS,Set,XS,1,INR,799,BARABANKI,225001,IN,FALSE
3923,407-6240306-8481936,6240306,Women,21,08/04/2022,Delivered,Flipkart,SET356-KR-NP-XXXL,Set,3XL,1,INR,999,Hubli,580031,IN,FALSE
3924,403-3868706-4065118,3868706,Men,33,08/04/2022,Delivered,Nalli,J0341-DR-L,Western Dress,L,1,INR,744,CHENNAI,600113,IN,FALSE
3925,403-5071839-8530701,5071839,Women,64,08/04/2022,Delivered,Nalli,J0003-SET-S,Set,S,1,INR,655,PUNE,411013,IN,FALSE
3926,408-6368574-7481911,6368574,Women,19,08/04/2022,Delivered,Amazon,JNE3838-KR-M,kurta,M,1,INR,399,THRISSUR,680555,IN,FALSE
3927,408-6368574-7481911,6368574,Women,44,08/04/2022,Delivered,Amazon,JNE3837-KR-M,kurta,M,1,INR,533,Delhi,110051,IN,FALSE
3928,171-4215640-7554735,4215640,Women,75,08/04/2022,Delivered,Amazon,SET378-KR-NP-XL,Set,XL,1,INR,1221,Proddatur,516360,IN,FALSE
3929,406-1242609-2860305,1242609,Men,59,08/04/2022,Delivered,Meesho,J0157-DR-S,Western Dress,S,1,INR,659,BENGALURU,560064,IN,FALSE
3930,406-1242609-2860305,1242609,Women,40,08/04/2022,Delivered,Flipkart,J0041-SET-L,Set,L,1,INR,660,BENGALURU,560049,IN,FALSE
3931,405-1849427-4893120,1849427,Women,66,08/04/2022,Delivered,Flipkart,JNE2291-KR-602-S,kurta,S,1,INR,376,MUMBAI,400008,IN,FALSE
3932,402-6707235-1556367,6707235,Women,25,08/04/2022,Delivered,Myntra,SET392-KR-NP-S,Set,S,1,INR,799,MADURAI,625019,IN,FALSE
3933,406-9928216-5727527,9928216,Women,77,08/04/2022,Delivered,Ajio,J0008-SKD-M,Set,M,1,INR,1075,SECUNDERABAD,500061,IN,FALSE
3934,405-2350834-1639500,2350834,Women,38,08/04/2022,Delivered,Nalli,JNE3405-KR-XXXL,kurta,3XL,1,INR,435,WARANGAL,506001,IN,FALSE
3935,171-1483109-5809129,1483109,Women,38,08/04/2022,Delivered,Myntra,JNE3482-KR-XL,kurta,XL,1,INR,330,HYDERABAD,500075,IN,FALSE
3936,171-2652474-7209964,2652474,Women,69,08/04/2022,Delivered,Nalli,J0230-SKD-M,Set,M,1,INR,969,NEW DELHI,110075,IN,FALSE
3937,402-4887504-0126735,4887504,Women,19,08/04/2022,Delivered,Amazon,JNE3813-KR-S,kurta,S,1,INR,635,PILERU,517214,IN,FALSE
3938,404-4250637-1866702,4250637,Women,26,08/04/2022,Delivered,Amazon,SET392-KR-NP-L,Set,L,1,INR,799,IMPHAL,795001,IN,FALSE
3939,171-8238839-3652361,8238839,Women,36,08/04/2022,Delivered,Amazon,JNE3399-KR-M,kurta,M,1,INR,435,LUDHIANA,141001,IN,FALSE
3940,406-3098346-6189957,3098346,Women,51,08/04/2022,Delivered,Flipkart,JNE3567-KR-M,kurta,M,1,INR,399,KOLKATA,700039,IN,FALSE
3941,406-8331641-7010745,8331641,Women,20,08/04/2022,Delivered,Flipkart,SET209-KR-PP-M,Set,M,1,INR,507,Jagdalpur,494001,IN,FALSE
3942,405-8351230-6690718,8351230,Men,19,08/04/2022,Delivered,Flipkart,J0341-DR-XXXL,Western Dress,3XL,1,INR,885,AHMEDABAD,380052,IN,FALSE
3943,405-4940302-8295540,4940302,Women,24,08/04/2022,Delivered,Myntra,JNE3405-KR-L,kurta,L,1,INR,399,NEW DELHI,110056,IN,FALSE
3944,405-6553180-6989125,6553180,Men,39,08/04/2022,Delivered,Myntra,J0341-DR-XS,Western Dress,XS,1,INR,743,RAICHUR,584101,IN,FALSE
3945,408-4426209-6112319,4426209,Women,39,08/04/2022,Delivered,Myntra,SAR030,Saree,Free,1,INR,429,BENGALURU,560016,IN,FALSE
3946,408-3509630-9641130,3509630,Women,26,08/04/2022,Delivered,Myntra,J0230-SKD-M,Set,M,1,INR,1163,THANE,401105,IN,FALSE
3947,406-8591176-9237120,8591176,Men,24,08/04/2022,Delivered,Myntra,J0158-DR-XL,Western Dress,XL,1,INR,825,SALASAR,331506,IN,FALSE
3948,405-4503198-1262707,4503198,Women,30,08/04/2022,Delivered,Myntra,JNE3429-KR-XL,kurta,XL,1,INR,299,OTTAPPALAM,679101,IN,FALSE
3949,406-1868468-5956346,1868468,Men,25,08/04/2022,Delivered,Myntra,J0341-DR-XS,Western Dress,XS,1,INR,743,HYDERABAD,500033,IN,FALSE
3950,171-9262145-1293100,9262145,Women,48,08/04/2022,Delivered,Nalli,JNE3546-KR-S,kurta,S,1,INR,468,CHENNAI,600097,IN,FALSE
3951,405-0803255-1865151,803255,Men,33,08/04/2022,Delivered,Myntra,J0207-DR-XXXL,Western Dress,3XL,1,INR,885,HYDERABAD,500033,IN,FALSE
3952,403-1960783-5849916,1960783,Women,25,08/04/2022,Delivered,Myntra,JNE3654-TP-XXL,Top,XXL,1,INR,371,Greater Noida West,201306,IN,FALSE
3953,403-3223516-0281911,3223516,Women,24,08/04/2022,Returned,Flipkart,JNE3758-KR-XXXL,kurta,3XL,1,INR,357,BENGALURU,560006,IN,FALSE
3954,403-6698179-2742721,6698179,Women,33,08/04/2022,Delivered,Ajio,J0349-SET-XL,Set,XL,1,INR,845,KOLKATA,700019,IN,FALSE
3955,408-7546567-3321109,7546567,Women,60,08/04/2022,Delivered,Myntra,SET272-KR-PP-XXL,Set,XXL,1,INR,852,BAREILLY,243001,IN,FALSE
3956,407-6270138-6135507,6270138,Men,41,08/04/2022,Delivered,Others,JNE3797-KR-S,Western Dress,S,1,INR,735,MANNARGUDI,614001,IN,FALSE
3957,402-8357015-5667556,8357015,Women,49,08/04/2022,Delivered,Amazon,SAR022,Saree,Free,1,INR,549,DABRA,475110,IN,FALSE
3958,406-1975876-8069914,1975876,Women,43,08/04/2022,Cancelled,Amazon,JNE3718-KR-XXXL,kurta,3XL,1,INR,406,PUNE,411028,IN,FALSE
3959,406-0316856-2896312,316856,Men,49,08/04/2022,Delivered,Myntra,J0341-DR-XXL,Western Dress,XXL,1,INR,885,PUNE,412308,IN,FALSE
3960,406-4720376-1988345,4720376,Women,42,08/04/2022,Delivered,Flipkart,JNE3465-KR-S,kurta,S,1,INR,491,SHIRDI,423109,IN,FALSE
3961,406-7362413-5573155,7362413,Women,45,08/04/2022,Delivered,Others,JNE3447-KR-L,kurta,L,1,INR,293,CHENNAI,600052,IN,FALSE
3962,171-8235080-4858734,8235080,Women,51,08/04/2022,Delivered,Flipkart,JNE3838-KR-XXXL,kurta,3XL,1,INR,487,Chennai,600041,IN,FALSE
3963,406-1886546-1473935,1886546,Women,45,08/04/2022,Delivered,Amazon,SET265-KR-NP-M,Set,M,1,INR,888,Gurgaon,122002,IN,FALSE
3964,403-1509188-7024363,1509188,Women,46,08/04/2022,Delivered,Myntra,JNE3620-KR-M,kurta,M,1,INR,325,BENGALURU,560067,IN,FALSE
3965,171-5193887-3924300,5193887,Women,34,08/04/2022,Delivered,Myntra,BL104-M,Blouse,M,1,INR,625,BENGALURU,560016,IN,FALSE
3966,408-6474513-7977166,6474513,Women,32,08/04/2022,Delivered,Amazon,J0340-TP-M,Top,M,1,INR,908,KALABURGI,585102,IN,FALSE
3967,404-5949263-8792340,5949263,Women,22,08/04/2022,Delivered,Myntra,JNE3713-TP-N-XS,Top,XS,1,INR,354,PUNE,411008,IN,FALSE
3968,405-1890239-2163529,1890239,Women,29,08/04/2022,Delivered,Myntra,SET365-KR-NP-L,Set,L,1,INR,1066,GUWAHATI,781017,IN,FALSE
3969,402-6968602-2237166,6968602,Women,39,08/04/2022,Returned,Flipkart,JNE3822-KR-XXXL,kurta,3XL,1,INR,474,HYDERABAD,500004,IN,FALSE
3970,171-2928474-7221944,2928474,Men,19,08/04/2022,Delivered,Flipkart,J0341-DR-XS,Western Dress,XS,1,INR,743,BENGALURU,560078,IN,FALSE
3971,403-3338248-8337901,3338248,Women,24,08/04/2022,Cancelled,Amazon,SET269-KR-NP-XL,Set,XL,1,INR,824,GUWAHATI,781033,IN,FALSE
3972,408-8406581-4574757,8406581,Women,64,08/04/2022,Delivered,Amazon,MEN5014-KR-XXL,kurta,XXL,1,INR,495,GURUGRAM,122505,IN,FALSE
3973,408-6068900-7301936,6068900,Women,65,08/04/2022,Delivered,Flipkart,MEN5025-KR-XXL,kurta,XXL,1,INR,533,SAVNER,441107,IN,FALSE
3974,408-9218664-9849159,9218664,Women,76,08/04/2022,Delivered,Flipkart,SET374-KR-NP-XXL,Set,XXL,1,INR,666,NAVSARI,396424,IN,FALSE
3975,403-8311038-8729931,8311038,Women,40,08/04/2022,Delivered,Amazon,NW001-TP-PJ-XL,Set,XL,1,INR,539,AHMEDABAD,382445,IN,FALSE
3976,403-1640781-1411532,1640781,Women,34,08/04/2022,Delivered,Amazon,MEN5022-KR-XXXL,kurta,3XL,1,INR,533,BENGALURU,560064,IN,FALSE
3977,171-4115638-6741108,4115638,Women,50,08/04/2022,Delivered,Meesho,JNE3412-KR-XXL,kurta,XXL,1,INR,419,Lakhimpur kheri,262701,IN,FALSE
3978,404-4045577-8710719,4045577,Women,44,08/04/2022,Delivered,Amazon,JNE3439-KR-XXL,kurta,XXL,1,INR,399,PALGHAR,401404,IN,FALSE
3979,406-7524622-3503557,7524622,Women,33,08/04/2022,Delivered,Flipkart,SET345-KR-NP-XL,Set,XL,1,INR,635,PALANPUR,385001,IN,FALSE
3980,402-5824586-0369931,5824586,Women,49,08/04/2022,Delivered,Amazon,JNE3560-KR-XXL,kurta,XXL,1,INR,481,CHIKKAMAGALURU,577181,IN,FALSE
3981,171-3394438-6957955,3394438,Women,62,08/04/2022,Delivered,Flipkart,J0244-SKD-XL,Set,XL,1,INR,1176,BHUBANESWAR,751024,IN,FALSE
3982,171-6615521-0486717,6615521,Women,23,08/04/2022,Delivered,Amazon,J0117-TP-M,Top,M,1,INR,726,HARIDWAR,249408,IN,FALSE
3983,403-1928116-1066704,1928116,Women,69,08/04/2022,Delivered,Meesho,J0113-TP-XL,Top,XL,1,INR,540,JETPUR NAVAGADH,360370,IN,FALSE
3984,404-2339460-9573116,2339460,Women,49,08/04/2022,Delivered,Flipkart,SET374-KR-NP-S,Set,S,1,INR,666,KOLAR,563101,IN,FALSE
3985,403-0716724-7055517,716724,Women,71,08/04/2022,Delivered,Nalli,SET264-KR-NP-XL,Set,XL,1,INR,729,THANJAVUR,613004,IN,FALSE
3986,402-3976059-3098769,3976059,Women,39,08/04/2022,Delivered,Amazon,SET359-KR-NP-XXXL,Set,3XL,1,INR,899,THIRUVALLUR,602001,IN,FALSE
3987,171-0961840-8997154,961840,Women,47,08/04/2022,Delivered,Flipkart,JNE3787-KR-L,kurta,L,1,INR,487,RISHIKESH,249201,IN,FALSE
3988,407-0918540-7249956,918540,Women,50,08/04/2022,Delivered,Ajio,J0340-TP-XS,Top,XS,1,INR,563,AZAMGARH,276001,IN,FALSE
3989,407-6529772-4454764,6529772,Men,54,08/04/2022,Delivered,Meesho,J0341-DR-S,Western Dress,S,1,INR,744,KOZHIKODE,673016,IN,FALSE
3990,405-4009159-3234745,4009159,Women,22,08/04/2022,Delivered,Myntra,J0117-TP-M,Top,M,1,INR,726,Hyderabad,500011,IN,FALSE
3991,405-7036705-5132303,7036705,Women,29,08/04/2022,Delivered,Ajio,J0301-TP-XXL,Top,XXL,1,INR,518,NOIDA Extention,201303,IN,FALSE
3992,405-4884655-6867514,4884655,Women,31,08/04/2022,Delivered,Others,JNE3690-TU-XXL,Top,XXL,1,INR,545,Palwal,121102,IN,FALSE
3993,403-6135698-6021160,6135698,Women,23,08/04/2022,Returned,Myntra,JNE3703-KR-S,kurta,S,1,INR,292,NEW DELHI,110001,IN,FALSE
3994,171-7355069-5960327,7355069,Women,27,08/04/2022,Delivered,Flipkart,NW005-ST-PJ-L,Set,L,1,INR,562,HYDERABAD,502325,IN,FALSE
3995,403-1206433-7211529,1206433,Women,31,08/04/2022,Cancelled,Amazon,JNE3652-TP-N-XL,Top,XL,1,INR,328,NAMSAI,792103,IN,FALSE
3996,408-7755507-8222745,7755507,Men,31,08/04/2022,Delivered,Flipkart,J0341-DR-L,Western Dress,L,1,INR,832,GHAZIABAD,201017,IN,FALSE
3997,403-7122818-1781102,7122818,Women,34,08/04/2022,Delivered,Flipkart,SET364-KR-NP-XXL,Set,XXL,1,INR,1126,LUCKNOW,226003,IN,FALSE
3998,171-2429693-9197107,2429693,Men,41,08/04/2022,Delivered,Flipkart,JNE3797-KR-A-L,Western Dress,L,1,INR,725,BENGALURU,560091,IN,FALSE
3999,402-3499169-1685917,3499169,Women,65,08/04/2022,Delivered,Flipkart,SET257-KR-PP-S,Set,S,1,INR,568,KOLKATA,700034,IN,FALSE
4000,171-1644464-2582768,1644464,Women,36,08/04/2022,Cancelled,Meesho,MEN5013-KR-XXXL,kurta,3XL,1,INR,499,Dharamshala,176215,IN,FALSE
4001,407-8578076-7789961,8578076,Women,69,08/04/2022,Delivered,Amazon,SET288-KR-NP-XXL,Set,XXL,1,INR,650,BHOPAL,462022,IN,FALSE
4002,403-3063529-1404360,3063529,Women,38,08/04/2022,Delivered,Ajio,SET300-KR-NP-M,Set,M,1,INR,967,HYDERABAD,500097,IN,FALSE
4003,403-3063529-1404360,3063529,Women,22,08/04/2022,Delivered,Amazon,SET278-KR-NP-XXL,Set,XXL,1,INR,1442,MUMBAI,400081,IN,FALSE
4004,403-3063529-1404360,3063529,Women,60,08/04/2022,Delivered,Amazon,J0108-SKD-M,Set,M,1,INR,1094,CHENNAI,600082,IN,FALSE
4005,404-2725899-8089119,2725899,Women,68,08/04/2022,Delivered,Amazon,JNE3461-KR-L,kurta,L,1,INR,363,KOLKATA,700047,IN,FALSE
4006,404-9855374-6983502,9855374,Women,66,08/04/2022,Delivered,Amazon,SET268-KR-NP-S,Set,S,1,INR,698,VISAKHAPATNAM,530001,IN,FALSE
4007,406-6384144-6225110,6384144,Men,43,08/04/2022,Delivered,Amazon,J0341-DR-XL,Western Dress,XL,1,INR,832,UPLETA,360490,IN,FALSE
4008,407-7470368-6677128,7470368,Women,18,08/04/2022,Delivered,Amazon,SET187-KR-DH-L,Set,L,1,INR,599,NEW DELHI,110086,IN,FALSE
4009,407-8445743-4484353,8445743,Women,47,08/04/2022,Delivered,Myntra,JNE3487-KR-XXXL,kurta,3XL,1,INR,335,CHENNAI,600001,IN,FALSE
4010,403-3516241-1420309,3516241,Men,22,08/04/2022,Delivered,Amazon,JNE3797-KR-L,Western Dress,L,1,INR,735,DAMOH,470661,IN,FALSE
4011,403-1570257-1340350,1570257,Men,25,08/04/2022,Delivered,Amazon,J0341-DR-XXXL,Western Dress,3XL,1,INR,842,GUNTUR,522004,IN,FALSE
4012,407-1857893-8619547,1857893,Women,37,08/04/2022,Delivered,Amazon,SET291-KR-PP-XL,Set,XL,1,INR,569,LUCKNOW,226012,IN,FALSE
4013,404-2721325-5518721,2721325,Men,18,08/04/2022,Delivered,Flipkart,JNE3800-KR-L,Western Dress,L,1,INR,735,DEHRADUN,248001,IN,FALSE
4014,405-2501789-1695507,2501789,Men,48,08/04/2022,Delivered,Amazon,J0157-DR-M,Western Dress,M,1,INR,625,Thane,421204,IN,FALSE
4015,408-4603795-6133936,4603795,Women,19,08/04/2022,Delivered,Myntra,SET324-KR-NP-XXXL,Set,3XL,1,INR,597,CHOWWARA,683580,IN,FALSE
4016,408-4603795-6133936,4603795,Men,24,08/04/2022,Cancelled,Amazon,J0399-DR-XS,Western Dress,XS,1,INR,1044,BENGALURU,560050,IN,FALSE
4017,408-7519181-3970746,7519181,Women,20,08/04/2022,Delivered,Myntra,SET364-KR-NP-M,Set,M,1,INR,1126,JAMMU,180001,IN,FALSE
4018,405-1876035-2776337,1876035,Women,24,08/04/2022,Delivered,Nalli,JNE3634-KR-L,kurta,L,1,INR,511,BALANGIR,767001,IN,FALSE
4019,404-0992702-4781903,992702,Women,48,08/04/2022,Delivered,Amazon,SET392-KR-NP-S,Set,S,1,INR,799,DHANBAD,826001,IN,FALSE
4020,404-6625413-2679510,6625413,Women,29,08/04/2022,Delivered,Myntra,JNE3719-KR-XXL,kurta,XXL,1,INR,399,DOWLESWARAM,533125,IN,FALSE
4021,406-8903794-5716359,8903794,Men,18,08/04/2022,Delivered,Myntra,J0341-DR-XS,Western Dress,XS,1,INR,743,Hyderabad,500059,IN,FALSE
4022,405-3525145-1936368,3525145,Men,35,08/04/2022,Delivered,Flipkart,J0157-DR-XL,Western Dress,XL,1,INR,908,DHARMAPURI,505425,IN,FALSE
4023,405-3525145-1936368,3525145,Men,43,08/04/2022,Delivered,Flipkart,J0341-DR-XL,Western Dress,XL,1,INR,743,HYDERABAD,500079,IN,FALSE
4024,406-1924296-1197115,1924296,Women,20,08/04/2022,Delivered,Amazon,SET397-KR-NP  -M,Set,M,1,INR,1115,BENGALURU,560029,IN,FALSE
4025,402-7356782-4099522,7356782,Men,54,08/04/2022,Delivered,Myntra,JNE3797-KR-A-XS,Western Dress,XS,1,INR,761,MUMBAI,400007,IN,FALSE
4026,404-4721831-0825949,4721831,Women,76,08/04/2022,Delivered,Meesho,JNE3838-KR-XL,kurta,XL,1,INR,399,GHAZIABAD,201014,IN,FALSE
4027,402-2703896-8448340,2703896,Men,52,08/04/2022,Delivered,Amazon,SET397-KR-NP-XS,Set,XS,1,INR,969,DEWAS,455001,IN,FALSE
4028,402-7587606-1630753,7587606,Women,46,08/04/2022,Cancelled,Myntra,JNE3761-KR-M,kurta,M,1,INR,301,VELLORE,632002,IN,FALSE
4029,403-8221279-4766708,8221279,Women,37,08/04/2022,Delivered,Amazon,SET291-KR-PP-M,Set,M,1,INR,563,NELLORE,524002,IN,FALSE
4030,405-7366212-5751514,7366212,Women,63,08/04/2022,Delivered,Flipkart,PJNE3068-KR-6XL,kurta,6XL,1,INR,1033,CHENNAI,600004,IN,FALSE
4031,171-1316715-7703553,1316715,Men,41,08/04/2022,Delivered,Myntra,J0025-DR-XL,Western Dress,XL,1,INR,566,JABALPUR,482009,IN,FALSE
4032,408-6806398-7267550,6806398,Women,29,08/04/2022,Delivered,Meesho,J0236-SKD-XS,Set,XS,1,INR,912,Canacona,403702,IN,FALSE
4033,406-4702038-6769127,4702038,Women,24,08/04/2022,Delivered,Flipkart,J0003-SET-XXXL,Set,3XL,1,INR,655,BENGALURU,560091,IN,FALSE
4034,171-1939060-9283538,1939060,Women,21,08/04/2022,Delivered,Amazon,SET400-KR-NP-S,Set,S,1,INR,1068,PUNE,411020,IN,FALSE
4035,171-3789323-8071523,3789323,Women,44,08/04/2022,Delivered,Flipkart,JNE3718-KR-XL,kurta,XL,1,INR,406,CHENNAI,600118,IN,FALSE
4036,405-8464213-6633119,8464213,Men,26,08/04/2022,Delivered,Amazon,J0230-SKD-L,Set,L,1,INR,1163,BENGALURU,560100,IN,FALSE
4037,171-3294513-0383511,3294513,Men,22,08/04/2022,Delivered,Flipkart,SET182-KR-DH-L,Set,L,1,INR,657,KHANDWA,450001,IN,FALSE
4038,405-1234609-7388343,1234609,Women,70,08/04/2022,Delivered,Nalli,J0232-SKD-L,Set,L,1,INR,1228,THOUBAL,795138,IN,FALSE
4039,407-9296671-9192351,9296671,Men,39,08/04/2022,Delivered,Myntra,JNE3797-KR-XXL,Western Dress,XXL,1,INR,735,KANNAMANGALAM ALAPPUZHA DISTRICT,690106,IN,FALSE
4040,403-3359968-0021901,3359968,Men,56,08/04/2022,Delivered,Flipkart,SET287-KR-NP-XXL,Set,XXL,1,INR,542,ALAPPUZHA,688013,IN,FALSE
4041,406-4989054-5027525,4989054,Men,30,08/04/2022,Delivered,Flipkart,J0157-DR-XXXL,Western Dress,3XL,1,INR,908,New Delhi,110024,IN,FALSE
4042,408-3842623-5422707,3842623,Women,65,08/04/2022,Delivered,Nalli,J0003-SET-XS,Set,XS,1,INR,664,Dombivli,421202,IN,FALSE
4043,408-8802420-7489124,8802420,Women,69,08/04/2022,Delivered,Myntra,SET364-KR-NP-M,Set,M,1,INR,1126,BELAGAVI,590001,IN,FALSE
4044,404-3858073-6426743,3858073,Women,29,08/04/2022,Delivered,Amazon,SET397-KR-NP-S,Set,S,1,INR,999,GODHRA,389001,IN,FALSE
4045,402-3829104-1804308,3829104,Women,28,08/04/2022,Delivered,Amazon,JNE3863-TU-XXL,Top,XXL,1,INR,540,JALPAIGURI,734008,IN,FALSE
4046,402-3547090-0699503,3547090,Women,20,08/04/2022,Delivered,Amazon,SET393-KR-NP-L,Set,L,1,INR,969,NUZVID,521201,IN,FALSE
4047,402-0830289-8241908,830289,Men,70,08/04/2022,Delivered,Amazon,SET392-KR-NP-M,Set,M,1,INR,799,NAVI MUMBAI,400709,IN,FALSE
4048,407-5439938-7061140,5439938,Women,31,08/04/2022,Delivered,Flipkart,JNE3887-KR-L,kurta,L,1,INR,526,TEZPUR,784001,IN,FALSE
4049,406-7561707-9313918,7561707,Men,47,08/04/2022,Delivered,Myntra,JNE3798-KR-XL,Western Dress,XL,1,INR,735,BHOPAL,462022,IN,FALSE
4050,406-4388299-4064316,4388299,Women,24,08/04/2022,Delivered,Nalli,SET200-KR-NP-A-XXXL,Set,3XL,1,INR,563,KOLKATA,700030,IN,FALSE
4051,404-3795017-0193962,3795017,Women,73,08/04/2022,Delivered,Amazon,JNE3420-KR-S,kurta,S,1,INR,301,DEHRADUN,248001,IN,FALSE
4052,408-7081781-1282751,7081781,Men,40,08/04/2022,Delivered,Flipkart,JNE3797-KR-XL,Western Dress,XL,1,INR,771,HYDERABAD,500020,IN,FALSE
4053,405-6958712-0179533,6958712,Men,40,08/04/2022,Delivered,Ajio,J0233-SKD-XXXL,Set,3XL,1,INR,1299,FARIDABAD,121003,IN,FALSE
4054,402-2727572-3694757,2727572,Women,35,08/04/2022,Delivered,Flipkart,J0230-SKD-S,Set,S,1,INR,1349,BILASPUR,495001,IN,FALSE
4055,402-0498766-3996354,498766,Men,38,08/04/2022,Delivered,Flipkart,J0341-DR-XXXL,Western Dress,3XL,1,INR,1168,GHAZIABAD,201011,IN,FALSE
4056,406-8038924-7669967,8038924,Men,41,08/04/2022,Delivered,Flipkart,SET233-KR-PP-S,Set,S,1,INR,545,PUNE,411028,IN,FALSE
4057,404-0982894-5869104,982894,Men,33,08/04/2022,Returned,Others,SET288-KR-NP-XL,Set,XL,1,INR,631,BENGALURU,560019,IN,FALSE
4058,407-6518179-8601969,6518179,Women,53,08/04/2022,Delivered,Meesho,SET356-KR-NP-M,Set,M,1,INR,999,KANPUR,208001,IN,FALSE
4059,407-6518179-8601969,6518179,Men,20,08/04/2022,Delivered,Amazon,SET364-KR-NP-M,Set,M,1,INR,1126,FARIDABAD,121002,IN,FALSE
4060,404-5537204-5406762,5537204,Women,33,08/04/2022,Delivered,Flipkart,SET288-KR-NP-M,Set,M,1,INR,698,KARWI,210205,IN,FALSE
4061,407-6769951-0273956,6769951,Women,40,08/04/2022,Delivered,Myntra,MEN5008-KR-M,kurta,M,1,INR,688,BHOPAL,462003,IN,FALSE
4062,406-7133946-5192365,7133946,Men,30,08/04/2022,Delivered,Ajio,J0126-SKD-XXXL,Set,3XL,1,INR,760,NOIDA,201301,IN,FALSE
4063,406-7133946-5192365,7133946,Women,78,08/04/2022,Delivered,Others,J0328-KR-S,kurta,S,1,INR,939,HYDERABAD,500084,IN,FALSE
4064,407-1242153-1896352,1242153,Women,35,08/04/2022,Delivered,Amazon,SET116-KR-NP-XS,Set,XS,1,INR,591,Pandav nagar janta garden,110091,IN,FALSE
4065,402-3012668-8513110,3012668,Women,21,08/04/2022,Delivered,Flipkart,JNE3560-KR-XXXL,kurta,3XL,1,INR,487,THRISSUR,680006,IN,FALSE
4066,407-0005561-1307509,5561,Women,47,08/04/2022,Delivered,Amazon,JNE3451-KR-XXL,kurta,XXL,1,INR,351,RAJAHMUNDRY,533105,IN,FALSE
4067,404-1812973-1229957,1812973,Women,40,08/04/2022,Delivered,Nalli,J0340-TP-S,Top,S,1,INR,690,NOIDA,201309,IN,FALSE
4068,405-8980663-9175551,8980663,Women,49,08/04/2022,Delivered,Ajio,JNE3878-KR-XXL,kurta,XXL,1,INR,399,BENGALURU,560066,IN,FALSE
4069,408-3308117-9173929,3308117,Men,22,08/04/2022,Delivered,Others,JNE3798-KR-XXXL,Western Dress,3XL,1,INR,725,LUCKNOW,226021,IN,FALSE
4070,171-6567291-7261154,6567291,Men,74,08/04/2022,Delivered,Amazon,JNE3800-KR-XL,Western Dress,XL,1,INR,735,CHENNAI,600054,IN,FALSE
4071,171-2529314-1866720,2529314,Men,59,08/04/2022,Delivered,Amazon,JNE3797-KR-L,Western Dress,L,1,INR,771,KOLLAM,691531,IN,FALSE
4072,404-3996772-9394707,3996772,Women,43,08/04/2022,Delivered,Amazon,SET396-KR-PP-L,Set,L,1,INR,1149,JAIPUR,302015,IN,FALSE
4073,405-3829732-1177159,3829732,Women,31,08/04/2022,Delivered,Ajio,JNE3838-KR-XXXL,kurta,3XL,1,INR,399,THANE,401107,IN,FALSE
4074,407-5753535-2548369,5753535,Men,42,08/04/2022,Delivered,Flipkart,JNE3870-DR-XXL,Western Dress,XXL,1,INR,998,DELHI,110007,IN,FALSE
4075,404-0024834-2279537,24834,Men,24,08/04/2022,Delivered,Flipkart,J0236-SKD-S,Set,S,1,INR,950,ROURKELA,769010,IN,FALSE
4076,404-8504487-9031547,8504487,Women,29,08/04/2022,Delivered,Myntra,SET348-KR-NP-L,Set,L,1,INR,899,VARANASI,221003,IN,FALSE
4077,408-1727687-1330768,1727687,Women,38,08/04/2022,Delivered,Others,JNE3373-KR-XXXL,kurta,3XL,1,INR,376,VILLUPURAM,605602,IN,FALSE
4078,408-4430555-9840321,4430555,Men,42,08/04/2022,Delivered,Flipkart,J0244-SKD-XS,Set,XS,1,INR,1238,PATNA,800008,IN,FALSE
4079,403-1351765-3878716,1351765,Women,25,08/04/2022,Delivered,Myntra,J0113-TP-XS,Top,XS,1,INR,574,Mumbai,400092,IN,FALSE
4080,407-8988387-5132346,8988387,Men,46,08/04/2022,Delivered,Amazon,SET383-KR-NP-L,Set,L,1,INR,631,Chennai,600024,IN,FALSE
4081,407-8988387-5132346,8988387,Women,48,08/04/2022,Delivered,Meesho,JNE3461-KR-XXXL,kurta,3XL,1,INR,399,TIRUNELVELI,627011,IN,FALSE
4082,408-8029277-4588351,8029277,Women,41,08/04/2022,Delivered,Flipkart,JNE3807-KR-XS,kurta,XS,1,INR,692,MYSURU,570028,IN,FALSE
4083,408-7924353-8243527,7924353,Men,41,08/04/2022,Delivered,Ajio,J0306-DR-L,Western Dress,L,1,INR,791,NOIDA,201305,IN,FALSE
4084,405-3180227-5007567,3180227,Men,55,08/04/2022,Delivered,Myntra,SET268-KR-NP-XL,Set,XL,1,INR,788,KOLKATA,700084,IN,FALSE
4085,404-2615717-7445951,2615717,Men,25,08/04/2022,Delivered,Myntra,SET350-KR-NP-XL,Set,XL,1,INR,1088,MUMBAI,400095,IN,FALSE
4086,407-9194697-5709113,9194697,Women,37,08/04/2022,Delivered,Myntra,J0094-KR-XL,kurta,XL,1,INR,568,Bangalore,560048,IN,FALSE
4087,403-8616092-1924316,8616092,Men,37,08/04/2022,Delivered,Myntra,JNE3797-KR-M,Western Dress,M,1,INR,735,BENGALURU,560043,IN,FALSE
4088,402-1289399-9434713,1289399,Women,31,08/04/2022,Delivered,Amazon,MEN5009-KR-L,kurta,L,1,INR,499,NAVI MUMBAI,410206,IN,FALSE
4089,404-0220500-9319527,220500,Women,26,08/04/2022,Delivered,Nalli,SAR017,Saree,Free,1,INR,597,Hyderabad,500089,IN,FALSE
4090,405-4441268-4177962,4441268,Women,45,08/04/2022,Delivered,Meesho,MEN5007-KR-M,kurta,M,1,INR,475,PATNA,800014,IN,FALSE
4091,171-0659708-4193149,659708,Women,32,08/04/2022,Delivered,Meesho,JNE3807-KR-XS,kurta,XS,1,INR,692,PANCHKULA,134109,IN,FALSE
4092,403-5639012-9699569,5639012,Women,49,08/04/2022,Delivered,Nalli,JNE3548-KR-XL,kurta,XL,1,INR,517,HYDERABAD,500072,IN,FALSE
4093,403-9421356-5861113,9421356,Women,49,08/04/2022,Delivered,Amazon,SET291-KR-PP-S,Set,S,1,INR,579,GHAZIABAD,201017,IN,FALSE
4094,404-9195958-3452343,9195958,Women,33,08/04/2022,Delivered,Myntra,JNE3654-TP-XXL,Top,XXL,1,INR,457,HYDERABAD,500089,IN,FALSE
4095,403-3182182-0741167,3182182,Men,31,08/04/2022,Delivered,Flipkart,SET344-KR-NP-XXL,Set,XXL,1,INR,882,HYDERABAD,500032,IN,FALSE
4096,402-3252515-8403509,3252515,Women,23,08/04/2022,Delivered,Flipkart,SET062-KR-SP-M,Set,M,1,INR,685,HYDERABAD,500097,IN,FALSE
4097,408-4522325-7740336,4522325,Women,46,08/04/2022,Delivered,Nalli,MEN5023-KR-M,kurta,M,1,INR,549,BENGALURU,562125,IN,FALSE
4098,406-6191470-9750740,6191470,Men,25,08/04/2022,Delivered,Flipkart,J0343-DR-M,Western Dress,M,1,INR,744,KARIVELLUR,670521,IN,FALSE
4099,171-0777651-4124369,777651,Men,48,08/04/2022,Delivered,Ajio,SET345-KR-NP-M,Set,M,1,INR,618,Bengaluru,560078,IN,FALSE
4100,404-3090920-4473156,3090920,Women,50,08/04/2022,Returned,Amazon,NW005-ST-PJ-XXXL,Set,3XL,1,INR,562,NAKODAR,144040,IN,FALSE
4101,408-6062232-3044308,6062232,Men,45,08/04/2022,Delivered,Amazon,J0117-TP-S,Top,S,1,INR,518,Bengaluru,560008,IN,FALSE
4102,405-6274687-2899536,6274687,Men,38,08/04/2022,Cancelled,Ajio,JNE3838-KR-XXXL,kurta,3XL,1,INR,399,KALYAN,421306,IN,FALSE
4103,402-8255272-5665145,8255272,Women,29,08/04/2022,Delivered,Flipkart,SET183-KR-DH-M,Set,M,1,INR,730,JAIPUR,302021,IN,FALSE
4104,404-1797485-3025117,1797485,Men,52,08/04/2022,Delivered,Flipkart,J0355-KR-M,kurta,M,1,INR,607,PATHANAMTHITTA,689503,IN,FALSE
4105,404-6196204-5877914,6196204,Men,30,08/04/2022,Delivered,Nalli,JNE3465-KR-XL,kurta,XL,1,INR,517,TIRUNELVELI,627002,IN,FALSE
4106,404-6434173-3709126,6434173,Men,49,08/04/2022,Delivered,Others,SET383-KR-NP-M,Set,M,1,INR,599,ALLAHABAD,211002,IN,FALSE
4107,403-1651882-6151559,1651882,Men,74,08/04/2022,Delivered,Amazon,J0341-DR-XL,Western Dress,XL,1,INR,743,Mumbai,400037,IN,FALSE
4108,402-1280496-4063559,1280496,Men,67,08/04/2022,Delivered,Meesho,J0352-KR-XXL,kurta,XXL,1,INR,666,FARIDABAD,121009,IN,FALSE
4109,406-3448601-1796362,3448601,Women,33,08/04/2022,Delivered,Meesho,SET265-KR-NP-L,Set,L,1,INR,888,AMRELI,365601,IN,FALSE
4110,404-7736139-8545927,7736139,Men,46,08/04/2022,Delivered,Myntra,SET291-KR-PP-L,Set,L,1,INR,569,BENGALURU,560024,IN,FALSE
4111,403-2963387-8246743,2963387,Men,71,08/04/2022,Delivered,Amazon,J0341-DR-XL,Western Dress,XL,1,INR,744,PUTTUR,517583,IN,FALSE
4112,405-4282511-8287546,4282511,Men,72,08/04/2022,Delivered,Amazon,J0301-TP-XL,Top,XL,1,INR,693,CHENNAI,600024,IN,FALSE
4113,406-2651705-8203544,2651705,Men,44,08/04/2022,Delivered,Others,SET264-KR-NP-XL,Set,XL,1,INR,824,Bhubaneswar,751012,IN,FALSE
4114,405-5425082-3530722,5425082,Men,38,08/04/2022,Delivered,Amazon,SET324-KR-NP-L,Set,L,1,INR,597,HYDERABAD,500053,IN,FALSE
4115,171-6154235-3137126,6154235,Men,19,08/04/2022,Cancelled,Nalli,J0003-SET-M,Set,M,1,INR,654,BENGALURU,560097,IN,FALSE
4116,407-7511068-2985131,7511068,Men,76,08/04/2022,Delivered,Amazon,JNE3706-DR-L,Western Dress,L,1,INR,413,HYDERABAD,500070,IN,FALSE
4117,408-4956756-1202719,4956756,Men,26,08/04/2022,Delivered,Amazon,JNE3437-KR-XS,kurta,XS,1,INR,499,VISAKHAPATNAM,530011,IN,FALSE
4118,406-1309768-7111503,1309768,Women,23,08/04/2022,Delivered,Ajio,JNE3720-KR-XL,kurta,XL,1,INR,517,KOTHAGUDEM,507119,IN,FALSE
4119,404-9850038-7305941,9850038,Men,44,08/04/2022,Delivered,Amazon,J0341-DR-XXL,Western Dress,XXL,1,INR,1168,NEW DELHI,110010,IN,FALSE
4120,171-4132664-4792338,4132664,Women,30,08/04/2022,Delivered,Flipkart,JNE3794-KR-M,kurta,M,1,INR,499,CHENNAI,600039,IN,FALSE
4121,408-9527698-4492311,9527698,Men,38,08/04/2022,Delivered,Amazon,SET288-KR-NP-XXXL,Set,3XL,1,INR,664,MARALIA,181101,IN,FALSE
4122,404-5017593-4012319,5017593,Women,21,08/04/2022,Delivered,Flipkart,JNE3548-KR-S,kurta,S,1,INR,517,BENGALURU,560010,IN,FALSE
4123,404-5512687-4725941,5512687,Women,45,08/04/2022,Delivered,Flipkart,JNE3405-KR-XL,kurta,XL,1,INR,399,KURUMPILAVU,680564,IN,FALSE
4124,404-5512687-4725941,5512687,Women,19,08/04/2022,Delivered,Meesho,JNE3605-KR-L,kurta,L,1,INR,487,ANAND,388001,IN,FALSE
4125,403-0238732-1017170,238732,Women,26,08/04/2022,Delivered,Flipkart,JNE3838-KR-XXL,kurta,XXL,1,INR,387,AHMEDABAD,380007,IN,FALSE
4126,403-0238732-1017170,238732,Men,45,08/04/2022,Delivered,Myntra,SET182-KR-DH-XXL,Set,XXL,1,INR,699,NEW TOWN,700135,IN,FALSE
4127,408-5080343-4432367,5080343,Men,62,08/04/2022,Delivered,Nalli,JNE3869-DR-S,Western Dress,S,1,INR,721,KASARAGOD,671121,IN,FALSE
4128,405-2447223-1482749,2447223,Women,48,08/04/2022,Delivered,Flipkart,SET415-KR-NP-XL,Set,XL,1,INR,999,JAMSHEDPUR,831003,IN,FALSE
4129,408-6833303-3484336,6833303,Women,25,08/04/2022,Delivered,Myntra,NW001-TP-PJ-XL,Set,XL,1,INR,563,DEHRADUN,248009,IN,FALSE
4130,408-6833303-3484336,6833303,Women,36,08/04/2022,Refunded,Amazon,NW009-ST-CP-L,Set,L,1,INR,586,Kanpur,208003,IN,FALSE
4131,408-6833303-3484336,6833303,Women,50,08/04/2022,Delivered,Flipkart,MEN5005-KR-XXXL,kurta,3XL,1,INR,452,AJMER,305001,IN,FALSE
4132,408-6833303-3484336,6833303,Women,33,08/04/2022,Delivered,Amazon,MEN5007-KR-XL,kurta,XL,1,INR,475,THANE,400603,IN,FALSE
4133,408-2036590-0374734,2036590,Women,28,08/04/2022,Delivered,Flipkart,NW001-TP-PJ-XXXL,Set,3XL,1,INR,539,LUDHIANA,142022,IN,FALSE
4134,407-2919028-0005954,2919028,Women,36,08/04/2022,Delivered,Flipkart,JNE3713-TP-N-S,Top,S,1,INR,359,HYDERABAD,502032,IN,FALSE
4135,404-4708525-0388315,4708525,Men,26,08/04/2022,Delivered,Ajio,JNE3797-KR-M,Western Dress,M,1,INR,735,JABALPUR,482002,IN,FALSE
4136,402-1614404-5719510,1614404,Women,49,08/04/2022,Delivered,Amazon,J0137-SET-M,Set,M,1,INR,721,visakhapatnam,530048,IN,FALSE
4137,407-0665016-5833167,665016,Men,59,08/04/2022,Delivered,Amazon,SET319-KR-NP-XXXL,Set,3XL,1,INR,825,BENGALURU,560087,IN,FALSE
4138,407-0665016-5833167,665016,Men,19,08/04/2022,Delivered,Myntra,SET073-KR-SHA-M,Set,M,1,INR,791,MUMBAI,401107,IN,FALSE
4139,407-0665016-5833167,665016,Women,44,08/04/2022,Delivered,Ajio,JNE3399-KR-XL,kurta,XL,1,INR,435,AHMEDABAD,380052,IN,FALSE
4140,404-6084756-3524309,6084756,Men,27,08/04/2022,Returned,Myntra,J0005-DR-XXL,Western Dress,XXL,1,INR,899,Thane,400602,IN,FALSE
4141,402-8149647-9365916,8149647,Men,70,08/04/2022,Delivered,Amazon,J0349-SET-XL,Set,XL,1,INR,791,NAVI MUMBAI,400709,IN,FALSE
4142,402-7720427-6147566,7720427,Women,19,08/04/2022,Delivered,Others,JNE3405-KR-XXXL,kurta,3XL,1,INR,449,MUMBAI,400022,IN,FALSE
4143,405-9239323-2492328,9239323,Men,46,08/04/2022,Delivered,Nalli,SET339-KR-NP-XXXL,Set,3XL,1,INR,736,BHUBANESWAR,751005,IN,FALSE
4144,406-4796681-2855556,4796681,Men,45,08/04/2022,Delivered,Myntra,SET290-KR-DPT-XXL,Set,XXL,1,INR,715,SRIKAKULAM,532406,IN,FALSE
4145,404-0202987-8170766,202987,Women,78,08/04/2022,Delivered,Ajio,SET300-KR-NP-XL,Set,XL,1,INR,999,JAUNPUR,222002,IN,FALSE
4146,406-8995755-6471550,8995755,Women,24,08/04/2022,Delivered,Myntra,SET268-KR-NP-XL,Set,XL,1,INR,698,MUMBAI,400053,IN,FALSE
4147,405-2418715-0031519,2418715,Men,48,08/04/2022,Delivered,Ajio,J0335-DR-L,Western Dress,L,1,INR,807,BENGALURU,560090,IN,FALSE
4148,406-0217572-5021175,217572,Women,46,08/04/2022,Delivered,Myntra,MEN5007-KR-XXL,kurta,XXL,1,INR,495,GURUGRAM,122505,IN,FALSE
4149,408-2523704-7156316,2523704,Women,26,08/04/2022,Delivered,Flipkart,SET388-KR-NP-XXXL,Set,3XL,1,INR,1299,INDORE,452001,IN,FALSE
4150,408-5495512-2828330,5495512,Women,37,08/04/2022,Returned,Myntra,SET392-KR-NP-L,Set,L,1,INR,799,HYDERABAD,500079,IN,FALSE
4151,171-7001041-6234755,7001041,Men,68,08/04/2022,Delivered,Others,J0295-DR-XL,Western Dress,XL,1,INR,859,Vellore,632006,IN,FALSE
4152,403-5324874-0634734,5324874,Men,33,08/04/2022,Delivered,Flipkart,SET269-KR-NP-S,Set,S,1,INR,824,AGRA,282007,IN,FALSE
4153,404-3297188-0468317,3297188,Women,28,08/04/2022,Delivered,Amazon,JNE3760-KR-XXL,kurta,XXL,1,INR,432,VASCO DA GAMA,403802,IN,FALSE
4154,403-6468294-7139513,6468294,Men,47,08/04/2022,Delivered,Amazon,SET220-KR-PP-XXL,Set,XXL,1,INR,1075,KHARAGPUR,721301,IN,FALSE
4155,408-7522491-5998736,7522491,Women,45,08/04/2022,Returned,Myntra,JNE3803-KR-XL,kurta,XL,1,INR,459,SURAT,395007,IN,FALSE
4156,408-7522491-5998736,7522491,Men,37,08/04/2022,Returned,Amazon,JNE3797-KR-L,Western Dress,L,1,INR,771,MUMBAI,400070,IN,FALSE
4157,403-7687597-5227528,7687597,Men,25,08/04/2022,Delivered,Myntra,J0254-SKD-S,Set,S,1,INR,955,Mangalore,575003,IN,FALSE
4158,403-7687597-5227528,7687597,Men,22,08/04/2022,Delivered,Amazon,J0244-SKD-L,Set,L,1,INR,1164,BIDHAN NAGAR,700064,IN,FALSE
4159,403-7687597-5227528,7687597,Men,39,08/04/2022,Delivered,Amazon,J0230-SKD-S,Set,S,1,INR,1309,GUWAHATI,781035,IN,FALSE
4160,403-1192271-3874735,1192271,Women,63,08/04/2022,Delivered,Ajio,SET274-KR-PP-XS,Set,XS,1,INR,652,GURUGRAM,122006,IN,FALSE
4161,405-1263646-7924360,1263646,Men,20,08/04/2022,Delivered,Amazon,J0341-DR-XL,Western Dress,XL,1,INR,842,BENGALURU,560100,IN,FALSE
4162,408-5075066-3429930,5075066,Men,69,08/04/2022,Delivered,Amazon,SET383-KR-NP-XXXL,Set,3XL,1,INR,581,BATALA,143505,IN,FALSE
4163,402-2725922-2563559,2725922,Men,33,08/04/2022,Cancelled,Ajio,SET268-KR-NP-XXXL,Set,3XL,1,INR,698,HYDERABAD,500090,IN,FALSE
4164,402-5504613-9401128,5504613,Women,44,08/04/2022,Delivered,Myntra,MEN5021-KR-XXXL,kurta,3XL,1,INR,754,HYDERABAD,500065,IN,FALSE
4165,402-5504613-9401128,5504613,Women,32,08/04/2022,Delivered,Meesho,MEN5006-KR-XL,kurta,XL,1,INR,475,MUMBAI,400093,IN,FALSE
4166,408-4836294-9831556,4836294,Women,37,08/04/2022,Delivered,Others,SET357-KR-NP-XL,Set,XL,1,INR,771,PUNE,411036,IN,FALSE
4167,404-8167575-4702741,8167575,Women,48,08/04/2022,Delivered,Others,J0136-KR-XS,kurta,XS,1,INR,499,ITANAGAR,791111,IN,FALSE
4168,407-6862347-2850729,6862347,Men,26,08/04/2022,Delivered,Ajio,J0005-DR-XXL,Western Dress,XXL,1,INR,899,BENGALURU,560045,IN,FALSE
4169,405-0550047-5057952,550047,Men,70,08/04/2022,Delivered,Flipkart,SET268-KR-NP-XS,Set,XS,1,INR,788,SULYA,574239,IN,FALSE
4170,405-0366587-7706726,366587,Women,43,08/04/2022,Delivered,Ajio,J0244-SKD-M,Set,M,1,INR,1281,MUMBAI,400026,IN,FALSE
4171,171-5161603-6735563,5161603,Women,36,08/04/2022,Delivered,Myntra,PJNE2100-KR-N-5XL,kurta,5XL,1,INR,458,NAVI MUMBAI,410206,IN,FALSE
4172,171-5161603-6735563,5161603,Men,18,08/04/2022,Delivered,Myntra,NW022-TP-PJ-M,Set,M,1,INR,590,GURUGRAM,122004,IN,FALSE
4173,408-2664579-6812346,2664579,Women,42,08/04/2022,Delivered,Ajio,J0164-DR-L,Ethnic Dress,L,1,INR,452,AMRITSAR,143001,IN,FALSE
4174,407-5310327-7566764,5310327,Women,26,08/04/2022,Delivered,Amazon,SAR010,Saree,Free,1,INR,702,CHANDANNAGAR,712136,IN,FALSE
4175,408-6132400-2598740,6132400,Men,70,08/04/2022,Delivered,Myntra,J0003-SET-M,Set,M,1,INR,664,BENGALURU,560062,IN,FALSE
4176,406-9149036-6812336,9149036,Men,75,08/04/2022,Delivered,Amazon,J0341-DR-XL,Western Dress,XL,1,INR,744,BERHAMPUR,760008,IN,FALSE
4177,403-4173957-1988367,4173957,Women,18,08/04/2022,Delivered,Amazon,J0139-KR-XL,kurta,XL,1,INR,399,BILASPUR,495001,IN,FALSE
4178,407-9125053-1494700,9125053,Men,71,08/04/2022,Delivered,Amazon,SET324-KR-NP-S,Set,S,1,INR,597,BENGALURU,560019,IN,FALSE
4179,407-8540687-3200346,8540687,Women,24,08/04/2022,Delivered,Amazon,SAR009,Saree,Free,1,INR,653,Mattannur,670702,IN,FALSE
4180,404-1294575-6305935,1294575,Men,26,08/04/2022,Cancelled,Meesho,BTM042-PP-M,Bottom,M,1,INR,329,AHMEDABAD,382418,IN,FALSE
4181,407-2330406-4168345,2330406,Men,35,08/04/2022,Delivered,Amazon,JNE3797-KR-L,Western Dress,L,1,INR,724,CHENNAI,600004,IN,FALSE
4182,403-7296091-1261928,7296091,Men,21,08/04/2022,Delivered,Myntra,J0380-SKD-M,Set,M,1,INR,1438,Chennai,600024,IN,FALSE
4183,171-0609056-0710749,609056,Women,23,08/04/2022,Delivered,Amazon,J0190-TP-L,Top,L,1,INR,335,Secunderabad,500015,IN,FALSE
4184,171-3183803-1665111,3183803,Men,21,08/04/2022,Delivered,Nalli,J0341-DR-XXL,Western Dress,XXL,1,INR,1168,Kharar,140301,IN,FALSE
4185,407-6150306-8803552,6150306,Women,53,08/04/2022,Delivered,Amazon,JNE3654-TP-XL,Top,XL,1,INR,360,Chandigarh,160101,IN,FALSE
4186,403-6730526-8338751,6730526,Men,30,08/04/2022,Delivered,Amazon,J0341-DR-XS,Western Dress,XS,1,INR,885,HYDERABAD,500018,IN,FALSE
4187,407-2554906-1997157,2554906,Men,58,08/04/2022,Delivered,Meesho,JNE3797-KR-XS,Western Dress,XS,1,INR,735,Gurugram,122001,IN,FALSE
4188,171-7354122-4347521,7354122,Men,39,08/04/2022,Delivered,Flipkart,J0002-SKD-XL,Set,XL,1,INR,1186,GHAZIPUR,233001,IN,FALSE
4189,171-0259019-5785125,259019,Women,44,08/04/2022,Cancelled,Amazon,JNE3370-KR-XXL,kurta,XXL,1,INR,305,HYDERABAD,500081,IN,FALSE
4190,405-3038051-3519539,3038051,Women,34,08/04/2022,Delivered,Ajio,SET329-KR-NP-S,Set,S,1,INR,666,MUMBAI,400101,IN,FALSE
4191,408-6571890-6641148,6571890,Women,22,08/04/2022,Delivered,Amazon,J0003-SET-M,Set,M,1,INR,696,THANE,401107,IN,FALSE
4192,402-2725210-8578752,2725210,Women,28,08/04/2022,Delivered,Others,SET397-KR-NP  -M,Set,M,1,INR,1186,RAJNANDGAON,491441,IN,FALSE
4193,407-4250472-8012335,4250472,Women,30,08/04/2022,Delivered,Amazon,J0003-SET-XS,Set,XS,1,INR,664,RANCHI,834001,IN,FALSE
4194,405-3325406-2557917,3325406,Women,30,08/04/2022,Delivered,Amazon,JNE3399-KR-XXXL,kurta,3XL,1,INR,435,CHENNAI,600040,IN,FALSE
4195,405-3325406-2557917,3325406,Women,27,08/04/2022,Delivered,Amazon,JNE3784-KR-S,kurta,S,1,INR,496,KANPUR,208014,IN,FALSE
4196,403-9989828-9493900,9989828,Women,78,08/04/2022,Delivered,Flipkart,J0011-LCD-S,Set,S,1,INR,1233,GURUGRAM,122003,IN,FALSE
4197,403-2617994-0722709,2617994,Men,18,08/04/2022,Delivered,Myntra,J0308-DR-L,Western Dress,L,1,INR,925,MUMBAI,400104,IN,FALSE
4198,407-5391006-2161144,5391006,Women,20,08/04/2022,Delivered,Amazon,SAR026,Saree,Free,1,INR,458,Jajpur,755019,IN,FALSE
4199,404-9947029-6052358,9947029,Men,41,08/04/2022,Delivered,Ajio,SET357-KR-NP-XXXL,Set,3XL,1,INR,771,PUNE,412308,IN,FALSE
4200,404-6341086-6210736,6341086,Women,44,08/04/2022,Delivered,Amazon,J0230-SKD-M,Set,M,1,INR,1309,GONDA,271001,IN,FALSE
4201,405-8872574-1410737,8872574,Women,41,08/04/2022,Delivered,Amazon,J0277-SKD-XL,Set,XL,1,INR,1463,BENGALURU,560043,IN,FALSE
4202,408-8469656-4753161,8469656,Men,69,08/04/2022,Delivered,Ajio,SET342-KR-NP-N-XL,Set,XL,1,INR,825,JODHPUR,342005,IN,FALSE
4203,402-1949618-9533116,1949618,Women,18,08/04/2022,Delivered,Myntra,J0285-SKD-XS,Set,XS,1,INR,1432,JAIPUR,302001,IN,FALSE
4204,408-8519720-6993906,8519720,Men,41,08/04/2022,Delivered,Amazon,JNE3797-KR-XL,Western Dress,XL,1,INR,735,BENGALURU,560063,IN,FALSE
4205,171-6428279-1575537,6428279,Women,47,08/04/2022,Delivered,Amazon,JNE3605-KR-XXL,kurta,XXL,1,INR,481,New delhi,110048,IN,FALSE
4206,171-5689088-6625937,5689088,Women,20,08/04/2022,Cancelled,Ajio,JNE3579-KR-M,kurta,M,1,INR,295,PUNE,411027,IN,FALSE
4207,406-1748887-2211531,1748887,Women,32,08/04/2022,Delivered,Myntra,SET264-KR-NP-XXL,Set,XXL,1,INR,824,BENGALURU,560068,IN,FALSE
4208,171-6687381-4551517,6687381,Women,29,08/04/2022,Delivered,Amazon,JNE3697-KR-L,kurta,L,1,INR,486,ERNAKULAM,682028,IN,FALSE
4209,408-9478252-2461956,9478252,Women,26,08/04/2022,Delivered,Meesho,MEN5011-KR-XXL,kurta,XXL,1,INR,499,KOLKATA,700081,IN,FALSE
4210,408-0070111-9265134,70111,Women,18,08/04/2022,Delivered,Amazon,JNE3786-KR-XL,kurta,XL,1,INR,349,CHENNAI,600050,IN,FALSE
4211,408-4349834-5721145,4349834,Men,74,08/04/2022,Delivered,Amazon,SET217-KR-PP-XL,Set,XL,1,INR,762,HYDERABAD,500010,IN,FALSE
4212,403-7641374-2128366,7641374,Women,62,08/04/2022,Delivered,Flipkart,JNE3568-KR-S,kurta,S,1,INR,399,BENGALURU,560076,IN,FALSE
4213,408-6342149-5615548,6342149,Women,36,08/04/2022,Delivered,Nalli,SET345-KR-NP-M,Set,M,1,INR,635,NOIDA,201301,IN,FALSE
4214,402-3033423-6177922,3033423,Women,77,08/04/2022,Delivered,Amazon,SAR001,Saree,Free,1,INR,292,BENGALURU,560041,IN,FALSE
4215,407-0925582-8722703,925582,Men,33,08/04/2022,Delivered,Myntra,NW034-TP-PJ-XXXL,Set,3XL,1,INR,595,NAGPUR,440026,IN,FALSE
4216,171-6321437-4238704,6321437,Men,31,08/04/2022,Delivered,Myntra,SET269-KR-NP-L,Set,L,1,INR,809,KALYAN,421301,IN,FALSE
4217,171-1783215-9768302,1783215,Women,41,08/04/2022,Delivered,Flipkart,JNE3405-KR-S,kurta,S,1,INR,435,NEW DELHI,110065,IN,FALSE
4218,406-0599903-3223526,599903,Men,30,08/04/2022,Delivered,Flipkart,J0335-DR-XL,Western Dress,XL,1,INR,940,PERINAD,691590,IN,FALSE
4219,408-7837822-6939527,7837822,Women,37,08/04/2022,Delivered,Amazon,SET147-KR-NP-S,Set,S,1,INR,684,BENGALURU,560048,IN,FALSE
4220,403-2593254-1256346,2593254,Women,72,08/04/2022,Delivered,Ajio,JNE3465-KR-L,kurta,L,1,INR,502,MACHILIPATNAM,521001,IN,FALSE
4221,407-5859088-4423531,5859088,Women,38,08/04/2022,Delivered,Amazon,JNE3567-KR-M,kurta,M,1,INR,399,BENGALURU,560032,IN,FALSE
4222,403-1975314-3045126,1975314,Men,50,08/04/2022,Delivered,Amazon,SET345-KR-NP-XXL,Set,XXL,1,INR,618,Belagavi,590016,IN,FALSE
4223,402-8676832-5382725,8676832,Women,73,08/04/2022,Delivered,Nalli,MEN5026-KR-XL,kurta,XL,1,INR,688,MEDINIPUR,721101,IN,FALSE
4224,406-8948395-3973965,8948395,Men,59,08/04/2022,Delivered,Amazon,JNE3797-KR-L,Western Dress,L,1,INR,771,PUNE,411015,IN,FALSE
4225,408-7289199-0542714,7289199,Women,43,08/04/2022,Delivered,Flipkart,SET343-KR-NP-S,Set,S,1,INR,850,JAIPUR,302027,IN,FALSE
4226,402-1505070-9503505,1505070,Women,42,08/04/2022,Delivered,Amazon,JNE3724-KR-L,kurta,L,1,INR,499,HYDERABAD,500019,IN,FALSE
4227,406-4383751-2036305,4383751,Women,25,08/04/2022,Delivered,Amazon,J0244-SKD-XL,Set,XL,1,INR,1176,HYDERABAD,500075,IN,FALSE
4228,171-2292301-1150707,2292301,Men,54,08/04/2022,Delivered,Meesho,JNE3797-KR-M,Western Dress,M,1,INR,771,TALIKKULAM,680569,IN,FALSE
4229,407-7657711-9093100,7657711,Women,43,08/04/2022,Delivered,Amazon,JNE3823-KR-S,kurta,S,1,INR,542,PANAJI,403002,IN,FALSE
4230,403-7533411-5033951,7533411,Women,40,08/04/2022,Delivered,Amazon,MEN5008-KR-S,kurta,S,1,INR,499,BENGALURU,560084,IN,FALSE
4231,407-3447270-9622758,3447270,Women,55,08/04/2022,Delivered,Others,JNE3567-KR-XXL,kurta,XXL,1,INR,399,Noida,201301,IN,TRUE
4232,403-8766273-3737925,8766273,Men,57,08/04/2022,Delivered,Myntra,JNE3797-KR-M,Western Dress,M,1,INR,725,BHUBANESWAR,751021,IN,FALSE
4233,408-5574323-9231528,5574323,Men,23,08/04/2022,Delivered,Amazon,SET273-KR-NP-M,Set,M,1,INR,612,BAREILLY,243122,IN,FALSE
4234,402-9030110-1325939,9030110,Men,35,08/04/2022,Delivered,Amazon,SET276-KR-PP-L,Set,L,1,INR,1164,GURUGRAM,122017,IN,FALSE
4235,402-9030110-1325939,9030110,Men,31,08/04/2022,Delivered,Flipkart,SET223-KR-NP-XXXL,Set,3XL,1,INR,648,GUNTUR,522002,IN,FALSE
4236,407-0065855-2537919,65855,Women,38,08/04/2022,Delivered,Flipkart,J0341-DR-S,Western Dress,S,1,INR,744,HYDERABAD,500084,IN,FALSE
4237,171-0333322-6586710,333322,Women,51,08/04/2022,Delivered,Myntra,MEN5025-KR-XXXL,kurta,3XL,1,INR,549,BADLAPUR,421503,IN,FALSE
4238,406-3177867-9954702,3177867,Men,67,08/04/2022,Delivered,Flipkart,SET360-KR-NP-L,Set,L,1,INR,1138,GUWAHATI,781007,IN,FALSE
4239,405-8755527-2896352,8755527,Women,40,08/04/2022,Delivered,Myntra,SET288-KR-NP-XXXL,Set,3XL,1,INR,664,UDAIPUR,313002,IN,FALSE
4240,406-5000684-4085121,5000684,Women,42,08/04/2022,Delivered,Nalli,SET363-KR-NP-XL,Set,XL,1,INR,1115,RANCHI,834001,IN,FALSE
4241,408-5181072-1713138,5181072,Women,78,08/04/2022,Cancelled,Flipkart,BTM040-PP-XL,Bottom,XL,1,INR,345,Kolkata,700019,IN,FALSE
4242,403-2470086-2874749,2470086,Women,20,08/04/2022,Delivered,Myntra,J0341-DR-XL,Western Dress,XL,1,INR,744,KORAPUT,764020,IN,FALSE
4243,408-7833200-6483515,7833200,Women,20,08/04/2022,Delivered,Others,J0341-DR-XS,Western Dress,XS,1,INR,743,NANDYAL,518502,IN,FALSE
4244,402-0918848-2118740,918848,Men,35,08/04/2022,Delivered,Flipkart,SET435-KR-NP-L,Set,L,1,INR,1399,AGRA,282005,IN,FALSE
4245,171-3750520-2093105,3750520,Women,32,08/04/2022,Delivered,Flipkart,JNE3779-KR-L,kurta,L,1,INR,346,BENGALURU,560077,IN,FALSE
4246,403-8815178-9572314,8815178,Men,55,08/04/2022,Delivered,Myntra,SET341-KR-NP-XL,Set,XL,1,INR,899,FARIDABAD,121003,IN,FALSE
4247,404-7394809-9829912,7394809,Women,31,08/04/2022,Cancelled,Amazon,JNE3405-KR-M,kurta,M,1,INR,399,KANPUR,208012,IN,FALSE
4248,405-8841049-1316345,8841049,Women,51,08/04/2022,Delivered,Amazon,MEN5015-KR-XXL,kurta,XXL,1,INR,645,KULATHUMMAL,695572,IN,FALSE
4249,402-2767729-1609111,2767729,Men,38,08/04/2022,Delivered,Flipkart,SET376-KR-NP-M,Set,M,1,INR,657,HYDERABAD,500091,IN,FALSE
4250,171-6855898-0947508,6855898,Women,26,08/04/2022,Delivered,Flipkart,JNE3798-KR-M,Western Dress,M,1,INR,735,LUCKNOW,226016,IN,FALSE
4251,171-0014382-1201107,14382,Women,65,08/04/2022,Delivered,Flipkart,SET269-KR-NP-XL,Set,XL,1,INR,824,MATHURA,281001,IN,FALSE
4252,171-9373841-6107526,9373841,Women,78,08/04/2022,Delivered,Flipkart,SET324-KR-NP-XL,Set,XL,1,INR,635,GUWAHATI,781009,IN,FALSE
4253,171-8102768-5977909,8102768,Women,43,08/04/2022,Delivered,Others,JNE3798-KR-XL,Western Dress,XL,1,INR,735,PUDUCHERRY,605011,IN,FALSE
4254,402-8171830-3340334,8171830,Women,67,08/04/2022,Delivered,Others,JNE3797-KR-XL,Western Dress,XL,1,INR,715,PARAVUR,683513,IN,FALSE
4255,402-8171830-3340334,8171830,Women,58,08/04/2022,Delivered,Amazon,JNE3801-KR-S,kurta,S,1,INR,735,GUWAHATI,781020,IN,FALSE
4256,407-1066356-0587535,1066356,Women,18,08/04/2022,Delivered,Amazon,SET264-KR-NP-L,Set,L,1,INR,729,PUNE,411001,IN,FALSE
4257,407-7480519-4893954,7480519,Women,32,08/04/2022,Delivered,Flipkart,J0003-SET-S,Set,S,1,INR,654,DEHRADUN,248001,IN,FALSE
4258,406-9236353-9028335,9236353,Men,45,08/04/2022,Delivered,Flipkart,SET144-KR-NP-M,Set,M,1,INR,788,Auraiya,206129,IN,FALSE
4259,171-4961562-9476354,4961562,Women,41,08/04/2022,Delivered,Flipkart,JNE3405-KR-S,kurta,S,1,INR,399,PATNA,800001,IN,FALSE
4260,405-4718402-4013165,4718402,Women,34,08/04/2022,Delivered,Flipkart,MEN5013-KR-XXL,kurta,XXL,1,INR,709,Kolkata,700041,IN,FALSE
4261,407-7112411-6016347,7112411,Women,19,08/04/2022,Delivered,Meesho,MEN5013-KR-XXL,kurta,XXL,1,INR,688,DAVANAGERE,577221,IN,FALSE
4262,402-7100884-0761958,7100884,Women,44,08/04/2022,Delivered,Flipkart,SAR013,Saree,Free,1,INR,1523,BENGALURU,561203,IN,FALSE
4263,171-1485616-1665938,1485616,Women,45,08/04/2022,Delivered,Myntra,J0418-TP-XS,Top,XS,1,INR,1039,HYDERABAD,500034,IN,FALSE
4264,404-3947340-5622722,3947340,Women,38,08/04/2022,Delivered,Myntra,JNE3797-KR-A-XXL,Western Dress,XXL,1,INR,771,PALAKKAD,678013,IN,FALSE
4265,403-2091268-3471510,2091268,Women,76,08/04/2022,Delivered,Amazon,J0373-KR-XL,kurta,XL,1,INR,599,ITANAGAR,791111,IN,FALSE
4266,403-2091268-3471510,2091268,Women,70,08/04/2022,Delivered,Flipkart,J0077-SKD-XS,Set,XS,1,INR,1099,MANDHAR INDUSTRIAL AREA,493111,IN,FALSE
4267,406-1724042-4778710,1724042,Women,30,08/04/2022,Delivered,Flipkart,JNE3440-KR-N-XS,kurta,XS,1,INR,387,CHENNAI,600004,IN,FALSE
4268,404-6589870-8616361,6589870,Women,19,08/04/2022,Delivered,Myntra,JNE3476-KR-S,kurta,S,1,INR,399,BANTWAL,574260,IN,FALSE
4269,406-2757054-9392309,2757054,Men,23,08/04/2022,Delivered,Myntra,SET273-KR-NP-XXXL,Set,3XL,1,INR,612,PIMPRI CHINCHWAD,411017,IN,FALSE
4270,408-1107356-0827512,1107356,Women,74,08/04/2022,Delivered,Meesho,BL100-S,Blouse,S,1,INR,259,GURUGRAM,122002,IN,FALSE
4271,407-1159530-0186702,1159530,Men,43,08/04/2022,Delivered,Amazon,SET333-KR-DPT-S,Set,S,1,INR,967,BELLAMPALLE,504251,IN,FALSE
4272,406-4023664-3015511,4023664,Men,33,08/04/2022,Delivered,Flipkart,SET345-KR-NP-L,Set,L,1,INR,626,YELESWARAM,533429,IN,FALSE
4273,402-4842183-0609946,4842183,Women,43,08/04/2022,Delivered,Flipkart,JNE3697-KR-S,kurta,S,1,INR,486,LATUR,413512,IN,FALSE
4274,406-4594310-4771517,4594310,Women,25,08/04/2022,Delivered,Myntra,MEN5023-KR-XL,kurta,XL,1,INR,764,RAIPUR,492001,IN,FALSE
4275,171-7779276-8987509,7779276,Women,21,08/04/2022,Delivered,Amazon,JNE3458-KR-XXXL,kurta,3XL,1,INR,380,AVINASHI,641654,IN,FALSE
4276,402-9818317-9101129,9818317,Women,78,08/04/2022,Delivered,Amazon,JNE3751-KR-L,kurta,L,1,INR,368,Nallasopara west,401203,IN,FALSE
4277,403-8714074-1421955,8714074,Women,33,08/04/2022,Delivered,Flipkart,J0341-DR-L,Western Dress,L,1,INR,885,HYDERABAD,500090,IN,FALSE
4278,406-7106690-5773920,7106690,Women,67,08/04/2022,Cancelled,Meesho,J0341-DR-XL,Western Dress,XL,1,INR,743,THAZHUTHALA,691304,IN,FALSE
4279,171-4582024-0544360,4582024,Women,29,08/04/2022,Delivered,Ajio,MEN5014-KR-L,kurta,L,1,INR,495,KANPUR,208024,IN,FALSE
4280,406-9202410-8349110,9202410,Women,49,08/04/2022,Delivered,Nalli,SET288-KR-NP-M,Set,M,1,INR,685,AKOLA,444002,IN,FALSE
4281,171-9336361-3458740,9336361,Women,48,08/04/2022,Delivered,Myntra,SET268-KR-NP-XL,Set,XL,1,INR,788,RATNAGIRI,415612,IN,FALSE
4282,404-8620810-4037139,8620810,Men,23,08/04/2022,Delivered,Amazon,SET110-KR-PP-XS,Set,XS,1,INR,788,GURUGRAM,122011,IN,FALSE
4283,408-4448840-1910754,4448840,Men,44,08/04/2022,Delivered,Amazon,J0009-SKD-M,Set,M,1,INR,854,AHMEDABAD,382330,IN,FALSE
4284,408-2650001-1937938,2650001,Women,40,08/04/2022,Delivered,Myntra,JNE3856-KR-L,kurta,L,1,INR,666,NEW DELHI,110092,IN,FALSE
4285,406-5993741-9923511,5993741,Women,34,08/04/2022,Delivered,Amazon,NW037-TP-SR-L,Set,L,1,INR,449,PUNE,412308,IN,FALSE
4286,404-3138434-9020360,3138434,Women,33,08/04/2022,Delivered,Myntra,JNE3688-TU-XL,Top,XL,1,INR,836,BENGALURU,560070,IN,FALSE
4287,407-0513906-0181917,513906,Women,32,08/04/2022,Delivered,Myntra,JNE3721-KR-M,kurta,M,1,INR,292,PAURI,246001,IN,FALSE
4288,402-4205129-6537115,4205129,Women,27,08/04/2022,Delivered,Amazon,JNE3608-KR-S,kurta,S,1,INR,345,BENGALURU,562107,IN,FALSE
4289,407-9331085-8986718,9331085,Women,54,08/04/2022,Cancelled,Amazon,J0151-KR-XS,kurta,XS,1,INR,499,GREATER NOIDA,201306,IN,FALSE
4290,402-8784386-8092317,8784386,Women,47,08/04/2022,Delivered,Amazon,SET278-KR-NP-M,Set,M,1,INR,1432,NAVI MUMBAI,410206,IN,FALSE
4291,405-1092307-0148340,1092307,Men,20,08/04/2022,Delivered,Myntra,SET304-KR-DPT-XS,Set,XS,1,INR,1129,AGRA,282007,IN,FALSE
4292,406-6821045-1140321,6821045,Women,20,08/04/2022,Delivered,Myntra,JNE3543-KR-XS,kurta,XS,1,INR,368,VIZIANAGARAM,535003,IN,FALSE
4293,171-0515045-2052361,515045,Women,67,08/04/2022,Delivered,Amazon,J0001-DR-XS,Ethnic Dress,XS,1,INR,690,CHENNAI,600118,IN,FALSE
4294,171-0515045-2052361,515045,Women,18,08/04/2022,Delivered,Flipkart,J0002-SKD-XS,Set,XS,1,INR,1125,CHENNAI,600078,IN,FALSE
4295,407-4222006-2923552,4222006,Women,41,08/04/2022,Delivered,Meesho,MEN5027-KR-L,kurta,L,1,INR,495,BHOPAL,462026,IN,FALSE
4296,408-8806797-3736344,8806797,Women,73,08/04/2022,Delivered,Flipkart,SET247-KR-SHA-XL,Set,XL,1,INR,680,Jammu,180002,IN,FALSE
4297,404-4359537-2785930,4359537,Women,26,08/04/2022,Delivered,Myntra,J0213-TP-XXXL,Top,3XL,1,INR,599,LEH,194101,IN,FALSE
4298,402-7040959-8672304,7040959,Women,26,08/04/2022,Delivered,Flipkart,JNE3256-KR-XS,kurta,XS,1,INR,481,CHENNAI,600042,IN,FALSE
4299,403-2391000-5709950,2391000,Women,29,08/04/2022,Delivered,Amazon,SET132-KR-NP-S,Set,S,1,INR,547,WARANGAL,506002,IN,FALSE
4300,402-9583643-1213140,9583643,Women,49,08/04/2022,Delivered,Amazon,JNE3751-KR-XL,kurta,XL,1,INR,349,Mysore,570002,IN,FALSE
4301,404-5051572-0424341,5051572,Women,76,08/04/2022,Delivered,Flipkart,JNE3405-KR-S,kurta,S,1,INR,435,NEW DELHI,110018,IN,FALSE
4302,171-9846758-5048303,9846758,Women,40,08/04/2022,Delivered,Nalli,JNE3579-KR-XXXL,kurta,3XL,1,INR,292,Vadodara,390007,IN,FALSE
4303,405-1937486-7392327,1937486,Women,37,08/04/2022,Delivered,Amazon,SAR027,Saree,Free,1,INR,1438,VISAKHAPATNAM,530012,IN,FALSE
4304,403-1760135-2556358,1760135,Women,21,08/04/2022,Delivered,Amazon,J0353-KR-XL,kurta,XL,1,INR,635,Port Blair,744103,IN,FALSE
4305,407-3392102-8740344,3392102,Women,31,08/04/2022,Delivered,Flipkart,JNE3546-KR-XL,kurta,XL,1,INR,452,KARIMNAGAR,505001,IN,FALSE
4306,405-7096691-5521141,7096691,Women,70,08/04/2022,Delivered,Amazon,JNE3712-TP-N-L,Top,L,1,INR,729,VISAKHAPATNAM,530017,IN,FALSE
4307,403-4929544-8366760,4929544,Women,62,08/04/2022,Delivered,Ajio,JNE3807-KR-S,kurta,S,1,INR,657,HYDERABAD,500004,IN,FALSE
4308,171-1662796-6012356,1662796,Women,31,08/04/2022,Delivered,Flipkart,SAR003,Saree,Free,1,INR,889,Trivandrum,695582,IN,FALSE
4309,171-4997829-0001100,4997829,Women,22,08/04/2022,Delivered,Myntra,SET110-KR-PP-L,Set,L,1,INR,788,GREATER NOIDA,201306,IN,FALSE
4310,171-4997829-0001100,4997829,Men,31,08/04/2022,Delivered,Myntra,SET252-KR-PP-S,Set,S,1,INR,759,SECUNDERABAD,500017,IN,FALSE
4311,171-4997829-0001100,4997829,Women,50,08/04/2022,Delivered,Amazon,SET144-KR-NP-XXXL,Set,3XL,1,INR,774,Mysuru,570019,IN,FALSE
4312,406-9163464-3661947,9163464,Women,42,08/04/2022,Delivered,Flipkart,JNE3607-KR-XXXL,kurta,3XL,1,INR,471,hyderabad,500083,IN,FALSE
4313,403-4314121-2585926,4314121,Women,47,08/04/2022,Delivered,Others,MEN5006-KR-M,kurta,M,1,INR,475,AHMEDABAD,380006,IN,FALSE
4314,406-9574165-6276336,9574165,Women,27,08/04/2022,Cancelled,Amazon,BTM041-PP-XXL,Bottom,XXL,1,INR,345,KOZHIKODE,673006,IN,FALSE
4315,405-3377365-1067544,3377365,Women,29,08/04/2022,Delivered,Amazon,JNE3713-TP-N-XL,Top,XL,1,INR,348,GURUGRAM,122001,IN,FALSE
4316,403-2726919-9201112,2726919,Women,68,08/04/2022,Delivered,Amazon,JNE3817-KR-L,kurta,L,1,INR,474,KOLLAM,691008,IN,FALSE
4317,407-8379789-7838750,8379789,Women,45,08/04/2022,Delivered,Amazon,J0181-TP-XXXL,Top,3XL,1,INR,399,Karimnagar,505001,IN,FALSE
4318,406-9079577-1463569,9079577,Men,70,08/04/2022,Delivered,Amazon,SET324-KR-NP-L,Set,L,1,INR,589,GANDHIDHAM,370201,IN,FALSE
4319,171-8884869-3981909,8884869,Women,25,08/04/2022,Delivered,Flipkart,SET295-KR-NP-S,Set,S,1,INR,747,GUWAHATI,781007,IN,FALSE
4320,408-1633252-1600309,1633252,Women,75,08/04/2022,Delivered,Nalli,JNE3567-KR-XXL,kurta,XXL,1,INR,399,BENGALURU,560035,IN,FALSE
4321,406-5781084-7730730,5781084,Women,48,08/04/2022,Delivered,Meesho,JNE3373-KR-XXXL,kurta,3XL,1,INR,376,MUMBAI,400097,IN,FALSE
4322,171-4398893-7477923,4398893,Men,74,08/04/2022,Delivered,Amazon,SET324-KR-NP-XXL,Set,XXL,1,INR,597,SAGAR,577401,IN,FALSE
4323,171-5366761-1856352,5366761,Women,78,08/04/2022,Refunded,Flipkart,J0301-TP-XL,Top,XL,1,INR,493,VARANASI,221010,IN,FALSE
4324,404-4004423-0288366,4004423,Women,35,08/04/2022,Delivered,Amazon,SET217-KR-PP-M,Set,M,1,INR,786,jaipur,302011,IN,FALSE
4325,405-2617661-3484327,2617661,Women,25,08/04/2022,Cancelled,Flipkart,J0339-DR-XXL,Western Dress,XXL,1,INR,743,VIRAJPETE,571211,IN,FALSE
4326,406-7039950-7906761,7039950,Women,34,08/04/2022,Delivered,Amazon,J0277-SKD-XL,Set,XL,1,INR,1481,THANE,400615,IN,FALSE
4327,407-0433788-5519551,433788,Women,73,08/04/2022,Refunded,Myntra,MEN5011-KR-M,kurta,M,1,INR,495,KOLKATA,700040,IN,FALSE
4328,403-0100953-9864335,100953,Women,28,08/04/2022,Delivered,Myntra,SET374-KR-NP-L,Set,L,1,INR,597,"Malpur road, modasa",383315,IN,FALSE
4329,408-8405053-5695536,8405053,Women,31,08/04/2022,Delivered,Ajio,JNE3708-TU-XS,Top,XS,1,INR,956,ALIBAG,402201,IN,FALSE
4330,407-8448147-0653165,8448147,Women,29,08/04/2022,Delivered,Myntra,JNE3365-KR-1052-A-M,kurta,M,1,INR,376,PUNE,411057,IN,FALSE
4331,403-1207945-4427554,1207945,Women,37,08/04/2022,Delivered,Myntra,JNE3798-KR-XS,Western Dress,XS,1,INR,771,BENGALURU,560103,IN,FALSE
4332,406-4347574-9045138,4347574,Women,20,08/04/2022,Delivered,Flipkart,JNE3784-KR-XL,kurta,XL,1,INR,496,VENGOLA,683556,IN,FALSE
4333,403-2564747-2533126,2564747,Women,49,08/04/2022,Delivered,Ajio,SET193-KR-NP-A-XXL,Set,XXL,1,INR,771,BHILAI,490042,IN,FALSE
4334,171-8991569-0916350,8991569,Men,19,08/04/2022,Delivered,Myntra,SET397-KR-NP  -M,Set,M,1,INR,1186,Mumbai,400072,IN,FALSE
4335,171-5463480-2895516,5463480,Women,40,08/04/2022,Refunded,Amazon,JNE3703-KR-L,kurta,L,1,INR,292,COIMBATORE,641005,IN,FALSE
4336,404-9863204-0797122,9863204,Women,75,08/04/2022,Delivered,Myntra,MEN5025-KR-L,kurta,L,1,INR,547,Agartala,799014,IN,FALSE
4337,171-2530925-3129956,2530925,Women,38,08/04/2022,Delivered,Amazon,J0340-TP-M,Top,M,1,INR,659,GURUGRAM,122001,IN,FALSE
4338,403-9244604-7558713,9244604,Women,21,08/04/2022,Refunded,Myntra,JNE2305-KR-533-S,kurta,S,1,INR,382,KALYAN west,421301,IN,FALSE
4339,406-9123640-5257162,9123640,Women,35,08/04/2022,Delivered,Myntra,SET302-KR-PP-S,Set,S,1,INR,775,GUDUR,524101,IN,FALSE
4340,405-7950860-7709102,7950860,Men,27,08/04/2022,Delivered,Nalli,SET340-KR-NP-XS,Set,XS,1,INR,799,AGARTALA,799006,IN,FALSE
4341,405-7950860-7709102,7950860,Men,49,08/04/2022,Delivered,Flipkart,SET227-KR-PP-A-M,Set,M,1,INR,571,PUNE,411014,IN,FALSE
4342,406-9768666-7120350,9768666,Women,38,08/04/2022,Delivered,Amazon,SET356-KR-NP-M,Set,M,1,INR,1066,BHUBANESWAR,751005,IN,FALSE
4343,406-9841170-7894702,9841170,Women,35,08/04/2022,Refunded,Myntra,J0184-KR-A-S,kurta,S,1,INR,382,NEW DELHI,110064,IN,FALSE
4344,406-1217522-1531555,1217522,Women,41,08/04/2022,Delivered,Meesho,J0210-DR-S,Ethnic Dress,S,1,INR,1125,THANE,400607,IN,FALSE
4345,403-7855288-9206769,7855288,Women,37,08/04/2022,Delivered,Amazon,J0157-DR-XXXL,Western Dress,3XL,1,INR,659,Bangalore,560103,IN,FALSE
4346,403-4958886-9343506,4958886,Men,28,08/04/2022,Delivered,Myntra,SET357-KR-NP-XXL,Set,XXL,1,INR,771,NEW DELHI,110075,IN,FALSE
4347,403-4958886-9343506,4958886,Women,67,08/04/2022,Refunded,Meesho,J0088-TP-L,Top,L,1,INR,497,VIRUDHUNAGAR,626001,IN,FALSE
4348,403-4958886-9343506,4958886,Women,58,08/04/2022,Refunded,Amazon,SAR029,Saree,Free,1,INR,788,VADODARA,390023,IN,FALSE
4349,403-4958886-9343506,4958886,Women,28,08/04/2022,Refunded,Myntra,SAR008,Saree,Free,1,INR,530,KOZHIKODE,673004,IN,FALSE
4350,403-4958886-9343506,4958886,Women,56,08/04/2022,Refunded,Flipkart,JNE3765-KR-XXXL,kurta,3XL,1,INR,517,THULLUR,522237,IN,FALSE
4351,407-1725939-0040364,1725939,Women,30,08/04/2022,Delivered,Flipkart,SET349-KR-NP-XXXL,Set,3XL,1,INR,968,NASHIK,422009,IN,FALSE
4352,405-0103519-2985123,103519,Women,51,08/04/2022,Refunded,Flipkart,JNE3794-KR-XL,kurta,XL,1,INR,517,PUNE,411057,IN,FALSE
4353,408-8335456-6618706,8335456,Women,20,08/04/2022,Delivered,Myntra,SET291-KR-PP-XXXL,Set,3XL,1,INR,569,MUMBAI,400068,IN,FALSE
4354,405-9188048-4921917,9188048,Men,31,08/04/2022,Delivered,Meesho,SET209-KR-PP-XXL,Set,XXL,1,INR,507,MAINPURI,205001,IN,FALSE
4355,405-1825351-3177136,1825351,Women,25,08/04/2022,Delivered,Flipkart,JNE3797-KR-S,Western Dress,S,1,INR,735,KALYAN west,421301,IN,FALSE
4356,406-1973368-7021129,1973368,Women,71,08/04/2022,Delivered,Flipkart,JNE1233-BLUE-KR-031-S,kurta,S,1,INR,382,ROHTAK,124001,IN,FALSE
4357,406-1973368-7021129,1973368,Women,21,08/04/2022,Delivered,Myntra,JNE1906-KR-031-L,kurta,L,1,INR,376,SILIGURI,734006,IN,FALSE
4358,406-1973368-7021129,1973368,Women,34,08/04/2022,Delivered,Amazon,JNE1234-MULTI-KR-032-L,kurta,L,1,INR,301,Chennai,600033,IN,FALSE
4359,408-4560209-9437906,4560209,Women,42,08/04/2022,Delivered,Amazon,JNE3468-KR-XXL,kurta,XXL,1,INR,399,HYDERABAD,500032,IN,FALSE
4360,407-0450840-4156325,450840,Men,29,08/04/2022,Delivered,Myntra,J0230-SKD-S,Set,S,1,INR,999,AHMEDABAD,380022,IN,FALSE
4361,407-3633245-2395540,3633245,Women,43,08/04/2022,Delivered,Ajio,JNE3797-KR-M,Western Dress,M,1,INR,735,NEW DELHI,110012,IN,FALSE
4362,406-8183073-5318701,8183073,Women,19,08/04/2022,Delivered,Flipkart,J0159-DR-M,Western Dress,M,1,INR,745,NEW DELHI,110092,IN,FALSE
4363,171-1802461-7993112,1802461,Women,30,08/04/2022,Refunded,Amazon,MEN5004-KR-XXXL,kurta,3XL,1,INR,480,HYDERABAD,500016,IN,FALSE
4364,171-9521791-0775515,9521791,Women,59,08/04/2022,Refunded,Ajio,JNE3722-KR-XL,kurta,XL,1,INR,292,AHMEDABAD,380007,IN,FALSE
4365,171-7613728-8381926,7613728,Women,48,08/04/2022,Delivered,Amazon,SET331-KR-NP-XXXL,Set,3XL,1,INR,641,kolhapur,416008,IN,FALSE
4366,403-4329392-7825905,4329392,Women,32,08/04/2022,Delivered,Myntra,SET097-KR-PP-L,Set,L,1,INR,958,GOPESHWAR,246401,IN,FALSE
4367,408-9040680-7880335,9040680,Women,26,08/04/2022,Refunded,Myntra,JNE3799-KR-L,kurta,L,1,INR,636,BENGALURU,560067,IN,FALSE
4368,407-7794716-3089923,7794716,Women,28,08/04/2022,Delivered,Myntra,J0244-SKD-S,Set,S,1,INR,1281,Howrah,711104,IN,FALSE
4369,404-1538092-7972312,1538092,Women,48,08/04/2022,Delivered,Myntra,SET334-KR-NP-XXL,Set,XXL,1,INR,666,MUMBAI,400080,IN,FALSE
4370,403-0924767-7591529,924767,Men,30,08/04/2022,Delivered,Myntra,SET268-KR-NP-XXXL,Set,3XL,1,INR,788,Chennai,600053,IN,FALSE
4371,403-8639302-5221128,8639302,Men,45,08/04/2022,Delivered,Flipkart,SET187-KR-DH-M,Set,M,1,INR,671,Kishanganj,855108,IN,FALSE
4372,405-6417824-4700326,6417824,Women,45,08/04/2022,Delivered,Flipkart,SET398-KR-PP-XXL,Set,XXL,1,INR,1115,LUCKNOW,226010,IN,FALSE
4373,403-5280932-6702729,5280932,Women,49,08/04/2022,Delivered,Myntra,SET364-KR-NP-L,Set,L,1,INR,1126,VARANASI,221002,IN,FALSE
4374,403-4951087-4066767,4951087,Women,40,08/04/2022,Delivered,Amazon,JNE3399-KR-XS,kurta,XS,1,INR,435,Cuttack,753012,IN,FALSE
4375,408-6861017-7260363,6861017,Men,47,08/04/2022,Delivered,Myntra,JNE3466-KR-XXXL,kurta,3XL,1,INR,771,BENGALURU,560085,IN,FALSE
4376,403-3463016-4775506,3463016,Men,27,08/04/2022,Delivered,Myntra,J0380-SKD-XXL,Set,XXL,1,INR,1438,AMRITSAR,143001,IN,FALSE
4377,171-1736342-7872335,1736342,Men,78,08/04/2022,Delivered,Flipkart,JNE3482-KR-S,kurta,S,1,INR,318,TADPATRI,515411,IN,FALSE
4378,403-1627076-0867558,1627076,Women,36,08/04/2022,Delivered,Flipkart,SET186-KR-DH-S,Set,S,1,INR,631,LEH,194101,IN,FALSE
4379,404-4756686-1779556,4756686,Women,40,08/04/2022,Delivered,Amazon,SET327-KR-DPT-M,Set,M,1,INR,999,NEW DELHI,110048,IN,FALSE
4380,407-3433253-1875538,3433253,Men,52,08/04/2022,Cancelled,Meesho,JNE3487-KR-M,kurta,M,1,INR,345,NIPANI,591237,IN,FALSE
4381,407-3433253-1875538,3433253,Men,63,08/04/2022,Delivered,Flipkart,JNE3399-KR-M,kurta,M,1,INR,435,BHUBANESWAR,751006,IN,FALSE
4382,406-9032714-3324325,9032714,Men,44,08/04/2022,Delivered,Ajio,JNE3399-KR-M,kurta,M,1,INR,435,Muzaffarpur,842002,IN,FALSE
4383,406-1618799-7039518,1618799,Men,37,08/04/2022,Delivered,Nalli,SET344-KR-NP-XS,Set,XS,1,INR,899,JAMMU,180005,IN,FALSE
4384,171-7026853-1809933,7026853,Men,21,08/04/2022,Returned,Amazon,J0003-SET-XS,Set,XS,1,INR,664,PATNA,800020,IN,FALSE
4385,405-1273226-3192332,1273226,Women,64,08/04/2022,Delivered,Myntra,SET268-KR-NP-XXXL,Set,3XL,1,INR,788,CHENNAI,600041,IN,FALSE
4386,403-5927962-8937907,5927962,Women,24,08/04/2022,Delivered,Others,J0341-DR-XS,Western Dress,XS,1,INR,832,RUDRAPUR,263153,IN,FALSE
4387,406-1631599-5279533,1631599,Women,31,08/04/2022,Cancelled,Myntra,JNE3487-KR-L,kurta,L,1,INR,345,KOTHAMANGALAM,686691,IN,FALSE
4388,171-7063218-8795507,7063218,Men,41,08/04/2022,Delivered,Nalli,J0231-SKD-XXL,Set,XXL,1,INR,1164,MOHALI,160055,IN,FALSE
4389,407-0720234-2512301,720234,Women,47,08/04/2022,Returned,Myntra,J0244-SKD-S,Set,S,1,INR,1238,SIKAR,332001,IN,FALSE
4390,407-1464907-7291531,1464907,Women,76,08/04/2022,Delivered,Meesho,SET341-KR-NP-XL,Set,XL,1,INR,899,NOIDA,201305,IN,FALSE
4391,408-8034520-2161969,8034520,Women,78,08/04/2022,Delivered,Amazon,SAR024,Saree,Free,1,INR,824,RAIGARH,496001,IN,FALSE
4392,406-3709028-1236312,3709028,Women,18,08/04/2022,Delivered,Amazon,J0008-SKD-S,Set,S,1,INR,1079,GURGAON,122001,IN,FALSE
4393,406-5683176-3293943,5683176,Women,24,08/04/2022,Delivered,Flipkart,J0153-DR-XXXL,Western Dress,3XL,1,INR,443,ALIBAG,402201,IN,FALSE
4394,406-5379232-5273904,5379232,Women,47,08/04/2022,Delivered,Amazon,SET264-KR-NP-M,Set,M,1,INR,824,NAVI MUMBAI,410206,IN,FALSE
4395,403-4404142-9991545,4404142,Women,42,08/04/2022,Delivered,Flipkart,JNE3405-KR-XXL,kurta,XXL,1,INR,399,NEW DELHI,110029,IN,FALSE
4396,408-7691302-8385958,7691302,Women,54,08/04/2022,Delivered,Flipkart,J0281-SKD-S,Set,S,1,INR,1399,BETTIAH,845438,IN,FALSE
4397,406-7531358-9070730,7531358,Women,42,08/04/2022,Cancelled,Flipkart,J0304-TP-XXXL,Top,3XL,1,INR,297,KOLKATA,700082,IN,FALSE
4398,406-7531358-9070730,7531358,Men,48,08/04/2022,Delivered,Others,J0379-SKD-XS,Set,XS,1,INR,1369,VISAKHAPATNAM,530044,IN,FALSE
4399,406-7531358-9070730,7531358,Women,30,08/04/2022,Delivered,Amazon,J0134-SET-XXL,Set,XXL,1,INR,729,PUNE,411046,IN,FALSE
4400,402-6409365-9486757,6409365,Women,25,08/04/2022,Returned,Meesho,J0096-KR-XS,kurta,XS,1,INR,568,NADAPURAM,673504,IN,FALSE
4401,402-4292450-1629147,4292450,Women,26,08/04/2022,Delivered,Amazon,J0347-SET-XXL,Set,XXL,1,INR,599,BHILAI,490006,IN,FALSE
4402,406-4362095-9700361,4362095,Women,50,08/04/2022,Delivered,Flipkart,J0096-KR-XL,kurta,XL,1,INR,568,CHENNAI,600118,IN,FALSE
4403,402-4932505-7134769,4932505,Women,27,08/04/2022,Delivered,Nalli,J0342-TP-M,Top,M,1,INR,750,Port Blair,744102,IN,FALSE
4404,405-6579818-7977108,6579818,Women,41,08/04/2022,Delivered,Myntra,J0301-TP-XXL,Top,XXL,1,INR,464,NOIDA,201301,IN,FALSE
4405,171-6489672-9905127,6489672,Women,25,08/04/2022,Delivered,Others,JNE3645-TP-N-M,Top,M,1,INR,432,GANDHINAGAR,382355,IN,FALSE
4406,406-9041446-5397925,9041446,Women,36,08/04/2022,Delivered,Ajio,JNE3461-KR-XL,kurta,XL,1,INR,379,CUTTACK,753001,IN,FALSE
4407,404-8636228-4272321,8636228,Women,68,08/04/2022,Delivered,Flipkart,J0230-SKD-L,Set,L,1,INR,1319,East Delhi,110095,IN,FALSE
4408,404-7294579-9413128,7294579,Men,63,08/04/2022,Delivered,Myntra,J0230-SKD-L,Set,L,1,INR,1163,BARIPADA,757001,IN,FALSE
4409,406-3938158-0352322,3938158,Women,37,08/04/2022,Delivered,Amazon,J0277-SKD-L,Set,L,1,INR,1333,GHAZIABAD,201005,IN,FALSE
4410,406-3938158-0352322,3938158,Women,28,08/04/2022,Delivered,Amazon,J0134-SET-S,Set,S,1,INR,699,KOLKATA,700092,IN,FALSE
4411,406-3938158-0352322,3938158,Men,22,08/04/2022,Delivered,Flipkart,SET223-KR-NP-XXXL,Set,3XL,1,INR,648,PUNE,411048,IN,FALSE
4412,406-3938158-0352322,3938158,Women,37,08/04/2022,Delivered,Amazon,J0003-SET-L,Set,L,1,INR,688,MADURAI,625020,IN,FALSE
4413,406-1867240-0894748,1867240,Men,26,08/04/2022,Delivered,Flipkart,NW012-TP-PJ-M,Set,M,1,INR,521,Kapadvanj,387650,IN,FALSE
4414,171-8136921-8558704,8136921,Men,61,08/04/2022,Delivered,Amazon,SET405-KR-NP-L,Set,L,1,INR,725,"Malpur road, modasa",383315,IN,FALSE
4415,403-7608371-6209955,7608371,Women,42,08/04/2022,Delivered,Myntra,JNE3373-KR-XXL,kurta,XXL,1,INR,376,BENGALURU,560068,IN,FALSE
4416,171-6566588-5115511,6566588,Women,46,08/04/2022,Delivered,Myntra,SET273-KR-NP-S,Set,S,1,INR,612,HYDERABAD,500012,IN,FALSE
4417,403-2927646-6697163,2927646,Women,20,08/04/2022,Delivered,Ajio,SET349-KR-NP-XXXL,Set,3XL,1,INR,939,JAIPUR,302019,IN,FALSE
4418,402-0658840-4526745,658840,Women,18,08/04/2022,Delivered,Flipkart,SET286-KR-NP-XS,Set,XS,1,INR,666,SRIPERUMBUDUR,602105,IN,FALSE
4419,404-3894889-2282733,3894889,Women,29,08/04/2022,Delivered,Others,MEN5019-KR-XL,kurta,XL,1,INR,645,RANCHI,835303,IN,FALSE
4420,406-7475442-1177946,7475442,Women,22,08/04/2022,Delivered,Amazon,NW037-TP-SR-M,Set,M,1,INR,437,IMPHAL,795004,IN,FALSE
4421,408-6391800-8514741,6391800,Women,23,08/04/2022,Delivered,Myntra,J0126-SKD-XS,Set,XS,1,INR,783,HYDERABAD,500068,IN,FALSE
4422,407-0420250-1721118,420250,Women,65,08/04/2022,Delivered,Amazon,J0250-SKD-L,Set,L,1,INR,725,Vijayawada,520010,IN,FALSE
4423,407-0420250-1721118,420250,Men,30,08/04/2022,Delivered,Flipkart,SET331-KR-NP-XXXL,Set,3XL,1,INR,635,NEW DELHI,110085,IN,FALSE
4424,171-8677000-3988341,8677000,Women,31,08/04/2022,Returned,Flipkart,SET304-KR-DPT-XL,Set,XL,1,INR,1186,NEW TOWN,700156,IN,FALSE
4425,402-5084895-8426754,5084895,Women,49,08/04/2022,Delivered,Amazon,J0003-SET-M,Set,M,1,INR,646,GORAKHPUR,273001,IN,FALSE
4426,403-7226008-0981104,7226008,Women,30,08/04/2022,Delivered,Nalli,JNE3640-TP-N-XXL,Top,XXL,1,INR,518,BANKIMNAGAR,799035,IN,FALSE
4427,403-7226008-0981104,7226008,Women,29,08/04/2022,Delivered,Flipkart,SET187-KR-DH-XXXL,Set,3XL,1,INR,671,HYDERABAD,500008,IN,FALSE
4428,404-8630639-2828303,8630639,Women,67,08/04/2022,Delivered,Nalli,SET404-KR-NP-L,Set,L,1,INR,1199,THRISSUR,680004,IN,FALSE
4429,171-5677483-3980314,5677483,Women,46,08/04/2022,Delivered,Ajio,J0113-TP-M,Top,M,1,INR,758,Chennai,600091,IN,FALSE
4430,171-4154709-0974717,4154709,Men,74,08/04/2022,Delivered,Myntra,J0381-SKD-XXXL,Set,3XL,1,INR,1299,MUMBAI,400059,IN,FALSE
4431,406-7191094-6481961,7191094,Women,23,08/04/2022,Delivered,Ajio,J0014-LCD-S,Set,S,1,INR,1199,BENGALURU,560025,IN,TRUE
4432,403-3190225-5414740,3190225,Men,68,08/04/2022,Delivered,Nalli,SET405-KR-NP-XXL,Set,XXL,1,INR,761,DEHRADUN,248001,IN,FALSE
4433,407-7943915-0007544,7943915,Women,67,08/04/2022,Delivered,Ajio,J0244-SKD-M,Set,M,1,INR,1281,Kochi,682021,IN,FALSE
4434,171-7991011-6627561,7991011,Women,33,08/04/2022,Delivered,Meesho,JNE3795-KR-XXXL,kurta,3XL,1,INR,517,DEHRADUN,248007,IN,FALSE
4435,171-9275827-9641936,9275827,Women,26,08/04/2022,Delivered,Myntra,SAR021,Saree,Free,1,INR,368,DEHRADUN,248001,IN,FALSE
4436,171-2595280-2541932,2595280,Women,32,08/04/2022,Delivered,Amazon,SAR015,Saree,Free,1,INR,680,BURDWAN,713104,IN,FALSE
4437,405-9168069-3314757,9168069,Women,31,08/04/2022,Delivered,Myntra,JNE3399-KR-XL,kurta,XL,1,INR,435,WARANGAL,506002,IN,FALSE
4438,405-0118503-4315574,118503,Men,48,08/04/2022,Delivered,Meesho,J0004-SKD-XXL,Set,XXL,1,INR,1127,ROBERTSGANJ,231207,IN,FALSE
4439,407-0278921-5998710,278921,Men,63,08/04/2022,Delivered,Flipkart,J0012-SKD-XS,Set,XS,1,INR,1199,VISAKHAPATNAM,531035,IN,FALSE
4440,406-9968404-8197950,9968404,Women,21,08/04/2022,Delivered,Amazon,J0139-KR-XXXL,kurta,3XL,1,INR,399,BHOPAL,462042,IN,FALSE
4441,404-3652530-4807501,3652530,Women,24,08/04/2022,Delivered,Flipkart,J0341-DR-XXXL,Western Dress,3XL,1,INR,791,HYDERABAD,500050,IN,FALSE
4442,403-2038026-2781935,2038026,Women,36,08/04/2022,Delivered,Flipkart,SET200-KR-NP-A-XXL,Set,XXL,1,INR,568,NEW TOWN,700156,IN,FALSE
4443,406-7815146-1328351,7815146,Women,47,08/04/2022,Delivered,Myntra,JNE3423-KR-S,kurta,S,1,INR,379,Raichur,584101,IN,FALSE
4444,171-5492818-7175548,5492818,Women,30,08/04/2022,Delivered,Myntra,JNE3797-KR-L,Western Dress,L,1,INR,735,MUMBAI,400019,IN,FALSE
4445,408-3278012-7078733,3278012,Women,34,08/04/2022,Delivered,Amazon,SET293-KR-NP-XXXL,Set,3XL,1,INR,692,GUNTUR,522034,IN,FALSE
4446,406-4961199-9591550,4961199,Men,19,08/04/2022,Delivered,Flipkart,J0236-SKD-S,Set,S,1,INR,950,VISAKHAPATNAM,530016,IN,FALSE
4447,408-8174654-6641168,8174654,Women,45,08/04/2022,Refunded,Myntra,JNE3654-TP-XL,Top,XL,1,INR,443,Jaipur,302006,IN,FALSE
4448,408-9646523-8093964,9646523,Women,42,08/04/2022,Returned,Flipkart,SET302-KR-PP-L,Set,L,1,INR,775,PORT BLAIR,744101,IN,FALSE
4449,406-4796024-4934740,4796024,Women,28,08/04/2022,Delivered,Amazon,J0244-SKD-M,Set,M,1,INR,1174,RAJKOT,360003,IN,FALSE
4450,407-1707045-3327519,1707045,Women,33,08/04/2022,Delivered,Amazon,SET348-KR-NP-M,Set,M,1,INR,899,INDORE,452010,IN,FALSE
4451,404-1331163-0134769,1331163,Women,19,08/04/2022,Delivered,Ajio,JNE3373-KR-XS,kurta,XS,1,INR,382,BHANDARA,441904,IN,FALSE
4452,171-4352385-2893131,4352385,Women,38,08/04/2022,Delivered,Myntra,J0301-TP-S,Top,S,1,INR,493,NEW DELHI,110059,IN,FALSE
4453,408-9589422-5498705,9589422,Women,35,08/04/2022,Delivered,Flipkart,J0127-SKD-L,Set,L,1,INR,1186,DULIAJAN,786602,IN,FALSE
4454,407-1912034-9341150,1912034,Women,46,08/04/2022,Delivered,Flipkart,JNE3797-KR-XXXL,Western Dress,3XL,1,INR,725,BENGALURU,560084,IN,FALSE
4455,407-8260877-2625141,8260877,Women,48,08/04/2022,Delivered,Flipkart,J0238-LCD-L,Set,L,1,INR,2442,KURNOOL,518002,IN,FALSE
4456,406-1971691-7602702,1971691,Women,25,08/04/2022,Delivered,Flipkart,SET145-KR-NP-M,Set,M,1,INR,715,JAMSHEDPUR,831017,IN,FALSE
4457,403-4209837-4530737,4209837,Women,47,08/04/2022,Delivered,Amazon,J0142-KR-M,kurta,M,1,INR,396,AHMEDABAD,382445,IN,FALSE
4458,408-6494033-5041120,6494033,Women,64,08/04/2022,Delivered,Myntra,SET288-KR-NP-M,Set,M,1,INR,685,NEW DELHI,110019,IN,FALSE
4459,404-4756595-7382731,4756595,Men,30,08/04/2022,Delivered,Myntra,SET310-KR-NP-XL,Set,XL,1,INR,1213,Ahmedabad,380015,IN,FALSE
4460,403-8957216-8917960,8957216,Women,48,08/04/2022,Cancelled,Amazon,JNE3776-KR-XL,kurta,XL,1,INR,301,ERNAKULAM,682034,IN,FALSE
4461,403-8957216-8917960,8957216,Women,33,08/04/2022,Delivered,Myntra,JNE3794-KR-XXL,kurta,XXL,1,INR,517,NEW DELHI,110045,IN,FALSE
4462,402-5429657-2895558,5429657,Women,35,08/04/2022,Delivered,Amazon,J0094-KR-XXXL,kurta,3XL,1,INR,563,HYDERABAD,500097,IN,FALSE
4463,402-1551839-4401946,1551839,Women,18,08/04/2022,Delivered,Myntra,J0308-DR-L,Western Dress,L,1,INR,665,JHARSUGUDA,768201,IN,FALSE
4464,405-7659421-0536308,7659421,Women,30,08/04/2022,Delivered,Amazon,JNE2270-KR-487-A-XXL,kurta,XXL,1,INR,529,AGRA,282001,IN,FALSE
4465,407-0201991-2885169,201991,Women,27,08/04/2022,Delivered,Flipkart,JNE3721-KR-M,kurta,M,1,INR,329,VADODARA,390018,IN,FALSE
4466,404-9068158-8093968,9068158,Men,40,08/04/2022,Cancelled,Amazon,SET331-KR-NP-M,Set,M,1,INR,589,RANCHI,834002,IN,FALSE
4467,406-0312236-6300335,312236,Women,37,08/04/2022,Delivered,Meesho,JNE3405-KR-S,kurta,S,1,INR,399,KOLKATA,700084,IN,FALSE
4468,407-5864507-9625108,5864507,Men,56,08/04/2022,Delivered,Ajio,SET098-KR-PP-M,Set,M,1,INR,759,BHUBANESWAR,751002,IN,FALSE
4469,171-9405483-1034705,9405483,Women,28,08/04/2022,Delivered,Flipkart,J0413-DR-XS,Western Dress,XS,1,INR,741,KALYAN,421201,IN,FALSE
4470,408-3547314-5470742,3547314,Women,26,08/04/2022,Delivered,Amazon,SET209-KR-PP-L,Set,L,1,INR,548,MUMBAI,400053,IN,FALSE
4471,171-5041235-3885109,5041235,Women,27,08/04/2022,Delivered,Nalli,JNE3797-KR-XXL,Western Dress,XXL,1,INR,715,CHENNAI,600004,IN,FALSE
4472,402-2772686-2465120,2772686,Women,23,08/04/2022,Delivered,Amazon,J0285-SKD-XXL,Set,XXL,1,INR,1442,SANGAMNER,422605,IN,FALSE
4473,402-2772686-2465120,2772686,Women,30,08/04/2022,Delivered,Amazon,SAR013,Saree,Free,1,INR,517,JUNAGADH,362001,IN,FALSE
4474,402-2000995-9620350,2000995,Men,34,08/04/2022,Delivered,Amazon,SET239-KR-NP-L,Set,L,1,INR,693,Ahmedabad,380024,IN,FALSE
4475,408-6697444-6623536,6697444,Women,23,08/04/2022,Returned,Amazon,SET327-KR-DPT-S,Set,S,1,INR,845,PUSHKAR,305022,IN,FALSE
4476,402-4075866-4833928,4075866,Men,21,08/04/2022,Delivered,Amazon,SET183-KR-DH-M,Set,M,1,INR,759,HYDERABAD,500072,IN,FALSE
4477,405-6836711-2334712,6836711,Women,48,08/04/2022,Delivered,Flipkart,JNE3797-KR-M,Western Dress,M,1,INR,724,CHENNAI,600126,IN,FALSE
4478,402-7490715-3099502,7490715,Women,23,08/04/2022,Delivered,Flipkart,JNE1234-MULTI-KR-032-XL,kurta,XL,1,INR,301,DARWHA,445202,IN,FALSE
4479,408-4296709-0254765,4296709,Women,60,08/04/2022,Delivered,Flipkart,J0119-TP-L,Top,L,1,INR,758,JALANDHAR,144003,IN,FALSE
4480,407-8206189-8979511,8206189,Women,20,08/04/2022,Delivered,Others,J0113-TP-S,Top,S,1,INR,574,CUTTACK,753013,IN,FALSE
4481,171-7235048-3855511,7235048,Women,76,08/04/2022,Delivered,Flipkart,NW034-TP-PJ-XXL,Set,XXL,1,INR,613,Ghaziabad,201013,IN,FALSE
4482,405-5789138-9683542,5789138,Women,34,08/04/2022,Delivered,Myntra,JNE3802-KR-M,kurta,M,1,INR,453,Banglore,560085,IN,FALSE
4483,405-3112612-8462713,3112612,Men,32,08/04/2022,Delivered,Amazon,J0346-SET-XL,Set,XL,1,INR,464,BENGALURU,560069,IN,FALSE
4484,403-8126287-1359519,8126287,Women,77,08/04/2022,Returned,Amazon,JNE3703-KR-S,kurta,S,1,INR,292,NAGERCOIL,629003,IN,FALSE
4485,406-8794380-7175543,8794380,Women,55,08/04/2022,Delivered,Amazon,SET293-KR-NP-L,Set,L,1,INR,692,ROBERTSONPET,563122,IN,FALSE
4486,405-3522276-4486729,3522276,Men,49,08/04/2022,Delivered,Amazon,SET324-KR-NP-S,Set,S,1,INR,589,KATHGODAM,263126,IN,FALSE
4487,408-4702902-7646734,4702902,Women,37,08/04/2022,Delivered,Amazon,JNE3658-TP-M,Top,M,1,INR,343,COLVALE,403502,IN,FALSE
4488,405-4926313-1740366,4926313,Women,24,08/04/2022,Delivered,Myntra,SAR012,Saree,Free,1,INR,941,KURWAI,464224,IN,FALSE
4489,402-1573430-6026768,1573430,Men,29,08/04/2022,Delivered,Amazon,SET058-KR-NP-L,Set,L,1,INR,749,PANAJI,403001,IN,FALSE
4490,402-1573430-6026768,1573430,Men,34,08/04/2022,Delivered,Ajio,SET392-KR-NP-XS,Set,XS,1,INR,799,GANDHINAGAR,382001,IN,FALSE
4491,402-3894670-6033944,3894670,Women,39,08/04/2022,Delivered,Myntra,JNE3722-KR-XL,kurta,XL,1,INR,301,Ongole,523001,IN,FALSE
4492,403-3496171-3510766,3496171,Men,31,08/04/2022,Delivered,Myntra,SET269-KR-NP-XXL,Set,XXL,1,INR,824,MYSURU,570007,IN,FALSE
4493,404-9087032-8804340,9087032,Women,67,08/04/2022,Delivered,Amazon,J0341-DR-XL,Western Dress,XL,1,INR,744,Palakkad,678684,IN,FALSE
4494,403-2670759-6022731,2670759,Women,26,08/04/2022,Delivered,Others,SET364-KR-NP-XXL,Set,XXL,1,INR,1126,ALLAHABAD,211001,IN,FALSE
4495,405-1166854-3219500,1166854,Women,31,08/04/2022,Returned,Meesho,JNE3703-KR-S,kurta,S,1,INR,292,AHMEDABAD,380015,IN,FALSE
4496,403-3713875-3445934,3713875,Women,60,08/04/2022,Delivered,Nalli,PJNE2100-KR-N-6XL,kurta,6XL,1,INR,452,CHENNAI,600044,IN,FALSE
4497,171-6121085-6315522,6121085,Women,20,08/04/2022,Delivered,Amazon,JNE3718-KR-S,kurta,S,1,INR,399,MUMBAI,400013,IN,FALSE
4498,405-7862825-1505956,7862825,Women,36,08/04/2022,Delivered,Flipkart,SAR017,Saree,Free,1,INR,967,BENGALURU,560024,IN,FALSE
4499,403-9219289-5669104,9219289,Women,24,08/04/2022,Delivered,Myntra,JNE3691-TU-L,Top,L,1,INR,625,GHAZIABAD,201009,IN,FALSE
4500,403-8658114-0824316,8658114,Women,27,08/04/2022,Delivered,Amazon,J0028-KR-S,kurta,S,1,INR,327,BENGALURU,560017,IN,FALSE
4501,405-6101193-9197129,6101193,Women,74,08/04/2022,Delivered,Flipkart,JNE3810-KR-M,kurta,M,1,INR,587,Chennai,600114,IN,FALSE
4502,171-0458849-8077153,458849,Women,20,08/04/2022,Delivered,Amazon,SET397-KR-NP  -M,Set,M,1,INR,1201,MYSURU,570023,IN,FALSE
4503,404-7521466-4966703,7521466,Women,35,08/04/2022,Delivered,Flipkart,SAR020,Saree,Free,1,INR,771,HYDERABAD,500090,IN,FALSE
4504,405-3977023-1353108,3977023,Men,26,08/04/2022,Delivered,Nalli,J0349-SET-XXL,Set,XXL,1,INR,835,AHMEDABAD,382481,IN,FALSE
4505,402-0090472-9221904,90472,Men,34,08/04/2022,Delivered,Flipkart,SET287-KR-NP-XS,Set,XS,1,INR,542,Pathankot,145001,IN,FALSE
4506,406-8390835-7861164,8390835,Women,34,08/04/2022,Delivered,Amazon,SET264-KR-NP-M,Set,M,1,INR,824,BENGALURU,560068,IN,FALSE
4507,402-9734269-7095529,9734269,Men,41,08/04/2022,Delivered,Myntra,SET273-KR-NP-M,Set,M,1,INR,612,PATNA,800001,IN,FALSE
4508,408-7294800-0756321,7294800,Women,20,08/04/2022,Delivered,Amazon,JNE3797-KR-XL,Western Dress,XL,1,INR,735,PUTTUR,574203,IN,FALSE
4509,402-2723800-0264335,2723800,Women,40,08/04/2022,Delivered,Nalli,SAR028,Saree,Free,1,INR,788,MUMBAI,400005,IN,FALSE
4510,406-0279187-1142741,279187,Women,18,08/04/2022,Delivered,Amazon,SET377-KR-NP-XS,Set,XS,1,INR,1068,Kochi,682036,IN,FALSE
4511,408-7080320-3702755,7080320,Women,73,08/04/2022,Delivered,Nalli,JNE3714-KR-XXXL,kurta,3XL,1,INR,487,Chennai,600012,IN,FALSE
4512,404-1818054-3480346,1818054,Women,39,08/04/2022,Delivered,Myntra,J0340-TP-S,Top,S,1,INR,563,GURUGRAM,122022,IN,FALSE
4513,402-0232259-9130712,232259,Women,42,08/04/2022,Delivered,Myntra,J0341-DR-XL,Western Dress,XL,1,INR,885,Pune,411038,IN,FALSE
4514,407-3367492-5568302,3367492,Women,42,08/04/2022,Delivered,Flipkart,SAR008,Saree,Free,1,INR,329,JAIPUR,302012,IN,FALSE
4515,407-3367492-5568302,3367492,Women,44,08/04/2022,Delivered,Myntra,BL111-L,Blouse,L,1,INR,625,Koraput,764002,IN,FALSE
4516,405-9450865-2103510,9450865,Women,51,08/04/2022,Delivered,Nalli,SET345-KR-NP-L,Set,L,1,INR,603,NEW DELHI,110084,IN,FALSE
4517,403-6938472-3993108,6938472,Women,25,08/04/2022,Delivered,Myntra,JNE3716-KR-M,kurta,M,1,INR,432,HODAL,121106,IN,FALSE
4518,405-3941109-6167531,3941109,Women,24,08/04/2022,Delivered,Amazon,JNE3800-KR-A-L,Western Dress,L,1,INR,735,THIRUVALLA,689582,IN,FALSE
4519,405-3941109-6167531,3941109,Women,31,08/04/2022,Delivered,Ajio,JNE3797-KR-XXL,Western Dress,XXL,1,INR,735,HYDERABAD,500008,IN,FALSE
4520,406-4351338-4637130,4351338,Women,40,08/04/2022,Delivered,Flipkart,JNE3567-KR-XL,kurta,XL,1,INR,399,CHENNAI,600006,IN,FALSE
4521,406-4351338-4637130,4351338,Women,19,08/04/2022,Delivered,Flipkart,JNE3461-KR-XXXL,kurta,3XL,1,INR,399,BENGALURU,560078,IN,FALSE
4522,402-0401312-0895563,401312,Women,42,08/04/2022,Delivered,Flipkart,SET187-KR-DH-XS,Set,XS,1,INR,599,NEW DELHI,110033,IN,FALSE
4523,403-7709717-9374767,7709717,Men,45,08/04/2022,Delivered,Myntra,J0236-SKD-S,Set,S,1,INR,950,NEW DELHI,110067,IN,FALSE
4524,403-6983869-3061929,6983869,Men,18,08/04/2022,Delivered,Amazon,SET227-KR-PP-A-XS,Set,XS,1,INR,571,BALLARI,583104,IN,FALSE
4525,407-1699598-3009902,1699598,Women,32,08/04/2022,Delivered,Amazon,JNE3465-KR-XS,kurta,XS,1,INR,491,Thullur,522237,IN,FALSE
4526,403-0384903-5327553,384903,Men,39,08/04/2022,Delivered,Myntra,J0041-SET-XS,Set,XS,1,INR,763,KOTHAMANGALAM,686691,IN,FALSE
4527,406-5994245-4621126,5994245,Men,57,08/04/2022,Delivered,Amazon,SET345-KR-NP-M,Set,M,1,INR,635,SALBANI,721132,IN,FALSE
4528,406-5994245-4621126,5994245,Women,23,08/04/2022,Delivered,Amazon,J0385-KR-M,kurta,M,1,INR,888,HYDERABAD,502319,IN,FALSE
4529,405-9459801-9389969,9459801,Women,43,08/04/2022,Delivered,Ajio,J0339-DR-XXL,Western Dress,XXL,1,INR,743,BENGALURU,560020,IN,FALSE
4530,403-0860231-6901119,860231,Women,36,08/04/2022,Delivered,Amazon,J0003-SET-M,Set,M,1,INR,646,KOLLAM,691003,IN,FALSE
4531,407-8710339-6680308,8710339,Women,48,08/04/2022,Delivered,Flipkart,JNE3465-KR-M,kurta,M,1,INR,491,SOLAPUR,413008,IN,FALSE
4532,405-5162662-0457931,5162662,Women,45,08/04/2022,Delivered,Amazon,SET273-KR-NP-M,Set,M,1,INR,612,MUMBAI,400043,IN,FALSE
4533,408-0765147-5387533,765147,Women,36,08/04/2022,Delivered,Meesho,SET187-KR-DH-XXL,Set,XXL,1,INR,671,Raebareli,229308,IN,FALSE
4534,171-6045077-0160346,6045077,Women,69,08/04/2022,Delivered,Myntra,MEN5015-KR-XXL,kurta,XXL,1,INR,645,CHENNAI,600061,IN,FALSE
4535,171-0602668-6809931,602668,Women,78,08/04/2022,Delivered,Myntra,JNE3836-KR-S,kurta,S,1,INR,666,KOZHIKODE,673016,IN,FALSE
4536,406-9310551-0941105,9310551,Women,36,08/04/2022,Delivered,Myntra,SAR029,Saree,Free,1,INR,882,Bhopal,462024,IN,FALSE
4537,404-2271215-2362752,2271215,Men,19,08/04/2022,Delivered,Amazon,SET268-KR-NP-S,Set,S,1,INR,788,AMBIKAPUR,497001,IN,FALSE
4538,406-3254028-6577122,3254028,Women,31,08/04/2022,Delivered,Flipkart,JNE3405-KR-L,kurta,L,1,INR,399,DEHRADUN,248001,IN,FALSE
4539,406-7306898-1114733,7306898,Men,33,08/04/2022,Delivered,Meesho,SET389-KR-NP-XXL,Set,XXL,1,INR,749,KOLKATA,700082,IN,FALSE
4540,171-9833767-4815543,9833767,Women,62,08/04/2022,Delivered,Myntra,J0244-SKD-XXXL,Set,3XL,1,INR,1281,BENGALURU,560032,IN,FALSE
4541,171-6522603-5514765,6522603,Women,42,08/04/2022,Delivered,Myntra,SET400-KR-NP-XXL,Set,XXL,1,INR,1036,LAKHIMPUR,262701,IN,FALSE
4542,171-6522603-5514765,6522603,Women,29,08/04/2022,Delivered,Flipkart,SAR028,Saree,Free,1,INR,382,LUCKNOW,226010,IN,FALSE
4543,404-9191502-3805115,9191502,Men,19,08/04/2022,Delivered,Flipkart,J0003-SET-S,Set,S,1,INR,655,SURAT,395009,IN,FALSE
4544,407-5776015-9602759,5776015,Women,42,08/04/2022,Delivered,Others,SET233-KR-PP-XL,Set,XL,1,INR,529,BHUBANESWAR,751010,IN,FALSE
4545,405-4336318-1921115,4336318,Women,37,08/04/2022,Delivered,Amazon,JNE3261-KR-XXL,kurta,XXL,1,INR,348,KOLKATA,700016,IN,FALSE
4546,171-9177387-6601953,9177387,Women,38,08/04/2022,Delivered,Amazon,SET293-KR-NP-L,Set,L,1,INR,692,CHENNAI,600101,IN,TRUE
4547,403-0688849-1221157,688849,Women,40,08/04/2022,Delivered,Myntra,JNE3835-KR-S,kurta,S,1,INR,521,Jaipur,302004,IN,FALSE
4548,403-0688849-1221157,688849,Women,77,08/04/2022,Delivered,Others,JNE2294-KR-A-XL,kurta,XL,1,INR,544,KOTA,324005,IN,FALSE
4549,171-4903753-3645944,4903753,Women,47,08/04/2022,Delivered,Others,JNE3787-KR-S,kurta,S,1,INR,487,MEERUT,250002,IN,FALSE
4550,403-7313277-6449951,7313277,Women,33,08/04/2022,Delivered,Myntra,JNE3776-KR-L,kurta,L,1,INR,301,PHAGWARA,144402,IN,FALSE
4551,403-7313277-6449951,7313277,Men,26,08/04/2022,Delivered,Amazon,JNE3707-DR-XXXL,Western Dress,3XL,1,INR,496,GURUGRAM,122002,IN,FALSE
4552,402-3040141-2212323,3040141,Women,28,08/04/2022,Delivered,Ajio,BL113-XXL,Blouse,XXL,1,INR,794,COIMBATORE,641004,IN,FALSE
4553,403-5087740-0976340,5087740,Men,43,08/04/2022,Delivered,Flipkart,SET291-KR-PP-XXL,Set,XXL,1,INR,569,ALWAR,301001,IN,FALSE
4554,171-4485367-4862701,4485367,Men,21,08/04/2022,Delivered,Flipkart,J0339-DR-XS,Western Dress,XS,1,INR,743,BENGALURU,560024,IN,FALSE
4555,404-1218682-7101144,1218682,Women,62,08/04/2022,Delivered,Flipkart,JNE3265-KR-XXL,kurta,XXL,1,INR,318,CHENNAI,600118,IN,FALSE
4556,404-4237834-4730756,4237834,Women,45,08/04/2022,Returned,Amazon,J0243-DR-XXL,Ethnic Dress,XXL,1,INR,999,GREATER NOIDA,201306,IN,FALSE
4557,408-4484172-7681959,4484172,Women,23,08/04/2022,Delivered,Others,J0236-SKD-XXL,Set,XXL,1,INR,950,MADURAI,625007,IN,FALSE
4558,408-4825483-4793956,4825483,Men,65,08/04/2022,Delivered,Meesho,JNE3797-KR-L,Western Dress,L,1,INR,725,IMPHAL west,795001,IN,FALSE
4559,408-3519867-2933130,3519867,Men,31,08/04/2022,Delivered,Flipkart,BTM039-PP-L,Bottom,L,1,INR,360,SIBSAGAR,785664,IN,FALSE
4560,406-6667645-1753143,6667645,Women,31,08/04/2022,Delivered,Amazon,J0150-KR-XXXL,kurta,3XL,1,INR,399,Bengaluru,562123,IN,FALSE
4561,404-8255018-0737907,8255018,Women,39,08/04/2022,Delivered,Amazon,JNE3465-KR-XS,kurta,XS,1,INR,491,MUMBAI,400062,IN,FALSE
4562,403-3390671-7759552,3390671,Men,46,08/04/2022,Delivered,Ajio,SET397-KR-NP  -M,Set,M,1,INR,1186,MUMBAI,400070,IN,FALSE
4563,406-0084122-0117963,84122,Men,43,08/04/2022,Delivered,Amazon,J0306-DR-M,Western Dress,M,1,INR,791,ERNAKULAM,682024,IN,FALSE
4564,407-9686484-9761902,9686484,Men,18,08/04/2022,Delivered,Flipkart,SET187-KR-DH-M,Set,M,1,INR,599,AMROHA,244221,IN,FALSE
4565,407-4738755-3393954,4738755,Women,39,08/04/2022,Delivered,Amazon,JNE3810-KR-L,kurta,L,1,INR,587,PIMPRI CHINCHWAD,411018,IN,FALSE
4566,406-7207357-8249165,7207357,Women,35,08/04/2022,Delivered,Flipkart,JNE2265-KR-501-M,kurta,M,1,INR,318,NEW DELHI,110029,IN,FALSE
4567,403-5466342-4528352,5466342,Women,23,08/04/2022,Delivered,Myntra,J0095-SET-XS,Set,XS,1,INR,633,PUNE,411041,IN,FALSE
4568,171-4726710-1240308,4726710,Women,71,08/04/2022,Delivered,Ajio,J0340-TP-S,Top,S,1,INR,836,GURUGRAM,122001,IN,FALSE
4569,402-1737847-8299537,1737847,Women,45,08/04/2022,Delivered,Amazon,SET366-KR-NP-XS,Set,XS,1,INR,1438,CURCHOREM,403706,IN,FALSE
4570,402-6330758-1056318,6330758,Men,40,08/04/2022,Delivered,Myntra,JNE3798-KR-XS,Western Dress,XS,1,INR,735,GUNDLUPET,571111,IN,FALSE
4571,406-5305286-8805962,5305286,Women,49,08/04/2022,Delivered,Flipkart,JNE3465-KR-XXXL,kurta,3XL,1,INR,499,HYDERABAD,500020,IN,FALSE
4572,402-8552988-5808368,8552988,Men,26,08/04/2022,Delivered,Ajio,SET397-KR-NP-L,Set,L,1,INR,1201,KOLHAPUR,416001,IN,FALSE
4573,402-0118174-1053119,118174,Women,38,08/04/2022,Delivered,Amazon,J0373-KR-XXXL,kurta,3XL,1,INR,558,KOLKATA,700013,IN,FALSE
4574,171-5692682-0491517,5692682,Men,49,08/04/2022,Delivered,Amazon,JNE3797-KR-S,Western Dress,S,1,INR,735,GHAZIABAD,201012,IN,FALSE
4575,171-9083392-2621968,9083392,Women,31,08/04/2022,Cancelled,Ajio,SET353-KR-NP-XS,Set,XS,1,INR,888,YAVATMAL,445001,IN,FALSE
4576,403-7887116-8201901,7887116,Men,28,08/04/2022,Delivered,Flipkart,J0308-DR-XXL,Western Dress,XXL,1,INR,625,GARHWA,822114,IN,FALSE
4577,403-7887116-8201901,7887116,Women,47,08/04/2022,Delivered,Flipkart,JNE3771-KR-XS,kurta,XS,1,INR,346,PUNE,411003,IN,FALSE
4578,403-7887116-8201901,7887116,Men,28,08/04/2022,Delivered,Amazon,JNE3707-DR-M,Western Dress,M,1,INR,496,NEW DELHI,110065,IN,FALSE
4579,404-2606971-6971504,2606971,Women,52,08/04/2022,Refunded,Amazon,JNE3399-KR-XL,kurta,XL,1,INR,426,Chandigarh,160036,IN,FALSE
4580,403-8719153-5823542,8719153,Men,42,08/04/2022,Delivered,Amazon,J0277-SKD-M,Set,M,1,INR,1323,TAKHATPUR,495002,IN,FALSE
4581,408-9157608-3749930,9157608,Women,29,08/04/2022,Delivered,Myntra,J0307-TP-XS,Top,XS,1,INR,729,pathankot,145001,IN,FALSE
4582,406-6807819-7945149,6807819,Women,57,08/04/2022,Delivered,Amazon,SET187-KR-DH-XL,Set,XL,1,INR,599,NEW DELHI,110015,IN,FALSE
4583,408-2671698-5381143,2671698,Women,49,08/04/2022,Delivered,Flipkart,J0245-SKD-S,Set,S,1,INR,1133,INDORE,452001,IN,FALSE
4584,407-1545453-4516333,1545453,Men,26,08/04/2022,Returned,Myntra,JNE3797-KR-M,Western Dress,M,1,INR,771,SECUNDERABAD,500003,IN,FALSE
4585,404-7438516-3480316,7438516,Women,57,08/04/2022,Delivered,Others,JNE2251-KR-537-C-S,kurta,S,1,INR,399,COIMBATORE,641042,IN,FALSE
4586,403-7366498-1020301,7366498,Men,24,08/04/2022,Delivered,Meesho,J0025-DR-XS,Western Dress,XS,1,INR,693,BENGALURU,560016,IN,FALSE
4587,405-2491828-5313142,2491828,Women,46,08/04/2022,Delivered,Amazon,JNE3399-KR-L,kurta,L,1,INR,435,HYDERABAD,500049,IN,FALSE
4588,404-3166751-6732334,3166751,Women,49,08/04/2022,Delivered,Myntra,SET392-KR-NP-S,Set,S,1,INR,799,AURAD,585326,IN,FALSE
4589,408-6576798-1441953,6576798,Men,38,08/04/2022,Delivered,Meesho,J0157-DR-L,Western Dress,L,1,INR,690,GHAZIABAD,201016,IN,FALSE
4590,408-2269393-0343513,2269393,Women,26,08/04/2022,Delivered,Myntra,JNE3567-KR-XXXL,kurta,3XL,1,INR,399,thanjavur,613007,IN,FALSE
4591,171-0658354-4833936,658354,Women,26,08/04/2022,Delivered,Nalli,SAR029,Saree,Free,1,INR,457,Dist una,174308,IN,FALSE
4592,402-5635582-2282712,5635582,Women,39,08/04/2022,Delivered,Amazon,JNE3405-KR-L,kurta,L,1,INR,449,PUDUCHERRY,605001,IN,FALSE
4593,403-6182878-3351551,6182878,Women,22,08/04/2022,Delivered,Flipkart,MEN5028-KR-XXXL,kurta,3XL,1,INR,499,METAPALLY,505325,IN,FALSE
4594,406-4060086-9039555,4060086,Women,19,07/04/2022,Cancelled,Flipkart,SET269-KR-NP-XXL,Set,XXL,1,INR,824,Kolkata,700124,IN,FALSE
4595,407-8361238-1573913,8361238,Men,31,07/04/2022,Delivered,Myntra,SET349-KR-NP-XXXL,Set,3XL,1,INR,968,Haldwani,263139,IN,FALSE
4596,404-3252021-5235513,3252021,Women,49,07/04/2022,Delivered,Flipkart,SET322-KR-SHA-M,Set,M,1,INR,1099,RAJKOT,360004,IN,FALSE
4597,407-3613701-0451561,3613701,Men,25,07/04/2022,Delivered,Myntra,JNE3800-KR-XXL,Western Dress,XXL,1,INR,724,MALAPPURAM,679334,IN,FALSE
4598,408-2036384-2699561,2036384,Women,34,07/04/2022,Delivered,Others,J0003-SET-S,Set,S,1,INR,664,Khammam,507001,IN,FALSE
4599,406-8979407-8905909,8979407,Women,35,07/04/2022,Delivered,Flipkart,J0011-LCD-M,Set,M,1,INR,1159,VISAKHAPATNAM,530013,IN,FALSE
4600,406-8979407-8905909,8979407,Women,72,07/04/2022,Delivered,Myntra,SET278-KR-NP-L,Set,L,1,INR,1432,MUMBAI,400101,IN,FALSE
4601,171-3629730-4553928,3629730,Women,76,07/04/2022,Delivered,Amazon,SET110-KR-PP-M,Set,M,1,INR,729,BENGALURU,560091,IN,FALSE
4602,402-8574295-5299508,8574295,Men,43,07/04/2022,Delivered,Myntra,SET145-KR-NP-L,Set,L,1,INR,774,MUMBAI,400063,IN,FALSE
4603,406-8807842-4700367,8807842,Men,64,07/04/2022,Delivered,Flipkart,J0415-DR-XS,Western Dress,XS,1,INR,899,LUCKNOW,226002,IN,FALSE
4604,406-5539569-4927542,5539569,Men,24,07/04/2022,Delivered,Myntra,JNE3905-DR-XL,Western Dress,XL,1,INR,625,SOUTH WEST DELHI,110016,IN,FALSE
4605,406-4667525-9285157,4667525,Men,42,07/04/2022,Delivered,Myntra,JNE3869-DR-XXXL,Western Dress,3XL,1,INR,721,COIMBATORE,641027,IN,FALSE
4606,404-9245322-2109169,9245322,Women,23,07/04/2022,Delivered,Amazon,SAR022,Saree,Free,1,INR,382,NEW DELHI,110029,IN,FALSE
4607,405-3131787-2581951,3131787,Women,73,07/04/2022,Delivered,Ajio,MEN5011-KR-XL,kurta,XL,1,INR,495,GURUGRAM,122001,IN,FALSE
4608,406-9942132-4511513,9942132,Men,34,07/04/2022,Delivered,Others,SET345-KR-NP-XL,Set,XL,1,INR,626,GREATER NOIDA,201306,IN,FALSE
4609,405-9317255-0013909,9317255,Women,45,07/04/2022,Delivered,Amazon,SAR002,Saree,Free,1,INR,399,Mehsana,384002,IN,FALSE
4610,406-0284858-6797106,284858,Women,23,07/04/2022,Delivered,Amazon,JNE3445-KR-M,kurta,M,1,INR,453,Trivandrum,695587,IN,FALSE
4611,404-6701623-2410712,6701623,Women,47,07/04/2022,Delivered,Myntra,JNE3373-KR-S,kurta,S,1,INR,376,VISAKHAPATNAM,530026,IN,FALSE
4612,171-4916937-8098756,4916937,Men,35,07/04/2022,Delivered,Myntra,SET138-KR-PP-S,Set,S,1,INR,737,GHAZIABAD,201012,IN,FALSE
4613,406-9770727-1407546,9770727,Women,52,07/04/2022,Delivered,Flipkart,JNE3889-KR-S,kurta,S,1,INR,736,PURNIA,854301,IN,FALSE
4614,405-8908398-4753151,8908398,Women,57,07/04/2022,Delivered,Meesho,BL104-S,Blouse,S,1,INR,493,GOPALGANJ,841428,IN,FALSE
4615,405-6732090-7228344,6732090,Women,58,07/04/2022,Delivered,Amazon,JNE3634-KR-XXXL,kurta,3XL,1,INR,511,SOLAPUR,413001,IN,FALSE
4616,405-6732090-7228344,6732090,Women,22,07/04/2022,Delivered,Myntra,JNE3567-KR-M,kurta,M,1,INR,399,THIRUVANANTHAPURAM,695568,IN,FALSE
4617,406-7957850-4963543,7957850,Men,35,07/04/2022,Delivered,Myntra,SET386-KR-NP-M,Set,M,1,INR,631,MARGAO,403601,IN,FALSE
4618,406-0081474-5189115,81474,Women,27,07/04/2022,Delivered,Ajio,SET307-KR-DPT-M,Set,M,1,INR,736,KURALI,140103,IN,FALSE
4619,406-0148979-6039546,148979,Women,24,07/04/2022,Delivered,Flipkart,JNE3567-KR-M,kurta,M,1,INR,399,ALLAHABAD,211006,IN,FALSE
4620,402-9322153-3873958,9322153,Women,41,07/04/2022,Delivered,Meesho,JNE3611-KR-L,kurta,L,1,INR,459,KOLKATA,700141,IN,FALSE
4621,406-7420136-4215561,7420136,Men,36,07/04/2022,Delivered,Amazon,J0208-DR-L,Western Dress,L,1,INR,793,TIRUPATI,517501,IN,FALSE
4622,402-6799472-1001915,6799472,Women,42,07/04/2022,Delivered,Amazon,JNE3801-KR-XXXL,kurta,3XL,1,INR,735,BENGALURU,562107,IN,FALSE
4623,404-7141136-4433148,7141136,Women,26,07/04/2022,Delivered,Amazon,JNE3804-KR-XL,kurta,XL,1,INR,459,MUMBAI,400081,IN,FALSE
4624,404-1291481-4776367,1291481,Women,22,07/04/2022,Delivered,Nalli,JNE3795-KR-S,kurta,S,1,INR,499,CHENNAI,603103,IN,FALSE
4625,404-2143498-9925918,2143498,Women,35,07/04/2022,Delivered,Amazon,SET322-KR-SHA-M,Set,M,1,INR,1043,NASHIK,422009,IN,FALSE
4626,404-3128894-0273914,3128894,Women,49,07/04/2022,Delivered,Ajio,MEN5006-KR-XL,kurta,XL,1,INR,665,JAIPUR,302002,IN,FALSE
4627,403-8647599-0919531,8647599,Men,70,07/04/2022,Delivered,Amazon,J0343-DR-S,Western Dress,S,1,INR,842,GUNTUR,522302,IN,FALSE
4628,403-1256629-3623524,1256629,Men,33,07/04/2022,Delivered,Amazon,J0152-DR-L,Western Dress,L,1,INR,899,HYDERABAD,500049,IN,FALSE
4629,405-5201214-7882715,5201214,Men,37,07/04/2022,Delivered,Myntra,SET268-KR-NP-XXL,Set,XXL,1,INR,788,VASAI VIRAR,401305,IN,FALSE
4630,402-6038386-1446765,6038386,Women,41,07/04/2022,Delivered,Amazon,JNE3579-KR-S,kurta,S,1,INR,293,Adilabad,504001,IN,FALSE
4631,402-6038386-1446765,6038386,Men,76,07/04/2022,Delivered,Meesho,JNE3709-DR-L,Western Dress,L,1,INR,792,SONIPAT,131021,IN,FALSE
4632,407-5323203-3706735,5323203,Women,26,07/04/2022,Delivered,Myntra,SET194-KR-NP-M,Set,M,1,INR,649,BENGALURU,560049,IN,FALSE
4633,171-8985728-7430769,8985728,Men,45,07/04/2022,Delivered,Flipkart,SET183-KR-DH-M,Set,M,1,INR,759,CHENNAI,600100,IN,FALSE
4634,171-8985728-7430769,8985728,Men,20,07/04/2022,Delivered,Flipkart,SET183-KR-DH-M,Set,M,1,INR,759,Mumbai,400074,IN,FALSE
4635,403-6050369-8261906,6050369,Men,45,07/04/2022,Delivered,Ajio,J0157-DR-M,Western Dress,M,1,INR,908,BENGALURU,560003,IN,FALSE
4636,403-5219115-2089928,5219115,Women,42,07/04/2022,Delivered,Amazon,JNE3546-KR-XXXL,kurta,3XL,1,INR,458,LUCKNOW,226010,IN,FALSE
4637,403-5219115-2089928,5219115,Women,18,07/04/2022,Delivered,Ajio,J0181-TP-L,Top,L,1,INR,399,CHENNAI,600088,IN,FALSE
4638,404-3099215-2465964,3099215,Women,67,07/04/2022,Delivered,Amazon,JNE3637-KR-XL,kurta,XL,1,INR,526,Tenali,522306,IN,FALSE
4639,406-5867330-3402760,5867330,Men,30,07/04/2022,Delivered,Myntra,J0382-SKD-M,Set,M,1,INR,1137,HYDERABAD,500068,IN,FALSE
4640,406-3388112-4437948,3388112,Women,36,07/04/2022,Delivered,Flipkart,J0244-SKD-XXL,Set,XXL,1,INR,1238,CHENNAI,600015,IN,FALSE
4641,406-5922135-8037928,5922135,Women,42,07/04/2022,Delivered,Ajio,SET400-KR-NP-XXXL,Set,3XL,1,INR,1254,GUNTUR,522006,IN,FALSE
4642,171-1805915-1839569,1805915,Men,21,07/04/2022,Delivered,Flipkart,SET344-KR-NP-XXL,Set,XXL,1,INR,939,Hyderabad,500037,IN,FALSE
4643,405-4091915-1170705,4091915,Women,38,07/04/2022,Delivered,Amazon,SET398-KR-PP-XXL,Set,XXL,1,INR,1115,JALANDHAR,144001,IN,FALSE
4644,403-4035577-9885106,4035577,Women,47,07/04/2022,Delivered,Others,JNE3838-KR-XL,kurta,XL,1,INR,399,ALIGARH,202001,IN,FALSE
4645,408-1929403-4772311,1929403,Men,48,07/04/2022,Delivered,Flipkart,J0332-DR-S,Western Dress,S,2,INR,1398,HYDERABAD,500027,IN,FALSE
4646,404-0262637-2719549,262637,Women,39,07/04/2022,Delivered,Myntra,SET278-KR-NP-M,Set,M,1,INR,1432,NEW DELHI,110041,IN,FALSE
4647,405-6855727-0982727,6855727,Women,48,07/04/2022,Delivered,Amazon,JNE3554-KR-M,kurta,M,1,INR,517,GURUGRAM,122001,IN,FALSE
4648,405-6855727-0982727,6855727,Women,21,07/04/2022,Delivered,Amazon,J0003-SET-M,Set,M,1,INR,646,rajkot,360004,IN,FALSE
4649,405-6855727-0982727,6855727,Women,38,07/04/2022,Delivered,Myntra,JNE3794-KR-M,kurta,M,1,INR,486,LUDHIANA,141001,IN,FALSE
4650,405-6855727-0982727,6855727,Women,21,07/04/2022,Delivered,Amazon,J0148-SET-S,Set,S,1,INR,599,SHIMLA,171004,IN,FALSE
4651,405-8108060-4273134,8108060,Women,39,07/04/2022,Delivered,Ajio,JNE3887-KR-XL,kurta,XL,1,INR,526,MUMBAI,400007,IN,FALSE
4652,171-5980228-2127569,5980228,Women,54,07/04/2022,Delivered,Amazon,JNE3613-KR-XXL,kurta,XXL,1,INR,405,KALYAN,421201,IN,FALSE
4653,403-5153884-6781963,5153884,Women,18,07/04/2022,Delivered,Amazon,JNE3777-KR-XXXL,kurta,3XL,1,INR,314,CHENNAI,600001,IN,FALSE
4654,403-0447001-5278726,447001,Women,26,07/04/2022,Delivered,Myntra,JNE3721-KR-XL,kurta,XL,1,INR,292,VISAKHAPATNAM,531173,IN,FALSE
4655,403-0447001-5278726,447001,Women,49,07/04/2022,Delivered,Amazon,JNE3738-KR-S,kurta,S,1,INR,453,GUWAHATI,781025,IN,FALSE
4656,408-7793772-0920313,7793772,Women,39,07/04/2022,Delivered,Amazon,JNE3434-KR-XXL,kurta,XXL,1,INR,301,LUCKNOW,226005,IN,FALSE
4657,407-8127937-6618709,8127937,Women,31,07/04/2022,Delivered,Amazon,SET193-KR-NP-A-XS,Set,XS,1,INR,771,NEW DELHI,110085,IN,FALSE
4658,407-8127937-6618709,8127937,Women,42,07/04/2022,Delivered,Amazon,SET193-KR-NP-A-S,Set,S,1,INR,761,DEHRADUN,248001,IN,FALSE
4659,407-8127937-6618709,8127937,Men,39,07/04/2022,Delivered,Flipkart,SET194-KR-NP-M,Set,M,1,INR,616,GUWAHATI,781034,IN,FALSE
4660,403-6021680-1796339,6021680,Women,46,07/04/2022,Delivered,Myntra,JNE3698-KR-XL,kurta,XL,1,INR,399,EGRA,721429,IN,FALSE
4661,407-9354299-3445929,9354299,Women,39,07/04/2022,Delivered,Amazon,SET319-KR-NP-M,Set,M,1,INR,888,Bantval,574211,IN,FALSE
4662,407-9354299-3445929,9354299,Men,48,07/04/2022,Delivered,Myntra,SET397-KR-NP  -M,Set,M,1,INR,979,KARNAL,132001,IN,FALSE
4663,408-9550729-4005927,9550729,Men,44,07/04/2022,Returned,Ajio,JNE3797-KR-S,Western Dress,S,1,INR,735,CHENNAI,600095,IN,FALSE
4664,171-5078140-5057951,5078140,Men,29,07/04/2022,Delivered,Flipkart,SET269-KR-NP-XXXL,Set,3XL,1,INR,799,BAREILLY,243001,IN,FALSE
4665,407-1776032-4525165,1776032,Women,20,07/04/2022,Delivered,Flipkart,JNE3794-KR-XS,kurta,XS,1,INR,499,BAREILLY,243001,IN,FALSE
4666,407-3948566-9481168,3948566,Women,18,07/04/2022,Delivered,Amazon,J0354-KR-M,kurta,M,1,INR,635,LONI,201102,IN,FALSE
4667,407-0380232-2565924,380232,Women,66,07/04/2022,Cancelled,Amazon,JNE3423-KR-XL,kurta,XL,1,INR,399,Kannur,670009,IN,FALSE
4668,406-7491017-4472358,7491017,Men,28,07/04/2022,Delivered,Amazon,JNE3869-DR-XXXL,Western Dress,3XL,1,INR,721,SOLAPUR,413002,IN,FALSE
4669,406-2867576-6809129,2867576,Women,25,07/04/2022,Delivered,Amazon,JNE2014-KR-178-L,kurta,L,1,INR,353,BIDHAN NAGAR,700064,IN,FALSE
4670,402-2394940-5213936,2394940,Women,20,07/04/2022,Delivered,Flipkart,JNE3405-KR-S,kurta,S,1,INR,399,Hyderabad,500060,IN,FALSE
4671,402-8598239-5260305,8598239,Men,69,07/04/2022,Delivered,Amazon,J0382-SKD-XXXL,Set,3XL,1,INR,1271,MUMBAI,400072,IN,FALSE
4672,403-0154996-2690740,154996,Women,24,07/04/2022,Delivered,Myntra,JNE3864-TU-XL,Top,XL,1,INR,836,GREATER NOIDA,201306,IN,FALSE
4673,403-0329229-7234755,329229,Women,29,07/04/2022,Delivered,Amazon,JNE3781-KR-XXL,kurta,XXL,1,INR,432,NEW DELHI,110075,IN,FALSE
4674,403-7516646-9015539,7516646,Women,48,07/04/2022,Delivered,Amazon,J0002-SKD-XXXL,Set,3XL,1,INR,1115,HYDERABAD,500005,IN,FALSE
4675,403-4693683-2377116,4693683,Men,33,07/04/2022,Delivered,Amazon,JNE3800-KR-XL,Western Dress,XL,1,INR,735,CHHATARPUR,471001,IN,FALSE
4676,404-3713430-1571525,3713430,Women,78,07/04/2022,Delivered,Ajio,J0164-DR-M,Ethnic Dress,M,1,INR,399,chembur mumbai,400071,IN,FALSE
4677,405-5114540-4073100,5114540,Men,26,07/04/2022,Delivered,Ajio,JNE3797-KR-XXL,Western Dress,XXL,1,INR,735,GOLAGHAT,785621,IN,FALSE
4678,171-3849660-7211530,3849660,Women,45,07/04/2022,Delivered,Amazon,J0009-SKD-XXXL,Set,3XL,1,INR,828,HYDERABAD,500089,IN,FALSE
4679,171-4259635-5335536,4259635,Men,25,07/04/2022,Delivered,Myntra,J0339-DR-XL,Western Dress,XL,1,INR,744,JAMSHEDPUR,831001,IN,FALSE
4680,405-3965717-6757106,3965717,Men,28,07/04/2022,Delivered,Flipkart,SET268-KR-NP-L,Set,L,1,INR,698,MUMBAI,400071,IN,FALSE
4681,402-1179902-2756363,1179902,Men,53,07/04/2022,Delivered,Nalli,JNE3797-KR-M,Western Dress,M,1,INR,735,ASANSOL,713301,IN,FALSE
4682,405-6975055-7777156,6975055,Women,46,07/04/2022,Delivered,Amazon,J0012-SKD-M,Set,M,1,INR,1137,Pune,412109,IN,FALSE
4683,402-3785418-9018710,3785418,Women,37,07/04/2022,Delivered,Myntra,PJNE3068-KR-4XL,kurta,4XL,1,INR,1043,Chennai,600026,IN,FALSE
4684,408-2277256-9660321,2277256,Women,20,07/04/2022,Delivered,Flipkart,JNE3567-KR-M,kurta,M,1,INR,399,PATNA,801503,IN,FALSE
4685,402-5250965-6211561,5250965,Women,49,07/04/2022,Delivered,Myntra,SET186-KR-DH-XXL,Set,XXL,1,INR,599,SURAT,395010,IN,FALSE
4686,406-9576512-4733132,9576512,Women,38,07/04/2022,Delivered,Myntra,JNE3567-KR-M,kurta,M,1,INR,399,KOLLAM,691002,IN,FALSE
4687,408-6968805-3042717,6968805,Women,72,07/04/2022,Cancelled,Amazon,JNE3675-TU-L,Top,L,1,INR,545,KOLLAM,691508,IN,FALSE
4688,408-2444381-9203541,2444381,Women,38,07/04/2022,Delivered,Myntra,JNE3680-TU-XXL,Top,XXL,1,INR,540,GURGAON,122011,IN,FALSE
4689,405-8086082-7603553,8086082,Men,48,07/04/2022,Delivered,Amazon,SET257-KR-PP-XS,Set,XS,1,INR,546,MUMBAI,400072,IN,FALSE
4690,171-2054618-0266757,2054618,Women,33,07/04/2022,Delivered,Flipkart,JNE3654-TP-L,Top,L,1,INR,371,ALWAR,301001,IN,FALSE
4691,407-5603000-2429157,5603000,Men,39,07/04/2022,Delivered,Myntra,JNE3800-KR-XXL,Western Dress,XXL,1,INR,735,CHENNAI,600052,IN,FALSE
4692,171-7209308-0474715,7209308,Women,46,07/04/2022,Delivered,Myntra,JNE3753-KR-XXXL,kurta,3XL,1,INR,475,BOLPUR,731204,IN,FALSE
4693,408-3030203-5330708,3030203,Women,60,07/04/2022,Delivered,Flipkart,JNE3688-TU-XL,Top,XL,1,INR,599,Chennai,600041,IN,FALSE
4694,404-6153022-9120312,6153022,Women,35,07/04/2022,Delivered,Nalli,JNE3573-KR-S,kurta,S,1,INR,381,KALYAN,421202,IN,FALSE
4695,403-5135212-7444328,5135212,Women,27,07/04/2022,Delivered,Myntra,JNE3405-KR-XXXL,kurta,3XL,1,INR,449,GIRIDIH,815301,IN,FALSE
4696,408-5827027-6397110,5827027,Men,28,07/04/2022,Delivered,Amazon,SET247-KR-SHA-XL,Set,XL,1,INR,775,KURNOOL,518002,IN,FALSE
4697,407-8639468-1137909,8639468,Women,26,07/04/2022,Delivered,Meesho,J0245-SKD-L,Set,L,1,INR,1166,UDUPI,574116,IN,FALSE
4698,407-1210676-4207564,1210676,Men,74,07/04/2022,Delivered,Ajio,SET223-KR-NP-S,Set,S,1,INR,642,Arambagh,712601,IN,FALSE
4699,402-7749037-8349137,7749037,Men,38,07/04/2022,Delivered,Amazon,SET377-KR-NP-XS,Set,XS,1,INR,1068,GARULIA,743144,IN,FALSE
4700,402-3826657-7455525,3826657,Men,29,07/04/2022,Delivered,Myntra,SET223-KR-NP-XXXL,Set,3XL,1,INR,642,GORAKHPUR,273008,IN,FALSE
4701,402-3826657-7455525,3826657,Men,47,07/04/2022,Delivered,Flipkart,SET324-KR-NP-S,Set,S,1,INR,597,THANE,401107,IN,FALSE
4702,405-0741159-6989918,741159,Women,39,07/04/2022,Delivered,Ajio,J0117-TP-XXL,Top,XXL,1,INR,487,HOWRAH,711101,IN,FALSE
4703,406-0837625-1656344,837625,Men,19,07/04/2022,Delivered,Myntra,SET087-KR-PP-M,Set,M,1,INR,881,AGARTALA,799005,IN,FALSE
4704,405-5929424-1707516,5929424,Men,46,07/04/2022,Delivered,Myntra,JNE3797-KR-XXL,Western Dress,XXL,1,INR,735,JORHAT,785006,IN,FALSE
4705,402-1899331-2866726,1899331,Women,44,07/04/2022,Delivered,Amazon,SET110-KR-PP-L,Set,L,1,INR,729,NEW DELHI,110034,IN,FALSE
4706,405-0426095-1666726,426095,Women,28,07/04/2022,Delivered,Myntra,J0213-TP-S,Top,S,1,INR,599,TURA,794001,IN,FALSE
4707,402-8799746-7060327,8799746,Women,54,07/04/2022,Delivered,Amazon,J0003-SET-S,Set,S,1,INR,655,FAIZABAD,224001,IN,FALSE
4708,171-1907717-2461911,1907717,Men,41,07/04/2022,Delivered,Amazon,SET271-KR-NP-XXL,Set,XXL,1,INR,885,Bharuch,392001,IN,FALSE
4709,406-6455481-5457137,6455481,Men,46,07/04/2022,Delivered,Myntra,JNE3800-KR-XXL,Western Dress,XXL,1,INR,735,Kannur,670741,IN,FALSE
4710,406-0062547-6171517,62547,Women,37,07/04/2022,Delivered,Myntra,SET209-KR-PP-S,Set,S,1,INR,548,SOUTH WEST DELHI,110075,IN,FALSE
4711,402-2739680-7973102,2739680,Women,46,07/04/2022,Delivered,Amazon,JNE3405-KR-S,kurta,S,1,INR,399,GREATER NOIDA,201308,IN,FALSE
4712,404-3579795-0585914,3579795,Men,28,07/04/2022,Delivered,Amazon,SET350-KR-NP-XXL,Set,XXL,1,INR,1299,KOCHI,682005,IN,FALSE
4713,407-6978807-5680333,6978807,Men,22,07/04/2022,Delivered,Myntra,JNE3798-KR-XXXL,Western Dress,3XL,1,INR,725,NASHIK,422001,IN,FALSE
4714,407-0224388-3297943,224388,Men,61,07/04/2022,Delivered,Myntra,JNE3800-KR-A-XXXL,Western Dress,3XL,1,INR,725,NEW DELHI,110008,IN,FALSE
4715,407-0224388-3297943,224388,Women,26,07/04/2022,Refunded,Amazon,JNE3761-KR-XXL,kurta,XXL,1,INR,291,HSIIDC SOHNA,122103,IN,FALSE
4716,403-8876249-4777943,8876249,Men,40,07/04/2022,Delivered,Amazon,J0379-SKD-L,Set,L,1,INR,1287,HOWRAH,711101,IN,FALSE
4717,403-9578936-6765948,9578936,Women,30,07/04/2022,Delivered,Myntra,J0006-SET-M,Ethnic Dress,M,1,INR,845,KAKINADA,533005,IN,FALSE
4718,171-2183292-1573910,2183292,Men,70,07/04/2022,Delivered,Amazon,JNE3865-TP-M,Top,M,1,INR,498,JAIPUR,302026,IN,FALSE
4719,406-8618900-5819526,8618900,Men,49,07/04/2022,Delivered,Myntra,JNE3797-KR-S,Western Dress,S,1,INR,771,Bengaluru,560068,IN,FALSE
4720,404-7398101-1754740,7398101,Men,35,07/04/2022,Cancelled,Others,JNE3639-TP-N-M,Top,M,1,INR,469,NEW DELHI,110085,IN,FALSE
4721,403-7294691-2015536,7294691,Women,43,07/04/2022,Delivered,Amazon,AN201-RED-M,Bottom,M,1,INR,229,PARCHUR,523171,IN,FALSE
4722,171-5268849-1287517,5268849,Men,20,07/04/2022,Delivered,Amazon,JNE3567-KR-M,kurta,M,1,INR,399,PUNE,411014,IN,FALSE
4723,403-0278514-2793115,278514,Men,27,07/04/2022,Delivered,Amazon,JNE3579-KR-XL,kurta,XL,1,INR,293,MYSURU,570002,IN,FALSE
4724,403-4885677-9486747,4885677,Men,37,07/04/2022,Cancelled,Ajio,JNE3721-KR-L,kurta,L,1,INR,292,DEHRADUN,248001,IN,FALSE
4725,404-6922381-9003562,6922381,Women,77,07/04/2022,Returned,Amazon,SET331-KR-NP-XXXL,Set,3XL,1,INR,635,BENGALURU,560075,IN,FALSE
4726,403-9408820-6615545,9408820,Men,75,07/04/2022,Delivered,Ajio,SET374-KR-NP-M,Set,M,1,INR,597,GORAKHPUR,273001,IN,FALSE
4727,403-0757324-4723526,757324,Women,25,07/04/2022,Delivered,Amazon,SET204-KR-DPT-L,Set,L,1,INR,499,NEW DELHI,110029,IN,FALSE
4728,405-1501456-2342739,1501456,Women,42,07/04/2022,Delivered,Amazon,JNE3838-KR-M,kurta,M,1,INR,399,THIRUVANANTHAPURAM,695024,IN,FALSE
4729,171-4885584-0197940,4885584,Women,35,07/04/2022,Delivered,Flipkart,JNE3423-KR-M,kurta,M,1,INR,399,BENGALURU,560102,IN,FALSE
4730,402-5486942-0005166,5486942,Women,42,07/04/2022,Delivered,Myntra,J0230-SKD-M,Set,M,1,INR,999,GORAKHPUR,273010,IN,FALSE
4731,407-4109226-9135565,4109226,Women,37,07/04/2022,Delivered,Myntra,MEN5021-KR-L,kurta,L,1,INR,754,CHIRALA,523157,IN,FALSE
4732,171-3569650-5143539,3569650,Men,44,07/04/2022,Delivered,Meesho,SET363-KR-NP-XXL,Set,XXL,1,INR,1115,GURUGRAM,122004,IN,FALSE
4733,408-6824015-8622725,6824015,Women,44,07/04/2022,Delivered,Amazon,SET265-KR-NP-L,Set,L,1,INR,888,BENGALURU,560060,IN,FALSE
4734,406-8227593-4781959,8227593,Women,32,07/04/2022,Cancelled,Flipkart,JNE3785-KR-XXXL,kurta,3XL,1,INR,345,NALBARI,781353,IN,FALSE
4735,408-9919865-0537918,9919865,Women,24,07/04/2022,Delivered,Myntra,JNE3405-KR-S,kurta,S,1,INR,435,MUMBAI,400011,IN,FALSE
4736,405-6832731-6098703,6832731,Women,40,07/04/2022,Delivered,Flipkart,JNE3892-TP-M,Top,M,1,INR,629,GURUGRAM,122002,IN,FALSE
4737,171-6615325-5442766,6615325,Women,46,07/04/2022,Delivered,Myntra,SET233-KR-PP-M,Set,M,1,INR,529,JODHPUR,342001,IN,FALSE
4738,408-1044002-4232328,1044002,Women,44,07/04/2022,Delivered,Amazon,J0354-KR-M,kurta,M,1,INR,635,GHAZIABAD,201001,IN,FALSE
4739,402-1325591-7826761,1325591,Men,44,07/04/2022,Delivered,Amazon,SET291-KR-PP-L,Set,L,1,INR,569,BENGALURU,560035,IN,FALSE
4740,407-6108528-3423530,6108528,Men,22,07/04/2022,Delivered,Myntra,JNE3797-KR-XS,Western Dress,XS,1,INR,724,MUMBAI,400004,IN,FALSE
4741,406-5150186-0537933,5150186,Women,57,07/04/2022,Delivered,Flipkart,SAR018,Saree,Free,1,INR,654,KOLKATA,700092,IN,FALSE
4742,171-9046174-3374738,9046174,Men,35,07/04/2022,Delivered,Amazon,J0003-SET-L,Set,L,1,INR,696,KOLKATA,700075,IN,FALSE
4743,402-2663556-9954732,2663556,Men,22,07/04/2022,Delivered,Myntra,SET286-KR-NP-L,Set,L,1,INR,626,SURAT,395003,IN,FALSE
4744,171-8156293-7394716,8156293,Women,48,07/04/2022,Delivered,Amazon,SET293-KR-NP-S,Set,S,1,INR,727,CHENNAI,600045,IN,FALSE
4745,402-3144879-1933949,3144879,Women,65,07/04/2022,Delivered,Nalli,SET344-KR-NP-XL,Set,XL,1,INR,968,JAIPUR,302012,IN,FALSE
4746,171-4259088-0541121,4259088,Women,25,07/04/2022,Returned,Myntra,MEN5021-KR-L,kurta,L,1,INR,777,KOLKATA,700047,IN,FALSE
4747,405-0536767-9889110,536767,Women,37,07/04/2022,Delivered,Meesho,JNE3405-KR-L,kurta,L,1,INR,399,MANNARGUDI,614001,IN,FALSE
4748,406-5400234-8572333,5400234,Women,53,07/04/2022,Delivered,Amazon,NW004-TP-PJ-XXXL,Set,3XL,1,INR,461,HASSAN,573202,IN,FALSE
4749,405-1825505-6680364,1825505,Women,41,07/04/2022,Delivered,Ajio,SET333-KR-DPT-S,Set,S,1,INR,909,PERINTHALMANNA,679322,IN,FALSE
4750,402-2399780-0549958,2399780,Men,55,07/04/2022,Delivered,Flipkart,SET329-KR-NP-XS,Set,XS,1,INR,666,BHARUCH,392001,IN,FALSE
4751,171-4829741-0818767,4829741,Women,20,07/04/2022,Delivered,Flipkart,SET268-KR-NP-XXL,Set,XXL,1,INR,698,MUMBAI,400074,IN,FALSE
4752,171-7033281-4308323,7033281,Women,37,07/04/2022,Delivered,Flipkart,MEN5011-KR-M,kurta,M,1,INR,499,TAMLUK,721649,IN,FALSE
4753,404-1163636-4474702,1163636,Men,22,07/04/2022,Delivered,Amazon,JNE3861-DR-XS,Western Dress,XS,1,INR,791,CHITTOOR,517001,IN,FALSE
4754,408-2876371-7116334,2876371,Women,33,07/04/2022,Delivered,Myntra,JNE3794-KR-L,kurta,L,1,INR,517,NEW DELHI,110075,IN,FALSE
4755,402-8049286-4608332,8049286,Men,40,07/04/2022,Delivered,Amazon,SET197-KR-NP-XXL,Set,XXL,1,INR,759,MUMBAI,400086,IN,FALSE
4756,403-2158895-8773136,2158895,Men,71,07/04/2022,Delivered,Flipkart,SET217-KR-PP-XL,Set,XL,1,INR,762,NEW DELHI,110028,IN,FALSE
4757,408-0765655-2875538,765655,Women,61,07/04/2022,Delivered,Ajio,PJNE3364-KR-6XL,kurta,6XL,1,INR,452,KAKINADA,533003,IN,FALSE
4758,403-6739870-7143561,6739870,Men,69,07/04/2022,Delivered,Amazon,SET324-KR-NP-M,Set,M,1,INR,635,JALNA,431203,IN,FALSE
4759,405-1170384-2286727,1170384,Men,71,07/04/2022,Delivered,Amazon,J0157-DR-L,Western Dress,L,1,INR,588,CHENNAI,600042,IN,FALSE
4760,403-6950840-8259518,6950840,Women,49,07/04/2022,Delivered,Amazon,JNE3611-KR-XXXL,kurta,3XL,1,INR,459,KAKINADA,533002,IN,FALSE
4761,407-1434174-1025166,1434174,Women,44,07/04/2022,Delivered,Flipkart,SET183-KR-DH-M,Set,M,1,INR,759,HYDERABAD,500049,IN,FALSE
4762,402-8791125-7210711,8791125,Women,65,07/04/2022,Delivered,Flipkart,SAR013,Saree,Free,1,INR,399,North 24 Parganas,700059,IN,FALSE
4763,408-6617498-3121945,6617498,Women,39,07/04/2022,Delivered,Amazon,J0003-SET-XS,Set,XS,1,INR,646,BENGALURU,560037,IN,FALSE
4764,404-1216732-8822720,1216732,Women,39,07/04/2022,Delivered,Amazon,JNE3741-KR-L,kurta,L,1,INR,432,TIRUPATI,517501,IN,FALSE
4765,408-0285370-9345161,285370,Women,40,07/04/2022,Delivered,Myntra,JNE3579-KR-XL,kurta,XL,1,INR,310,KUMARAPALAYAM,638183,IN,FALSE
4766,408-7080551-8188330,7080551,Men,44,07/04/2022,Delivered,Others,J0343-DR-XXXL,Western Dress,3XL,1,INR,1033,KRISHNAGIRI,635001,IN,FALSE
4767,405-9611331-8939503,9611331,Women,58,07/04/2022,Delivered,Amazon,JNE2305-KR-533-L,kurta,L,1,INR,329,KORATTY,680741,IN,FALSE
4768,406-4489243-9231512,4489243,Women,26,07/04/2022,Delivered,Ajio,JNE3633-KR-M,kurta,M,1,INR,459,COIMBATORE,641015,IN,FALSE
4769,405-3105169-2224314,3105169,Men,34,07/04/2022,Delivered,Amazon,JNE3797-KR-XL,Western Dress,XL,1,INR,771,INDORE,452001,IN,FALSE
4770,404-7828468-6180359,7828468,Men,18,07/04/2022,Delivered,Amazon,JNE3797-KR-XXL,Western Dress,XXL,1,INR,725,VIZIANAGARAM,535002,IN,FALSE
4771,404-6648811-0588321,6648811,Men,21,07/04/2022,Delivered,Amazon,J0003-SET-L,Set,L,1,INR,696,PORT BLAIR,744101,IN,FALSE
4772,404-5208295-7527538,5208295,Women,24,07/04/2022,Delivered,Ajio,SET286-KR-NP-XL,Set,XL,1,INR,666,SECUNDERABAD,500003,IN,FALSE
4773,408-0961776-4407561,961776,Women,27,07/04/2022,Delivered,Amazon,JNE1233-BLUE-KR-031-XS,kurta,XS,1,INR,376,ANANTAPUR,515741,IN,FALSE
4774,408-3633126-5158727,3633126,Women,23,07/04/2022,Cancelled,Flipkart,JNE3487-KR-M,kurta,M,1,INR,345,NEW DELHI,110077,IN,FALSE
4775,171-8914741-9889103,8914741,Men,44,07/04/2022,Delivered,Amazon,J0135-SET-XL,Set,XL,1,INR,591,JAMMIKUNTA,505122,IN,FALSE
4776,406-4887003-4621144,4887003,Men,70,07/04/2022,Delivered,Flipkart,SET265-KR-NP-XXXL,Set,3XL,1,INR,877,HASSAN,573201,IN,FALSE
4777,404-4463259-8062735,4463259,Men,70,07/04/2022,Delivered,Myntra,JNE3797-KR-A-XL,Western Dress,XL,1,INR,771,PONNANI,679577,IN,FALSE
4778,407-8911894-4656340,8911894,Women,24,07/04/2022,Delivered,Amazon,JNE3739-KR-XXL,kurta,XXL,1,INR,453,Mumbai,421201,IN,FALSE
4779,404-7756840-6657960,7756840,Women,49,07/04/2022,Delivered,Amazon,SET392-KR-NP-XL,Set,XL,1,INR,799,SRIKALAHASTI,517644,IN,FALSE
4780,406-5225213-5157124,5225213,Women,46,07/04/2022,Delivered,Amazon,JNE3762-KR-M,kurta,M,1,INR,329,BENGALURU,560097,IN,FALSE
4781,402-1355175-8561123,1355175,Men,49,07/04/2022,Delivered,Myntra,J0003-SET-M,Set,M,1,INR,646,KANNUR,670631,IN,FALSE
4782,402-9226250-2259547,9226250,Women,33,07/04/2022,Delivered,Amazon,JNE3721-KR-XXL,kurta,XXL,1,INR,292,SAWAI MADHOPUR,322001,IN,TRUE
4783,404-5044351-2214709,5044351,Men,41,07/04/2022,Delivered,Amazon,SET183-KR-DH-XL,Set,XL,1,INR,759,CHENNAI,600118,IN,FALSE
4784,171-4693700-1282733,4693700,Women,60,07/04/2022,Delivered,Ajio,BL087-S,Blouse,S,1,INR,665,PATNA,800020,IN,FALSE
4785,407-5627007-0616310,5627007,Women,64,07/04/2022,Delivered,Others,SET374-KR-NP-M,Set,M,1,INR,627,PUNE,411062,IN,FALSE
4786,171-6368906-1437135,6368906,Women,48,07/04/2022,Delivered,Flipkart,SET386-KR-NP-XXXL,Set,3XL,1,INR,631,MOHALI,140301,IN,FALSE
4787,171-6368906-1437135,6368906,Men,29,07/04/2022,Delivered,Myntra,SET392-KR-NP-S,Set,S,1,INR,799,ERNAKULAM,682020,IN,FALSE
4788,404-8190327-8485940,8190327,Women,25,07/04/2022,Delivered,Myntra,AN208-MUSTARD-XL,Bottom,XL,1,INR,229,PATIALA,147001,IN,FALSE
4789,406-7051039-5647504,7051039,Men,72,07/04/2022,Delivered,Amazon,SET264-KR-NP-S,Set,S,1,INR,824,CHENNAI,600014,IN,FALSE
4790,404-8820466-5037105,8820466,Men,76,07/04/2022,Delivered,Amazon,JNE3797-KR-XS,Western Dress,XS,1,INR,735,MUMBAI,400053,IN,FALSE
4791,408-5681234-8514737,5681234,Men,35,07/04/2022,Cancelled,Meesho,SET268-KR-NP-XL,Set,XL,1,INR,698,HYDERABAD,500020,IN,FALSE
4792,404-6590868-7988318,6590868,Men,44,07/04/2022,Delivered,Amazon,J0380-SKD-S,Set,S,1,INR,1438,Payyanur,670307,IN,FALSE
4793,403-1122033-2802706,1122033,Women,49,07/04/2022,Delivered,Ajio,SET269-KR-NP-XL,Set,XL,1,INR,824,Kalyan West,421301,IN,FALSE
4794,407-6112534-7811562,6112534,Men,20,07/04/2022,Delivered,Flipkart,J0003-SET-L,Set,L,1,INR,696,GHAZIABAD,201010,IN,FALSE
4795,403-8760487-1930731,8760487,Women,39,07/04/2022,Delivered,Amazon,JNE3487-KR-M,kurta,M,1,INR,345,CHENNAI,600092,IN,FALSE
4796,403-8760487-1930731,8760487,Women,23,07/04/2022,Delivered,Myntra,SET344-KR-NP-L,Set,L,1,INR,958,Noida,201301,IN,FALSE
4797,403-8760487-1930731,8760487,Women,45,07/04/2022,Delivered,Nalli,JNE3376-KR-L,kurta,L,1,INR,432,PRODDATUR,516360,IN,FALSE
4798,403-5363586-2567530,5363586,Women,59,07/04/2022,Delivered,Amazon,JNE3735-KR-XXXL,kurta,3XL,1,INR,417,NEW DELHI,110092,IN,FALSE
4799,403-5363586-2567530,5363586,Women,31,07/04/2022,Delivered,Flipkart,JNE3724-KR-XS,kurta,XS,1,INR,499,BENGALURU,560035,IN,FALSE
4800,403-3666973-0966749,3666973,Women,22,07/04/2022,Returned,Amazon,JNE3803-KR-M,kurta,M,1,INR,453,CHENNAI,600093,IN,FALSE
4801,408-1677619-1417132,1677619,Women,23,07/04/2022,Delivered,Amazon,JNE3793-KR-XL,kurta,XL,1,INR,349,HISAR,125001,IN,FALSE
4802,406-2338412-7324320,2338412,Women,63,07/04/2022,Delivered,Amazon,JNE3647-TP-N-XXL,Top,XXL,1,INR,330,GURUGRAM,122001,IN,FALSE
4803,406-2341408-5801160,2341408,Men,33,07/04/2022,Delivered,Amazon,J0244-SKD-M,Set,M,1,INR,1174,UDAIPUR,313001,IN,FALSE
4804,406-4066195-0402730,4066195,Women,44,07/04/2022,Delivered,Amazon,J0008-SKD-XS,Set,XS,1,INR,1075,NEW DELHI,110016,IN,FALSE
4805,403-8756211-4475556,8756211,Women,46,07/04/2022,Delivered,Amazon,J0006-SET-S,Ethnic Dress,S,1,INR,845,Davangere,577552,IN,FALSE
4806,171-1973872-1961105,1973872,Women,19,07/04/2022,Delivered,Flipkart,J0301-TP-S,Top,S,1,INR,693,REWA,486001,IN,FALSE
4807,405-4692248-1520348,4692248,Women,41,07/04/2022,Delivered,Others,JNE3765-KR-L,kurta,L,1,INR,517,MADURAI,625018,IN,FALSE
4808,171-9873239-6336327,9873239,Women,40,07/04/2022,Delivered,Amazon,JNE3703-KR-L,kurta,L,1,INR,292,MUMBAI,400078,IN,FALSE
4809,171-6892505-1976333,6892505,Women,31,07/04/2022,Delivered,Amazon,JNE3405-KR-L,kurta,L,1,INR,399,MUMBAI,400095,IN,FALSE
4810,405-1221172-7228358,1221172,Men,34,07/04/2022,Cancelled,Flipkart,SET268-KR-NP-S,Set,S,1,INR,788,BENGALURU,560050,IN,FALSE
4811,405-0368967-4620330,368967,Women,51,07/04/2022,Delivered,Meesho,JNE3838-KR-XXL,kurta,XXL,1,INR,387,NEW DELHI,110052,IN,FALSE
4812,405-0368967-4620330,368967,Women,73,07/04/2022,Delivered,Amazon,JNE3791-DR-M,Ethnic Dress,M,1,INR,499,"DHOLKA, Ahmedabad",382225,IN,FALSE
4813,405-0368967-4620330,368967,Women,77,07/04/2022,Delivered,Amazon,JNE3856-KR-L,kurta,L,1,INR,666,AHMEDABAD,380005,IN,FALSE
4814,406-5513381-5713135,5513381,Men,29,07/04/2022,Delivered,Myntra,JNE3797-KR-A-XL,Western Dress,XL,1,INR,771,Jaipur,302020,IN,FALSE
4815,407-8200545-0335557,8200545,Women,24,07/04/2022,Delivered,Amazon,SET374-KR-NP-L,Set,L,1,INR,597,JAMNAGAR,361006,IN,FALSE
4816,402-0046374-4850756,46374,Men,20,07/04/2022,Delivered,Nalli,JNE3797-KR-S,Western Dress,S,1,INR,724,THODUPUZHA,685584,IN,FALSE
4817,404-5555885-6229160,5555885,Women,29,07/04/2022,Returned,Ajio,SET277-KR-NP-S,Set,S,1,INR,1258,JAIPUR,302039,IN,FALSE
4818,406-9816002-3353943,9816002,Women,56,07/04/2022,Delivered,Ajio,JNE3654-TP-S,Top,S,1,INR,387,MIRYALAGUDA,508207,IN,FALSE
4819,406-9816002-3353943,9816002,Women,41,07/04/2022,Delivered,Flipkart,JNE3671-TU-XXXL,Top,3XL,1,INR,625,JAMSHEDPURJamshedpur,831004,IN,FALSE
4820,405-2669429-1620341,2669429,Men,66,07/04/2022,Delivered,Amazon,JNE3800-KR-L,Western Dress,L,1,INR,771,OTTAPPALAM,679101,IN,FALSE
4821,406-2313960-5752328,2313960,Men,46,07/04/2022,Delivered,Flipkart,SET221-KR-NP-XL,Set,XL,1,INR,684,CHENNAI,600040,IN,FALSE
4822,407-7510503-9723568,7510503,Women,45,07/04/2022,Delivered,Nalli,SET392-KR-NP-XS,Set,XS,1,INR,799,ALDONA,403508,IN,FALSE
4823,405-1080498-3474759,1080498,Women,48,07/04/2022,Delivered,Amazon,SAR015,Saree,Free,1,INR,999,HYDERABAD,500040,IN,FALSE
4824,408-7438332-0705158,7438332,Men,26,07/04/2022,Delivered,Flipkart,JNE3797-KR-XL,Western Dress,XL,1,INR,735,THIRUVANANTHAPURAM,695006,IN,FALSE
4825,402-1406314-8711521,1406314,Women,34,07/04/2022,Delivered,Myntra,SET055-KR-NP-XXXL,Set,3XL,1,INR,598,BELAGAVI,590001,IN,FALSE
4826,404-9386000-7852301,9386000,Men,32,07/04/2022,Delivered,Others,J0245-SKD-XL,Set,XL,1,INR,1149,KANKER,494334,IN,FALSE
4827,403-8009697-8193946,8009697,Women,27,07/04/2022,Cancelled,Amazon,JNE3721-KR-XL,kurta,XL,1,INR,292,FERRARGUNJ,744103,IN,FALSE
4828,408-8708936-2305913,8708936,Women,27,07/04/2022,Delivered,Myntra,JNE3793-KR-S,kurta,S,1,INR,355,KURNOOL,518002,IN,FALSE
4829,406-9983306-6487510,9983306,Women,30,07/04/2022,Delivered,Flipkart,JNE3721-KR-L,kurta,L,1,INR,292,VISAKHAPATNAM,530013,IN,FALSE
4830,407-0763573-5180328,763573,Men,71,07/04/2022,Delivered,Amazon,SET345-KR-NP-M,Set,M,1,INR,641,CHENNAI,600017,IN,FALSE
4831,407-0763573-5180328,763573,Women,42,07/04/2022,Cancelled,Amazon,JNE3440-KR-N-XXXL,kurta,3XL,1,INR,387,Navi Mumbai,400705,IN,FALSE
4832,404-6092930-5297927,6092930,Women,64,07/04/2022,Delivered,Amazon,SET335-KR-NP-XS,Set,XS,1,INR,771,ALDONA,403508,IN,FALSE
4833,406-8873911-4641101,8873911,Women,38,07/04/2022,Delivered,Amazon,SAR015,Saree,Free,1,INR,546,MAPUSA,403507,IN,FALSE
4834,406-8873911-4641101,8873911,Women,40,07/04/2022,Delivered,Flipkart,JNE3721-KR-XL,kurta,XL,1,INR,292,RAJPUR SONARPUR,700147,IN,FALSE
4835,171-0645400-8103541,645400,Women,32,07/04/2022,Delivered,Amazon,J0009-SKD-M,Set,M,1,INR,838,MAHINDRA WORLD CITY,603004,IN,FALSE
4836,406-7023219-9503512,7023219,Women,40,07/04/2022,Delivered,Amazon,SET282-KR-PP-XL,Set,XL,1,INR,1033,NAGAUR,341001,IN,FALSE
4837,408-6794677-9094719,6794677,Women,25,07/04/2022,Delivered,Myntra,SAR026,Saree,Free,1,INR,1221,BENGALURU,560024,IN,FALSE
4838,405-7800186-8046729,7800186,Women,19,07/04/2022,Delivered,Amazon,JNE3784-KR-XXL,kurta,XXL,1,INR,496,BENGALURU,560049,IN,FALSE
4839,403-6725559-3143529,6725559,Men,66,07/04/2022,Cancelled,Amazon,SET268-KR-NP-S,Set,S,1,INR,788,Belghoria,700056,IN,FALSE
4840,407-5535668-5653913,5535668,Women,29,07/04/2022,Delivered,Amazon,SET131-KR-NP-XL,Set,XL,1,INR,567,BENGALURU,560040,IN,FALSE
4841,407-7552219-0031518,7552219,Men,47,07/04/2022,Delivered,Myntra,SET187-KR-DH-XL,Set,XL,1,INR,599,MOHALI,140301,IN,FALSE
4842,407-1397607-1945931,1397607,Women,58,07/04/2022,Delivered,Amazon,SET356-KR-NP-M,Set,M,1,INR,969,DHENKANAL,759001,IN,FALSE
4843,404-0322699-5360356,322699,Women,63,07/04/2022,Returned,Myntra,SET277-KR-NP-XL,Set,XL,1,INR,1268,BENGALURU,560066,IN,FALSE
4844,404-2408767-8103537,2408767,Women,70,07/04/2022,Delivered,Amazon,SAR012,Saree,Free,1,INR,666,VISAKHAPATNAM,530026,IN,FALSE
4845,407-8628768-0400311,8628768,Men,33,07/04/2022,Delivered,Myntra,JNE3797-KR-A-S,Western Dress,S,1,INR,771,GANGANAGAR,335001,IN,FALSE
4846,407-8096094-9189113,8096094,Men,36,07/04/2022,Delivered,Nalli,J0308-DR-XXL,Western Dress,XXL,1,INR,625,BENGALURU,560064,IN,FALSE
4847,402-1878414-2086752,1878414,Women,48,07/04/2022,Delivered,Amazon,SET405-KR-NP-M,Set,M,1,INR,725,JABALPUR,482001,IN,FALSE
4848,405-2553937-4905958,2553937,Women,39,07/04/2022,Delivered,Flipkart,JNE3440-KR-N-L,kurta,L,1,INR,399,GAYA,823001,IN,FALSE
4849,171-5695560-4499522,5695560,Women,45,07/04/2022,Delivered,Amazon,SAR023,Saree,Free,1,INR,696,BENGALURU,560032,IN,FALSE
4850,405-6004265-0859510,6004265,Men,21,07/04/2022,Delivered,Flipkart,SET285-KR-SHA-XL,Set,XL,1,INR,495,GHAZIABAD,201002,IN,FALSE
4851,403-2510636-8528351,2510636,Women,34,07/04/2022,Delivered,Amazon,JNE3697-KR-XXL,kurta,XXL,1,INR,486,Mohali,140301,IN,FALSE
4852,402-2448504-1688334,2448504,Women,42,07/04/2022,Delivered,Myntra,J0244-SKD-S,Set,S,1,INR,1176,PUDUCHERRY,605004,IN,FALSE
4853,406-3776057-1441132,3776057,Women,32,07/04/2022,Delivered,Amazon,JNE3680-TU-XXL,Top,XXL,1,INR,549,chennai,600064,IN,FALSE
4854,407-2153184-6361105,2153184,Women,68,07/04/2022,Delivered,Myntra,SAR004,Saree,Free,1,INR,1075,SATNA,485001,IN,FALSE
4855,404-1723057-0808300,1723057,Women,26,07/04/2022,Delivered,Meesho,JNE2291-KR-602-XL,kurta,XL,1,INR,376,Hubballi,580023,IN,FALSE
4856,406-7069411-1155507,7069411,Men,25,07/04/2022,Delivered,Myntra,SET374-KR-NP-M,Set,M,1,INR,597,UDUPI,576113,IN,FALSE
4857,171-7857979-2076311,7857979,Men,24,07/04/2022,Delivered,Meesho,SET344-KR-NP-XL,Set,XL,1,INR,882,CHANDIGARH,160020,IN,FALSE
4858,404-7147074-8290723,7147074,Women,22,07/04/2022,Returned,Flipkart,J0244-SKD-L,Set,L,1,INR,1164,PORT BLAIR,744101,IN,FALSE
4859,171-4597285-4513949,4597285,Women,34,07/04/2022,Delivered,Amazon,JNE3423-KR-L,kurta,L,1,INR,399,New Town,700156,IN,FALSE
4860,403-4976026-1778726,4976026,Women,46,07/04/2022,Delivered,Amazon,SET291-KR-PP-XL,Set,XL,1,INR,569,CHENNAI,600099,IN,FALSE
4861,404-0390588-6697935,390588,Men,47,07/04/2022,Refunded,Flipkart,SET085-KR-PT-S,Set,S,1,INR,399,MUMBAI,400012,IN,FALSE
4862,171-5598136-7917929,5598136,Women,68,07/04/2022,Delivered,Amazon,SET147-KR-NP-XS,Set,XS,1,INR,684,SIRSI,581336,IN,FALSE
4863,405-5766106-6212314,5766106,Women,48,07/04/2022,Delivered,Myntra,JNE3806-KR-XXL,kurta,XXL,1,INR,521,Shyamnagar,743127,IN,FALSE
4864,404-5080540-7441945,5080540,Women,44,07/04/2022,Delivered,Amazon,JNE3794-KR-M,kurta,M,1,INR,517,CHENNAI,600073,IN,FALSE
4865,408-9026626-1397160,9026626,Women,30,07/04/2022,Delivered,Myntra,JNE3609-KR-XXL,kurta,XXL,1,INR,568,PIMPRI CHINCHWAD,411033,IN,FALSE
4866,171-3058419-6618712,3058419,Women,55,07/04/2022,Delivered,Flipkart,SAR010,Saree,Free,1,INR,376,DHARMADOM,670661,IN,FALSE
4867,408-2143706-0845150,2143706,Women,49,07/04/2022,Delivered,Myntra,SET365-KR-NP-M,Set,M,1,INR,1066,HYDERABAD,500075,IN,FALSE
4868,403-4038217-9777137,4038217,Women,36,07/04/2022,Delivered,Myntra,MEN5028-KR-XL,kurta,XL,1,INR,499,BARRACKPORE,700122,IN,FALSE
4869,406-6412137-8633103,6412137,Men,57,07/04/2022,Delivered,Amazon,SET324-KR-NP-M,Set,M,1,INR,597,CHANNAPATNA,562160,IN,FALSE
4870,406-7317995-0627543,7317995,Women,34,07/04/2022,Delivered,Myntra,SET324-KR-NP-S,Set,S,1,INR,635,Mumbai,400059,IN,FALSE
4871,404-2036711-3609167,2036711,Women,68,07/04/2022,Cancelled,Meesho,SET073-KR-SHA-L,Set,L,1,INR,824,Hyderabad,500068,IN,FALSE
4872,408-0663417-0144319,663417,Women,24,07/04/2022,Delivered,Flipkart,JNE3698-KR-XL,kurta,XL,1,INR,399,LUCKNOW,226007,IN,FALSE
4873,407-4454123-9117133,4454123,Men,56,07/04/2022,Delivered,Meesho,J0395-DR-S,Western Dress,S,1,INR,859,BENGALURU,560037,IN,FALSE
4874,408-6017520-1240330,6017520,Women,30,07/04/2022,Delivered,Amazon,JNE3458-KR-M,kurta,M,1,INR,380,HYDERABAD,500090,IN,FALSE
4875,408-8874202-0068361,8874202,Men,41,07/04/2022,Delivered,Others,SET392-KR-NP-L,Set,L,1,INR,799,VARANASI,221106,IN,FALSE
4876,402-1719252-1612310,1719252,Women,77,07/04/2022,Delivered,Amazon,JNE3373-KR-M,kurta,M,1,INR,376,SINDGI,586128,IN,FALSE
4877,408-9233811-0393925,9233811,Women,59,07/04/2022,Delivered,Others,SET183-KR-DH-M,Set,M,1,INR,759,Kolkata,700047,IN,FALSE
4878,405-8145839-9905124,8145839,Women,18,07/04/2022,Delivered,Myntra,J0179-KR-S,kurta,S,1,INR,688,BENGALURU,560020,IN,FALSE
4879,408-6396019-3427569,6396019,Women,68,07/04/2022,Delivered,Meesho,SET333-KR-DPT-XXXL,Set,3XL,1,INR,909,Nellore,524314,IN,FALSE
4880,171-1913437-3724352,1913437,Women,39,07/04/2022,Delivered,Others,MEN5015-KR-XXL,kurta,XXL,1,INR,645,"Sopanbaug, Pune",411001,IN,FALSE
4881,406-3667953-0083546,3667953,Women,34,07/04/2022,Delivered,Flipkart,JNE3687-TU-XXL,Top,XXL,1,INR,545,ELURU,534001,IN,FALSE
4882,406-3667953-0083546,3667953,Women,20,07/04/2022,Delivered,Flipkart,J0352-KR-XXL,kurta,XXL,1,INR,669,NASHIK,422003,IN,FALSE
4883,171-3215863-5169139,3215863,Men,23,07/04/2022,Delivered,Amazon,NW012-TP-PJ-XXL,Set,XXL,1,INR,537,HYDERABAD,500044,IN,FALSE
4884,403-7083793-0793907,7083793,Men,35,07/04/2022,Delivered,Flipkart,SET340-KR-NP-XS,Set,XS,1,INR,799,NIZAMABAD,503002,IN,FALSE
4885,405-1826653-5856305,1826653,Women,18,07/04/2022,Delivered,Meesho,JNE3856-KR-XL,kurta,XL,1,INR,542,DEHRADUN,248005,IN,FALSE
4886,171-2862038-5508342,2862038,Women,38,07/04/2022,Delivered,Myntra,SET278-KR-NP-L,Set,L,1,INR,1432,KARIMNAGAR,505001,IN,FALSE
4887,405-2966980-8682767,2966980,Women,22,07/04/2022,Delivered,Flipkart,JNE2100-KR-144-XL,kurta,XL,1,INR,376,TIRUPPUR,641606,IN,FALSE
4888,171-0569813-1829120,569813,Women,45,07/04/2022,Delivered,Amazon,JNE3440-KR-N-XXXL,kurta,3XL,1,INR,379,HYDERABAD,500015,IN,FALSE
4889,402-6186344-3161900,6186344,Women,36,07/04/2022,Delivered,Myntra,JNE2305-KR-533-M,kurta,M,1,INR,357,Unnao,209861,IN,FALSE
4890,404-9941033-4813934,9941033,Women,29,07/04/2022,Delivered,Amazon,JNE3440-KR-N-L,kurta,L,1,INR,379,Kochi,682016,IN,FALSE
4891,408-3878266-4163564,3878266,Women,55,07/04/2022,Delivered,Flipkart,J0354-KR-S,kurta,S,1,INR,635,Hyderabad,500026,IN,FALSE
4892,406-2940142-6607514,2940142,Women,44,07/04/2022,Delivered,Amazon,SAR013,Saree,Free,1,INR,517,nellore city,524003,IN,FALSE
4893,402-4115398-6806704,4115398,Women,41,07/04/2022,Delivered,Meesho,SET386-KR-NP-S,Set,S,1,INR,599,BENGALURU,562125,IN,FALSE
4894,405-1462811-8209123,1462811,Women,19,07/04/2022,Delivered,Myntra,JNE3567-KR-M,kurta,M,1,INR,399,BENGALURU,560078,IN,FALSE
4895,403-3110968-2270704,3110968,Women,32,07/04/2022,Delivered,Myntra,JNE3399-KR-M,kurta,M,1,INR,426,THIRUVANANTHAPURAM,695582,IN,FALSE
4896,402-5646908-0619557,5646908,Men,26,07/04/2022,Delivered,Myntra,J0382-SKD-XL,Set,XL,1,INR,1173,HYDERABAD,500068,IN,FALSE
4897,402-8345761-0249115,8345761,Women,40,07/04/2022,Delivered,Amazon,J0244-SKD-M,Set,M,1,INR,1205,CHENNAI,600037,IN,FALSE
4898,405-9583170-5101912,9583170,Women,21,07/04/2022,Delivered,Amazon,JNE3461-KR-L,kurta,L,1,INR,363,THOOTHUKKUDI,628002,IN,FALSE
4899,405-8019587-4609122,8019587,Women,36,07/04/2022,Delivered,Amazon,JNE3439-KR-XL,kurta,XL,1,INR,435,LUCKNOW,226022,IN,FALSE
4900,406-5782489-7673129,5782489,Women,18,07/04/2022,Delivered,Others,J0209-DR-XXXL,Ethnic Dress,3XL,1,INR,721,JAIPUR,302039,IN,FALSE
4901,406-1061429-5393957,1061429,Men,75,07/04/2022,Delivered,Amazon,SET386-KR-NP-XXL,Set,XXL,1,INR,599,JALANDHAR,144001,IN,FALSE
4902,404-3399100-3313944,3399100,Women,62,07/04/2022,Delivered,Myntra,SAR003,Saree,Free,1,INR,799,TALWARA,144216,IN,FALSE
4903,408-8992898-6435500,8992898,Women,73,07/04/2022,Delivered,Meesho,SET058-KR-NP-L,Set,L,1,INR,847,VAPI,396195,IN,FALSE
4904,406-5614129-9972361,5614129,Women,30,07/04/2022,Delivered,Myntra,JNE3603-KR-L,kurta,L,1,INR,301,KANCHIPURAM,600061,IN,FALSE
4905,408-7937051-8555518,7937051,Women,47,07/04/2022,Delivered,Flipkart,JNE3567-KR-XXL,kurta,XXL,1,INR,399,GREATER NOIDA,201306,IN,FALSE
4906,408-7937051-8555518,7937051,Women,28,07/04/2022,Delivered,Flipkart,JNE3405-KR-S,kurta,S,1,INR,399,GURUGRAM,122018,IN,FALSE
4907,404-0754961-4221964,754961,Women,43,07/04/2022,Cancelled,Amazon,SAR020,Saree,Free,1,INR,898,KOLKATA,700096,IN,FALSE
4908,406-2493459-8669906,2493459,Women,35,07/04/2022,Delivered,Amazon,SET345-KR-NP-L,Set,L,1,INR,603,KOLKATA,700010,IN,FALSE
4909,404-7469469-4436362,7469469,Men,70,07/04/2022,Delivered,Amazon,JNE3860-DR-M,Western Dress,M,1,INR,614,ITANAGAR,791111,IN,FALSE
4910,171-7269173-8832342,7269173,Men,75,07/04/2022,Delivered,Myntra,J0341-DR-S,Western Dress,S,1,INR,791,BENGALURU,560070,IN,FALSE
4911,171-7864278-0318719,7864278,Men,31,07/04/2022,Delivered,Amazon,SET374-KR-NP-S,Set,S,1,INR,597,VADODARA,390018,IN,FALSE
4912,403-6316141-5897914,6316141,Women,38,07/04/2022,Delivered,Myntra,SET131-KR-NP-M,Set,M,1,INR,666,HYDERABAD,500018,IN,FALSE
4913,402-4053819-2148366,4053819,Women,34,07/04/2022,Delivered,Myntra,JNE3801-KR-XXL,kurta,XXL,1,INR,725,KOCHI,682006,IN,FALSE
4914,406-9008387-2740340,9008387,Women,32,07/04/2022,Delivered,Amazon,JNE3405-KR-XS,kurta,XS,1,INR,399,BENGALURU,560091,IN,FALSE
4915,408-8601157-6657149,8601157,Women,27,07/04/2022,Delivered,Flipkart,JNE3645-TP-N-XL,Top,XL,1,INR,663,GHAZIABAD,201010,IN,FALSE
4916,408-8601157-6657149,8601157,Women,27,07/04/2022,Delivered,Nalli,JNE3567-KR-XL,kurta,XL,1,INR,399,VISAKHAPATNAM,530018,IN,FALSE
4917,405-1991630-2388353,1991630,Women,43,07/04/2022,Delivered,Nalli,JNE3577-KR-XL,kurta,XL,1,INR,696,GREATER NOIDA,201306,IN,FALSE
4918,406-9768169-9160300,9768169,Men,24,07/04/2022,Delivered,Amazon,JNE3800-KR-M,Western Dress,M,1,INR,735,THENI ALLINAGARAM,625531,IN,FALSE
4919,402-8608660-5275562,8608660,Women,60,07/04/2022,Delivered,Flipkart,J0283-SET-XXXL,Set,3XL,1,INR,1033,GHAZIABAD,201016,IN,FALSE
4920,402-8608660-5275562,8608660,Women,29,07/04/2022,Delivered,Myntra,SET268-KR-NP-S,Set,S,1,INR,698,Kolkata,700136,IN,FALSE
4921,406-6010801-8902757,6010801,Men,31,07/04/2022,Delivered,Flipkart,JNE3797-KR-A-L,Western Dress,L,1,INR,725,NEW DELHI,110063,IN,FALSE
4922,402-3369165-9427550,3369165,Women,54,07/04/2022,Delivered,Flipkart,JNE3856-KR-XL,kurta,XL,1,INR,542,KOLKATA,700132,IN,FALSE
4923,403-1178962-0347524,1178962,Women,25,07/04/2022,Delivered,Myntra,JNE3807-KR-S,kurta,S,1,INR,702,YAMUNANAGAR,135001,IN,FALSE
4924,171-5948484-8916328,5948484,Women,21,07/04/2022,Delivered,Myntra,JNE3399-KR-XXL,kurta,XXL,1,INR,435,BATHINDA,151001,IN,FALSE
4925,407-6610114-3614740,6610114,Women,28,07/04/2022,Delivered,Myntra,BL107-XL,Blouse,XL,1,INR,599,CHENNAI,600043,IN,FALSE
4926,407-3513002-5579502,3513002,Women,64,07/04/2022,Delivered,Amazon,SAR022,Saree,Free,1,INR,1099,BENGALURU,560037,IN,FALSE
4927,171-7517730-4033114,7517730,Women,75,07/04/2022,Delivered,Myntra,JNE3577-KR-M,kurta,M,1,INR,654,SECUNDERABAD,500026,IN,FALSE
4928,171-7494775-7201919,7494775,Women,27,07/04/2022,Delivered,Myntra,JNE3487-KR-XXL,kurta,XXL,1,INR,345,MUMBAI,400055,IN,FALSE
4929,402-7809949-0893903,7809949,Women,39,07/04/2022,Delivered,Myntra,JNE2100-KR-144-XXL,kurta,XXL,1,INR,382,URAN ISLAMPUR,415409,IN,FALSE
4930,405-7443122-6353161,7443122,Women,60,07/04/2022,Delivered,Amazon,JNE3423-KR-XXL,kurta,XXL,1,INR,379,RANCHI,834001,IN,FALSE
4931,402-4669621-5718740,4669621,Men,36,07/04/2022,Delivered,Myntra,SET337-KR-NP-L,Set,L,1,INR,874,MUMBAI,400057,IN,FALSE
4932,171-1872161-1093123,1872161,Women,22,07/04/2022,Delivered,Amazon,MEN5025-KR-XXXL,kurta,3XL,1,INR,547,Greater Noida,201306,IN,FALSE
4933,402-2979398-6294721,2979398,Men,33,07/04/2022,Delivered,Amazon,J0332-DR-XXL,Western Dress,XXL,1,INR,828,MYSURU,570004,IN,FALSE
4934,406-8110500-8124356,8110500,Men,28,07/04/2022,Delivered,Amazon,SET324-KR-NP-S,Set,S,1,INR,607,THIRUVANANTHAPURAM,695581,IN,FALSE
4935,408-9740186-7792303,9740186,Women,25,07/04/2022,Delivered,Myntra,JNE3637-KR-S,kurta,S,1,INR,526,MANGALAGIRI,522503,IN,FALSE
4936,404-4825381-2089154,4825381,Women,40,07/04/2022,Delivered,Others,JNE3457-KR-M,kurta,M,1,INR,313,New Delhi,110096,IN,FALSE
4937,404-1036007-9963554,1036007,Women,75,07/04/2022,Delivered,Myntra,J0301-TP-L,Top,L,1,INR,693,BENGALURU,560048,IN,FALSE
4938,403-2515567-0197169,2515567,Women,23,07/04/2022,Delivered,Amazon,SAR005,Saree,Free,1,INR,799,FATEHGARH,209601,IN,FALSE
4939,404-7605305-8492367,7605305,Women,39,07/04/2022,Delivered,Myntra,BL111-XXL,Blouse,XXL,1,INR,599,Noida,201301,IN,FALSE
4940,405-4643076-8663514,4643076,Women,20,07/04/2022,Delivered,Nalli,JNE3461-KR-XL,kurta,XL,1,INR,379,KOTHAMANGALAM,686666,IN,FALSE
4941,404-1960059-2772317,1960059,Men,34,07/04/2022,Delivered,Amazon,J0333-DR-M,Western Dress,M,1,INR,825,Bengaluru,560087,IN,FALSE
4942,408-5260218-5126764,5260218,Women,56,07/04/2022,Delivered,Amazon,JNE3440-KR-N-S,kurta,S,1,INR,399,MAHBUBNAGAR,509001,IN,FALSE
4943,403-5050854-0936341,5050854,Women,43,07/04/2022,Delivered,Myntra,JNE3838-KR-XXXL,kurta,3XL,1,INR,481,CHANDIGARH,160047,IN,FALSE
4944,407-8454310-6880366,8454310,Men,73,07/04/2022,Delivered,Ajio,JNE3797-KR-XXXL,Western Dress,3XL,1,INR,735,HYDERABAD,500070,IN,FALSE
4945,406-2890717-9630709,2890717,Women,49,07/04/2022,Delivered,Amazon,SET325-KR-NP-M,Set,M,1,INR,666,SALEM,636004,IN,FALSE
4946,405-9951035-9727540,9951035,Men,75,07/04/2022,Delivered,Meesho,SET313-KR-NP-S,Set,S,1,INR,1099,NEW DELHI,110045,IN,FALSE
4947,408-2581201-2833111,2581201,Women,28,07/04/2022,Delivered,Flipkart,JNE3373-KR-XXL,kurta,XXL,1,INR,382,NEW DELHI,110005,IN,FALSE
4948,406-6012274-5186743,6012274,Women,78,07/04/2022,Delivered,Meesho,JNE3399-KR-L,kurta,L,1,INR,469,BIRUR,577116,IN,FALSE
4949,171-7183766-3613121,7183766,Men,24,07/04/2022,Delivered,Flipkart,JNE3860-DR-XXL,Western Dress,XXL,1,INR,614,Panaji,403002,IN,TRUE
4950,402-7359414-9569107,7359414,Women,22,07/04/2022,Delivered,Amazon,SET302-KR-PP-XXXL,Set,3XL,1,INR,775,Bhagalpur,812001,IN,FALSE
4951,171-1610432-7179501,1610432,Women,40,07/04/2022,Delivered,Flipkart,J0283-SET-M,Set,M,1,INR,1008,GANGTOK,737101,IN,FALSE
4952,403-3380426-7537954,3380426,Women,47,07/04/2022,Delivered,Amazon,SET325-KR-NP-M,Set,M,1,INR,666,CHENNAI,600016,IN,FALSE
4953,405-9392418-8001103,9392418,Women,47,07/04/2022,Delivered,Others,J0244-SKD-M,Set,M,1,INR,1174,TALCHER,759100,IN,FALSE
4954,403-8957339-7397146,8957339,Men,23,07/04/2022,Delivered,Myntra,SET392-KR-NP-XL,Set,XL,1,INR,799,PANIPAT,132103,IN,FALSE
4955,406-9482807-9714756,9482807,Women,48,07/04/2022,Delivered,Flipkart,J0124-TP-XL,Top,XL,1,INR,570,NOIDA,201304,IN,FALSE
4956,406-9482807-9714756,9482807,Women,31,07/04/2022,Delivered,Myntra,JNE3693-KR-XXL,kurta,XXL,1,INR,319,HYDERABAD,500072,IN,FALSE
4957,406-9482807-9714756,9482807,Women,43,07/04/2022,Delivered,Myntra,JNE3684-TU-XS,Top,XS,1,INR,292,KATIHAR,854105,IN,FALSE
4958,408-4558981-2245137,4558981,Women,63,07/04/2022,Delivered,Myntra,SET315-KR-PP-L,Set,L,1,INR,852,IMPHAL,795004,IN,FALSE
4959,406-5413415-0985955,5413415,Men,26,07/04/2022,Delivered,Flipkart,SET389-KR-NP-S,Set,S,1,INR,648,BENGALURU,560015,IN,FALSE
4960,407-2258760-0985948,2258760,Women,30,07/04/2022,Delivered,Myntra,J0301-TP-XXL,Top,XXL,1,INR,693,LUDHIANA,141008,IN,FALSE
4961,407-2258760-0985948,2258760,Women,57,07/04/2022,Delivered,Amazon,J0301-TP-XS,Top,XS,1,INR,497,BHOPAL,462043,IN,FALSE
4962,407-2258760-0985948,2258760,Women,56,07/04/2022,Delivered,Myntra,J0301-TP-XS,Top,XS,1,INR,493,ROORKEE,247667,IN,FALSE
4963,404-4240518-8277903,4240518,Women,41,07/04/2022,Delivered,Amazon,JNE3807-KR-S,kurta,S,1,INR,657,GURUGRAM,122015,IN,FALSE
4964,402-6121539-9159560,6121539,Men,68,07/04/2022,Delivered,Amazon,SET265-KR-NP-XS,Set,XS,1,INR,835,PUNE,411021,IN,FALSE
4965,405-5193289-9475540,5193289,Women,49,07/04/2022,Delivered,Amazon,SAR017,Saree,Free,1,INR,548,COIMBATORE,641017,IN,FALSE
4966,405-5193289-9475540,5193289,Women,53,07/04/2022,Delivered,Amazon,SAR019,Saree,Free,1,INR,491,SURAT,395009,IN,FALSE
4967,403-4304951-9051555,4304951,Women,18,07/04/2022,Delivered,Nalli,SAR006,Saree,Free,1,INR,939,BENGALURU,560029,IN,FALSE
4968,404-6587144-4396354,6587144,Men,26,07/04/2022,Delivered,Amazon,J0379-SKD-XL,Set,XL,1,INR,1287,NEW DELHI,110033,IN,FALSE
4969,402-3661714-8669933,3661714,Men,20,07/04/2022,Delivered,Amazon,SET348-KR-NP-M,Set,M,1,INR,968,UJJAIN,456006,IN,FALSE
4970,171-1106139-4848313,1106139,Women,63,07/04/2022,Delivered,Myntra,JNE3439-KR-L,kurta,L,1,INR,435,"Vindhyanagar, Singrauli",486885,IN,FALSE
4971,402-0149409-7474736,149409,Women,43,07/04/2022,Delivered,Flipkart,J0301-TP-XXL,Top,XXL,1,INR,497,NEW DELHI,110059,IN,FALSE
4972,407-2903245-9157919,2903245,Men,46,07/04/2022,Delivered,Amazon,J0245-SKD-L,Set,L,1,INR,1149,BHARATPUR,321001,IN,FALSE
4973,407-6666038-5648329,6666038,Women,33,07/04/2022,Delivered,Amazon,J0150-KR-XXL,kurta,XXL,1,INR,399,MUMBAI,400053,IN,FALSE
4974,407-9464041-6068313,9464041,Women,38,07/04/2022,Delivered,Amazon,SET183-KR-DH-M,Set,M,1,INR,759,Dombivli,421201,IN,FALSE
4975,405-1960880-2101946,1960880,Men,29,07/04/2022,Cancelled,Meesho,SET268-KR-NP-XXL,Set,XXL,1,INR,788,BENGALURU,560016,IN,FALSE
4976,402-6078295-0603516,6078295,Men,48,07/04/2022,Delivered,Myntra,SET400-KR-NP-XXL,Set,XXL,1,INR,1036,NOIDA,201304,IN,FALSE
4977,171-7758041-4909950,7758041,Men,55,07/04/2022,Delivered,Flipkart,SET306-KR-PP-L,Set,L,1,INR,688,BENGALURU,560043,IN,FALSE
4978,407-1568649-1657910,1568649,Women,36,07/04/2022,Delivered,Amazon,JNE3715-KR-S,kurta,S,1,INR,280,NEW DELHI,110018,IN,FALSE
4979,405-7215987-0266764,7215987,Men,36,07/04/2022,Delivered,Amazon,J0127-SKD-XXL,Set,XXL,1,INR,1115,NEW DELHI,110016,IN,FALSE
4980,402-5249260-4708310,5249260,Women,30,07/04/2022,Delivered,Amazon,SET184-KR-PP-XXXL,Set,3XL,1,INR,563,HYDERABAD,500028,IN,FALSE
4981,405-9946884-3081933,9946884,Women,71,07/04/2022,Delivered,Others,SAR023,Saree,Free,1,INR,641,GORAKHPUR,273012,IN,FALSE
4982,171-0284932-4676327,284932,Men,42,07/04/2022,Delivered,Amazon,J0003-SET-XS,Set,XS,1,INR,654,TARAPUR,401506,IN,FALSE
4983,408-9340124-9521127,9340124,Women,33,07/04/2022,Delivered,Amazon,SET240-KR-PP-M,Set,M,1,INR,562,New delhi,110046,IN,FALSE
4984,405-4502765-8552316,4502765,Men,74,07/04/2022,Delivered,Myntra,JNE3797-KR-XXL,Western Dress,XXL,1,INR,715,"Perole,Nileshwar P.O, kasaragod district",671314,IN,FALSE
4985,407-2274979-9592354,2274979,Women,59,07/04/2022,Delivered,Flipkart,JNE3638-KR-M,kurta,M,1,INR,517,BENGALURU,560048,IN,FALSE
4986,404-7309036-0800365,7309036,Men,43,07/04/2022,Delivered,Flipkart,SET269-KR-NP-S,Set,S,1,INR,799,BHARATPUR,321001,IN,FALSE
4987,405-7971143-1229106,7971143,Men,18,07/04/2022,Returned,Myntra,NW012-TP-PJ-XL,Set,XL,1,INR,521,DEHRADUN,248009,IN,FALSE
4988,403-3079149-7822765,3079149,Women,73,07/04/2022,Delivered,Amazon,JNE2153-KR-278-A-M,kurta,M,1,INR,424,AHMEDABAD,380052,IN,FALSE
4989,406-7733704-0685906,7733704,Women,49,07/04/2022,Delivered,Myntra,JNE3560-KR-M,kurta,M,1,INR,544,PRODDATUR,516360,IN,FALSE
4990,406-3478025-5745128,3478025,Women,30,07/04/2022,Delivered,Flipkart,SET070-KR-NP-XS,Set,XS,1,INR,884,MOHALI,160071,IN,FALSE
4991,406-3478025-5745128,3478025,Men,63,07/04/2022,Delivered,Amazon,SET334-KR-NP-M,Set,M,1,INR,666,HYDERABAD,500094,IN,FALSE
4992,406-4739066-2497157,4739066,Men,41,07/04/2022,Delivered,Myntra,JNE3798-KR-A-XS,Western Dress,XS,1,INR,725,THIRUVANANTHAPURAM,695006,IN,FALSE
4993,406-4739066-2497157,4739066,Women,22,07/04/2022,Delivered,Myntra,SAR030,Saree,Free,1,INR,702,MUMBAI,400065,IN,FALSE
4994,405-4376469-1215553,4376469,Women,21,07/04/2022,Delivered,Flipkart,JNE3739-KR-XXL,kurta,XXL,1,INR,459,CHENNAI,600023,IN,FALSE
4995,171-7752189-0448358,7752189,Women,28,07/04/2022,Delivered,Myntra,JNE3440-KR-N-L,kurta,L,1,INR,379,NEW DELHI,110016,IN,FALSE
4996,406-8160096-6914754,8160096,Women,21,07/04/2022,Delivered,Ajio,JNE3568-KR-XS,kurta,XS,1,INR,399,GUWAHATI,781001,IN,FALSE
4997,406-2879136-0681120,2879136,Women,36,07/04/2022,Delivered,Myntra,JNE3690-TU-M,Top,M,1,INR,487,CHENNAI,600056,IN,FALSE
