ReviewID,ProductID,CustomerID,Category,Channel,Platform,Rating,Sentiment,ReviewDate,HelpfulVotes,VerifiedPurchase
REV-00001,PROD-SET-001,2007,Set,Myntra,Desktop Web,1,Negative,2023-07-18,94,True
REV-00002,PROD-LEHENGA-001,261,Lehenga Choli,Amazon,Mobile App,3,Neutral,2024-05-14,27,True
REV-00003,PROD-DUPATTA-001,4465,Dupatta,Ajio,Desktop Web,5,Positive,2023-02-12,57,False
REV-00004,PROD-TOP-001,1308,Top,Ajio,Mobile Web,5,Positive,2022-01-14,35,True
REV-00005,PROD-DRESS-001,838,Western Dress,Amazon,Tablet App,5,Positive,2023-11-21,12,True
REV-00006,PROD-SAREE-002,3764,Saree,Nalli,Mobile App,5,Positive,2022-03-30,118,True
REV-00007,PROD-KURTA-003,4730,kurta,Myntra,Mobile App,5,Positive,2024-01-11,5,True
REV-00008,PROD-TOP-002,828,Top,Ajio,Mobile Web,5,Positive,2023-04-22,58,True
REV-00009,PROD-SET-003,2188,Set,Amazon,Desktop Web,4,Positive,2023-03-06,68,True
REV-00010,PROD-SET-003,4563,Set,Myntra,Mobile Web,4,Positive,2023-07-07,107,True
REV-00011,PROD-DRESS-002,3287,Western Dress,Flipkart,Mobile App,5,Positive,2023-10-09,27,False
REV-00012,PROD-SAREE-001,3242,Saree,Ajio,Desktop Web,4,Positive,2024-10-19,33,True
REV-00013,PROD-DRESS-002,4789,Western Dress,Ajio,Tablet App,5,Positive,2023-06-23,46,True
REV-00014,PROD-SET-002,386,Set,Amazon,Desktop Web,4,Positive,2022-07-06,80,True
REV-00015,PROD-ETHNIC-001,3127,Ethnic Dress,Nalli,Tablet App,5,Positive,2024-02-28,67,True
REV-00016,PROD-LEHENGA-001,939,Lehenga Choli,Nalli,Mobile Web,5,Positive,2022-01-24,98,True
REV-00017,PROD-SET-001,3717,Set,Amazon,Mobile Web,4,Positive,2022-11-20,64,True
REV-00018,PROD-DUPATTA-001,4159,Dupatta,Nalli,Desktop Web,5,Positive,2023-09-04,19,True
REV-00019,PROD-SET-003,5,Set,Nalli,Mobile Web,4,Positive,2024-12-22,62,True
REV-00020,PROD-SET-001,1962,Set,Amazon,Desktop Web,5,Positive,2023-09-22,112,False
REV-00021,PROD-KURTA-003,567,kurta,Nalli,Desktop Web,3,Neutral,2024-09-22,16,True
REV-00022,PROD-LEHENGA-001,4970,Lehenga Choli,Ajio,Desktop Web,3,Neutral,2024-12-16,118,False
REV-00023,PROD-DRESS-001,3060,Western Dress,Ajio,Tablet App,5,Positive,2024-03-28,15,True
REV-00024,PROD-DRESS-002,4820,Western Dress,Nalli,Desktop Web,2,Negative,2022-02-13,75,True
REV-00025,PROD-KURTA-001,1876,kurta,Amazon,Mobile App,2,Negative,2022-05-01,110,True
REV-00026,PROD-KURTA-003,3977,kurta,Myntra,Desktop Web,4,Positive,2023-07-25,92,False
REV-00027,PROD-JACKET-001,3335,Jacket,Myntra,Mobile App,4,Positive,2024-08-26,12,True
REV-00028,PROD-SAREE-002,444,Saree,Amazon,Mobile App,4,Positive,2024-08-14,51,True
REV-00029,PROD-SET-001,4394,Set,Ajio,Desktop Web,4,Positive,2023-01-25,54,True
REV-00030,PROD-TOP-001,3631,Top,Nalli,Mobile App,4,Positive,2022-06-04,6,False
REV-00031,PROD-KURTA-001,1363,kurta,Ajio,Tablet App,5,Positive,2023-04-30,61,True
REV-00032,PROD-BLOUSE-001,3105,Blouse,Amazon,Tablet App,5,Positive,2022-12-04,33,True
REV-00033,PROD-TOP-002,1269,Top,Myntra,Mobile Web,4,Positive,2024-09-23,27,True
REV-00034,PROD-JACKET-001,2570,Jacket,Amazon,Mobile App,5,Positive,2022-05-05,74,True
REV-00035,PROD-DUPATTA-001,1290,Dupatta,Amazon,Mobile App,5,Positive,2024-12-23,108,True
REV-00036,PROD-KURTA-003,3308,kurta,Amazon,Desktop Web,5,Positive,2023-04-27,74,False
REV-00037,PROD-KURTA-002,4782,kurta,Nalli,Mobile Web,5,Positive,2024-05-08,119,True
REV-00038,PROD-DRESS-001,1956,Western Dress,Flipkart,Tablet App,5,Positive,2023-10-06,16,True
REV-00039,PROD-BOTTOM-001,77,Bottom,Ajio,Mobile App,4,Positive,2022-05-29,9,False
REV-00040,PROD-DRESS-001,2860,Western Dress,Amazon,Desktop Web,4,Positive,2022-09-29,47,True
REV-00041,PROD-SET-003,4334,Set,Amazon,Mobile Web,4,Positive,2023-09-12,119,True
REV-00042,PROD-SET-002,4533,Set,Myntra,Mobile Web,4,Positive,2022-08-08,36,False
REV-00043,PROD-DRESS-001,2163,Western Dress,Nalli,Tablet App,5,Positive,2023-02-21,32,True
REV-00044,PROD-KURTA-003,362,kurta,Amazon,Mobile Web,5,Positive,2023-07-21,98,True
REV-00045,PROD-TOP-001,4520,Top,Ajio,Mobile App,3,Neutral,2024-06-23,14,True
REV-00046,PROD-SET-002,4772,Set,Nalli,Desktop Web,4,Positive,2024-01-27,55,True
REV-00047,PROD-KURTA-002,2932,kurta,Myntra,Desktop Web,4,Positive,2022-03-23,85,True
REV-00048,PROD-SAREE-002,1267,Saree,Myntra,Desktop Web,5,Positive,2024-04-12,102,True
REV-00049,PROD-ETHNIC-001,3373,Ethnic Dress,Myntra,Mobile Web,1,Negative,2023-11-12,20,True
REV-00050,PROD-BLOUSE-001,1823,Blouse,Myntra,Tablet App,5,Positive,2024-08-21,44,True
REV-00051,PROD-DRESS-002,3265,Western Dress,Flipkart,Mobile Web,4,Positive,2023-01-31,110,True
REV-00052,PROD-TOP-001,3275,Top,Nalli,Mobile Web,4,Positive,2024-11-09,120,True
REV-00053,PROD-SET-001,1463,Set,Nalli,Mobile Web,5,Positive,2023-06-19,4,True
REV-00054,PROD-SUIT-001,3575,Suit,Nalli,Mobile App,4,Positive,2023-10-05,49,False
REV-00055,PROD-DRESS-001,14,Western Dress,Nalli,Desktop Web,4,Positive,2024-06-12,46,True
REV-00056,PROD-KURTA-003,2572,kurta,Amazon,Mobile Web,5,Positive,2023-11-08,64,True
REV-00057,PROD-ETHNIC-001,4542,Ethnic Dress,Myntra,Desktop Web,4,Positive,2023-08-29,53,True
REV-00058,PROD-SET-003,3327,Set,Nalli,Mobile App,5,Positive,2023-09-09,38,True
REV-00059,PROD-DRESS-001,3810,Western Dress,Ajio,Tablet App,4,Positive,2023-10-22,86,True
REV-00060,PROD-DUPATTA-001,695,Dupatta,Flipkart,Mobile Web,4,Positive,2022-12-14,11,True
REV-00061,PROD-TOP-002,1208,Top,Amazon,Mobile App,4,Positive,2023-02-12,31,True
REV-00062,PROD-SUIT-001,3731,Suit,Ajio,Desktop Web,5,Positive,2022-05-30,91,True
REV-00063,PROD-BOTTOM-002,46,Bottom,Amazon,Tablet App,4,Positive,2022-10-30,28,True
REV-00064,PROD-DUPATTA-001,995,Dupatta,Ajio,Desktop Web,4,Positive,2023-05-26,102,True
REV-00065,PROD-DUPATTA-001,3626,Dupatta,Nalli,Tablet App,5,Positive,2023-10-12,106,False
REV-00066,PROD-BOTTOM-001,3687,Bottom,Flipkart,Desktop Web,5,Positive,2024-08-30,107,True
REV-00067,PROD-DUPATTA-001,2250,Dupatta,Ajio,Mobile App,4,Positive,2023-05-05,91,True
REV-00068,PROD-DRESS-002,4425,Western Dress,Amazon,Desktop Web,4,Positive,2023-10-17,19,True
REV-00069,PROD-BLOUSE-001,527,Blouse,Ajio,Tablet App,5,Positive,2023-03-15,42,False
REV-00070,PROD-BOTTOM-001,3442,Bottom,Ajio,Mobile App,4,Positive,2023-02-28,109,False
REV-00071,PROD-BLOUSE-001,2447,Blouse,Ajio,Tablet App,4,Positive,2023-12-22,68,False
REV-00072,PROD-SUIT-001,1798,Suit,Flipkart,Tablet App,5,Positive,2024-09-26,62,True
REV-00073,PROD-BLOUSE-001,1353,Blouse,Ajio,Desktop Web,4,Positive,2024-04-08,79,False
REV-00074,PROD-KURTA-001,688,kurta,Ajio,Desktop Web,5,Positive,2022-02-25,110,True
REV-00075,PROD-SET-003,2682,Set,Myntra,Tablet App,2,Negative,2024-02-16,41,True
REV-00076,PROD-BLOUSE-001,2067,Blouse,Amazon,Tablet App,4,Positive,2024-05-13,2,False
REV-00077,PROD-KURTA-002,1837,kurta,Amazon,Mobile App,5,Positive,2023-12-18,96,True
REV-00078,PROD-DRESS-002,1249,Western Dress,Myntra,Desktop Web,3,Neutral,2022-02-11,60,True
REV-00079,PROD-JACKET-001,2100,Jacket,Flipkart,Desktop Web,5,Positive,2024-08-10,77,False
REV-00080,PROD-SET-001,2549,Set,Amazon,Mobile App,5,Positive,2022-12-02,118,True
REV-00081,PROD-JACKET-001,3250,Jacket,Myntra,Mobile App,5,Positive,2024-02-08,75,True
REV-00082,PROD-SET-001,4919,Set,Amazon,Mobile App,5,Positive,2023-09-10,44,False
REV-00083,PROD-ETHNIC-001,4145,Ethnic Dress,Flipkart,Mobile App,5,Positive,2022-05-22,108,True
REV-00084,PROD-BOTTOM-002,3767,Bottom,Myntra,Tablet App,3,Neutral,2024-01-12,22,False
REV-00085,PROD-TOP-001,3809,Top,Ajio,Mobile Web,5,Positive,2024-09-17,41,True
REV-00086,PROD-KURTA-003,1998,kurta,Ajio,Tablet App,4,Positive,2024-07-12,43,True
REV-00087,PROD-BOTTOM-002,3995,Bottom,Myntra,Mobile Web,5,Positive,2023-01-08,102,True
REV-00088,PROD-SAREE-001,4554,Saree,Amazon,Desktop Web,4,Positive,2023-07-20,10,True
REV-00089,PROD-ETHNIC-001,3901,Ethnic Dress,Ajio,Tablet App,4,Positive,2023-05-08,101,True
REV-00090,PROD-KURTA-003,1994,kurta,Flipkart,Mobile Web,4,Positive,2024-04-08,60,False
REV-00091,PROD-DUPATTA-001,2883,Dupatta,Ajio,Mobile Web,4,Positive,2023-11-09,39,True
REV-00092,PROD-DRESS-002,2585,Western Dress,Amazon,Desktop Web,3,Neutral,2023-01-30,24,True
REV-00093,PROD-BOTTOM-002,4889,Bottom,Flipkart,Mobile App,4,Positive,2024-12-10,106,True
REV-00094,PROD-TOP-002,2477,Top,Amazon,Desktop Web,4,Positive,2023-01-03,35,True
REV-00095,PROD-KURTA-002,4022,kurta,Amazon,Mobile App,5,Positive,2022-09-16,73,True
REV-00096,PROD-BOTTOM-002,1511,Bottom,Amazon,Mobile Web,4,Positive,2023-11-29,120,True
REV-00097,PROD-SET-001,4029,Set,Amazon,Mobile App,5,Positive,2024-03-31,19,True
REV-00098,PROD-JACKET-001,2034,Jacket,Amazon,Tablet App,5,Positive,2022-06-24,77,False
REV-00099,PROD-SUIT-001,3117,Suit,Ajio,Tablet App,4,Positive,2024-12-06,38,False
REV-00100,PROD-ETHNIC-001,4995,Ethnic Dress,Amazon,Desktop Web,4,Positive,2022-05-04,80,True
REV-00101,PROD-TOP-001,1965,Top,Myntra,Mobile App,5,Positive,2022-11-18,20,True
REV-00102,PROD-ETHNIC-001,2386,Ethnic Dress,Amazon,Desktop Web,4,Positive,2024-08-20,36,True
REV-00103,PROD-BOTTOM-001,2168,Bottom,Nalli,Desktop Web,2,Negative,2023-04-24,54,True
REV-00104,PROD-LEHENGA-001,2177,Lehenga Choli,Myntra,Mobile App,4,Positive,2022-11-02,7,True
REV-00105,PROD-TOP-002,3598,Top,Amazon,Tablet App,5,Positive,2023-08-15,88,True
REV-00106,PROD-BLOUSE-001,4424,Blouse,Ajio,Tablet App,5,Positive,2024-10-21,10,False
REV-00107,PROD-KURTA-002,4946,kurta,Flipkart,Mobile App,5,Positive,2023-10-23,11,True
REV-00108,PROD-JACKET-001,2208,Jacket,Nalli,Mobile App,5,Positive,2022-02-12,97,True
REV-00109,PROD-BOTTOM-002,2279,Bottom,Myntra,Tablet App,4,Positive,2024-06-24,81,True
REV-00110,PROD-KURTA-003,2731,kurta,Flipkart,Mobile App,4,Positive,2024-04-16,109,True
REV-00111,PROD-SAREE-001,2362,Saree,Ajio,Mobile App,4,Positive,2024-10-11,58,True
REV-00112,PROD-SAREE-001,3312,Saree,Nalli,Mobile App,4,Positive,2022-08-26,84,False
REV-00113,PROD-BOTTOM-001,4248,Bottom,Flipkart,Tablet App,4,Positive,2023-01-20,80,True
REV-00114,PROD-KURTA-002,2360,kurta,Ajio,Tablet App,4,Positive,2022-09-26,15,True
REV-00115,PROD-SUIT-001,2546,Suit,Nalli,Mobile App,5,Positive,2022-11-21,70,True
REV-00116,PROD-KURTA-003,3781,kurta,Amazon,Desktop Web,4,Positive,2022-08-21,63,True
REV-00117,PROD-DUPATTA-001,3953,Dupatta,Ajio,Desktop Web,5,Positive,2024-04-30,58,False
REV-00118,PROD-SET-002,1119,Set,Amazon,Mobile Web,4,Positive,2024-11-06,98,True
REV-00119,PROD-SAREE-001,2189,Saree,Amazon,Mobile Web,5,Positive,2024-11-05,92,True
REV-00120,PROD-JACKET-001,1218,Jacket,Ajio,Tablet App,5,Positive,2024-09-29,44,True
REV-00121,PROD-LEHENGA-001,3731,Lehenga Choli,Flipkart,Desktop Web,5,Positive,2024-02-12,89,True
REV-00122,PROD-JACKET-001,358,Jacket,Flipkart,Tablet App,4,Positive,2024-04-21,90,True
REV-00123,PROD-BLOUSE-001,4058,Blouse,Amazon,Desktop Web,5,Positive,2022-11-08,64,False
REV-00124,PROD-SAREE-001,817,Saree,Nalli,Tablet App,5,Positive,2024-06-20,1,True
REV-00125,PROD-ETHNIC-001,613,Ethnic Dress,Ajio,Mobile Web,5,Positive,2022-11-13,43,False
REV-00126,PROD-BLOUSE-001,4372,Blouse,Ajio,Mobile Web,5,Positive,2023-11-04,80,True
REV-00127,PROD-LEHENGA-001,1924,Lehenga Choli,Flipkart,Desktop Web,2,Negative,2022-05-21,95,True
REV-00128,PROD-ETHNIC-001,3635,Ethnic Dress,Myntra,Mobile Web,5,Positive,2022-07-25,115,True
REV-00129,PROD-KURTA-002,2404,kurta,Flipkart,Mobile Web,4,Positive,2022-04-25,55,True
REV-00130,PROD-DRESS-002,1393,Western Dress,Myntra,Mobile App,4,Positive,2023-01-04,78,True
REV-00131,PROD-SUIT-001,4778,Suit,Myntra,Desktop Web,5,Positive,2024-10-16,59,True
REV-00132,PROD-BOTTOM-001,3812,Bottom,Flipkart,Desktop Web,4,Positive,2022-01-20,9,True
REV-00133,PROD-SAREE-002,3476,Saree,Flipkart,Tablet App,5,Positive,2023-09-05,108,True
REV-00134,PROD-DRESS-001,874,Western Dress,Myntra,Tablet App,5,Positive,2024-09-16,73,True
REV-00135,PROD-JACKET-001,180,Jacket,Ajio,Mobile Web,4,Positive,2023-08-28,1,False
REV-00136,PROD-KURTA-002,2345,kurta,Myntra,Mobile Web,5,Positive,2024-10-14,28,True
REV-00137,PROD-SUIT-001,796,Suit,Amazon,Mobile Web,4,Positive,2022-10-08,100,True
REV-00138,PROD-KURTA-002,739,kurta,Flipkart,Mobile Web,5,Positive,2022-09-27,95,True
REV-00139,PROD-SET-003,4349,Set,Nalli,Mobile Web,4,Positive,2024-01-20,106,True
REV-00140,PROD-TOP-001,2418,Top,Flipkart,Mobile App,5,Positive,2024-09-13,59,True
REV-00141,PROD-SET-002,3256,Set,Nalli,Mobile Web,5,Positive,2023-04-08,11,True
REV-00142,PROD-KURTA-001,3726,kurta,Flipkart,Mobile Web,4,Positive,2022-09-11,74,True
REV-00143,PROD-SAREE-002,3863,Saree,Amazon,Mobile Web,3,Neutral,2023-04-24,117,False
REV-00144,PROD-DRESS-002,2476,Western Dress,Ajio,Mobile App,5,Positive,2024-08-08,17,True
REV-00145,PROD-KURTA-002,952,kurta,Amazon,Desktop Web,4,Positive,2024-10-05,113,False
REV-00146,PROD-SET-002,4426,Set,Ajio,Desktop Web,4,Positive,2024-01-30,113,True
REV-00147,PROD-SET-001,2292,Set,Amazon,Mobile Web,5,Positive,2024-04-15,27,True
REV-00148,PROD-BOTTOM-001,814,Bottom,Flipkart,Mobile Web,5,Positive,2024-01-13,7,True
REV-00149,PROD-TOP-001,3726,Top,Amazon,Desktop Web,3,Neutral,2022-09-08,82,False
REV-00150,PROD-KURTA-001,1996,kurta,Myntra,Desktop Web,2,Negative,2023-11-15,8,False
REV-00151,PROD-DRESS-001,2692,Western Dress,Myntra,Mobile App,5,Positive,2023-04-23,35,True
REV-00152,PROD-SET-002,901,Set,Amazon,Desktop Web,4,Positive,2022-12-24,1,True
REV-00153,PROD-DRESS-002,1428,Western Dress,Flipkart,Mobile App,5,Positive,2022-02-02,16,True
REV-00154,PROD-DUPATTA-001,3902,Dupatta,Ajio,Mobile Web,3,Neutral,2022-05-11,65,False
REV-00155,PROD-SET-001,356,Set,Nalli,Mobile Web,4,Positive,2023-03-30,58,True
REV-00156,PROD-KURTA-002,3493,kurta,Amazon,Tablet App,5,Positive,2024-04-02,91,True
REV-00157,PROD-KURTA-003,4984,kurta,Myntra,Mobile App,5,Positive,2023-10-22,16,True
REV-00158,PROD-SUIT-001,3121,Suit,Nalli,Mobile Web,5,Positive,2023-10-28,58,False
REV-00159,PROD-SUIT-001,4517,Suit,Myntra,Tablet App,4,Positive,2022-08-23,57,True
REV-00160,PROD-ETHNIC-001,3267,Ethnic Dress,Ajio,Mobile App,4,Positive,2024-07-17,40,True
REV-00161,PROD-SAREE-001,1251,Saree,Ajio,Mobile App,5,Positive,2024-02-06,11,True
REV-00162,PROD-KURTA-003,1066,kurta,Nalli,Mobile App,4,Positive,2024-02-03,75,False
REV-00163,PROD-LEHENGA-001,3366,Lehenga Choli,Flipkart,Tablet App,4,Positive,2022-09-08,111,True
REV-00164,PROD-TOP-002,849,Top,Nalli,Desktop Web,5,Positive,2023-12-22,19,True
REV-00165,PROD-DRESS-002,4557,Western Dress,Flipkart,Mobile App,5,Positive,2023-12-19,97,True
REV-00166,PROD-JACKET-001,4596,Jacket,Nalli,Mobile App,4,Positive,2024-05-28,77,True
REV-00167,PROD-KURTA-001,2784,kurta,Flipkart,Mobile App,3,Neutral,2023-09-25,23,True
REV-00168,PROD-JACKET-001,1163,Jacket,Amazon,Mobile App,5,Positive,2022-05-23,95,False
REV-00169,PROD-DRESS-001,2793,Western Dress,Myntra,Mobile Web,4,Positive,2024-07-18,39,True
REV-00170,PROD-JACKET-001,1275,Jacket,Myntra,Mobile App,5,Positive,2022-04-18,86,True
REV-00171,PROD-TOP-001,3979,Top,Nalli,Tablet App,4,Positive,2024-05-18,53,True
REV-00172,PROD-DRESS-001,2828,Western Dress,Ajio,Mobile App,5,Positive,2022-08-22,36,False
REV-00173,PROD-BOTTOM-002,373,Bottom,Myntra,Tablet App,4,Positive,2023-09-24,76,True
REV-00174,PROD-KURTA-001,1125,kurta,Flipkart,Mobile Web,4,Positive,2023-03-09,41,True
REV-00175,PROD-KURTA-001,1440,kurta,Myntra,Tablet App,4,Positive,2024-05-31,68,True
REV-00176,PROD-DUPATTA-001,591,Dupatta,Ajio,Mobile App,5,Positive,2023-12-27,55,True
REV-00177,PROD-BOTTOM-001,4717,Bottom,Ajio,Tablet App,5,Positive,2023-10-04,90,True
REV-00178,PROD-TOP-002,2661,Top,Myntra,Tablet App,3,Neutral,2022-02-12,106,True
REV-00179,PROD-KURTA-003,1994,kurta,Ajio,Tablet App,4,Positive,2022-08-05,67,True
REV-00180,PROD-BLOUSE-001,1816,Blouse,Flipkart,Desktop Web,5,Positive,2023-11-27,9,False
REV-00181,PROD-SET-001,2863,Set,Flipkart,Desktop Web,4,Positive,2023-02-02,30,True
REV-00182,PROD-SET-002,4935,Set,Myntra,Mobile App,4,Positive,2022-12-22,22,True
REV-00183,PROD-BOTTOM-001,4625,Bottom,Nalli,Mobile Web,5,Positive,2024-07-08,110,True
REV-00184,PROD-SET-002,3623,Set,Flipkart,Mobile Web,4,Positive,2024-08-18,75,True
REV-00185,PROD-SAREE-002,3783,Saree,Ajio,Mobile App,4,Positive,2023-09-28,7,True
REV-00186,PROD-TOP-002,4867,Top,Nalli,Tablet App,2,Negative,2022-07-04,59,False
REV-00187,PROD-LEHENGA-001,3685,Lehenga Choli,Nalli,Desktop Web,5,Positive,2022-03-26,41,False
REV-00188,PROD-BOTTOM-002,3691,Bottom,Amazon,Mobile Web,4,Positive,2022-05-07,91,True
REV-00189,PROD-DUPATTA-001,2030,Dupatta,Ajio,Tablet App,5,Positive,2022-03-22,67,False
REV-00190,PROD-SUIT-001,2318,Suit,Ajio,Tablet App,3,Neutral,2024-02-03,99,True
REV-00191,PROD-SUIT-001,540,Suit,Flipkart,Mobile App,2,Negative,2023-11-17,71,True
REV-00192,PROD-TOP-002,2731,Top,Amazon,Desktop Web,4,Positive,2022-11-04,117,True
REV-00193,PROD-TOP-002,1057,Top,Nalli,Mobile App,5,Positive,2024-03-13,39,False
REV-00194,PROD-BLOUSE-001,1047,Blouse,Nalli,Mobile App,5,Positive,2023-11-04,82,True
REV-00195,PROD-DUPATTA-001,2531,Dupatta,Myntra,Desktop Web,4,Positive,2024-01-13,43,True
REV-00196,PROD-DRESS-001,1270,Western Dress,Amazon,Mobile Web,4,Positive,2022-10-09,108,True
REV-00197,PROD-DUPATTA-001,310,Dupatta,Flipkart,Desktop Web,5,Positive,2024-12-14,76,True
REV-00198,PROD-SET-002,3586,Set,Amazon,Tablet App,3,Neutral,2022-12-06,46,True
REV-00199,PROD-BOTTOM-001,1917,Bottom,Nalli,Desktop Web,5,Positive,2024-07-08,39,True
REV-00200,PROD-DRESS-001,3783,Western Dress,Flipkart,Tablet App,4,Positive,2024-06-21,64,False
REV-00201,PROD-ETHNIC-001,4954,Ethnic Dress,Myntra,Mobile Web,5,Positive,2023-02-13,6,True
REV-00202,PROD-SAREE-002,4227,Saree,Amazon,Mobile Web,5,Positive,2022-07-30,10,True
REV-00203,PROD-TOP-001,1208,Top,Ajio,Mobile App,4,Positive,2024-11-17,116,True
REV-00204,PROD-BOTTOM-001,3399,Bottom,Amazon,Tablet App,5,Positive,2022-02-24,64,True
REV-00205,PROD-DRESS-002,3072,Western Dress,Myntra,Mobile App,4,Positive,2022-06-17,40,True
REV-00206,PROD-SAREE-001,314,Saree,Flipkart,Tablet App,5,Positive,2022-10-09,89,True
REV-00207,PROD-BOTTOM-002,650,Bottom,Amazon,Mobile Web,4,Positive,2022-01-11,27,True
REV-00208,PROD-LEHENGA-001,3468,Lehenga Choli,Amazon,Mobile Web,5,Positive,2024-12-16,30,True
REV-00209,PROD-SET-001,3745,Set,Amazon,Mobile App,2,Negative,2024-05-09,107,True
REV-00210,PROD-SUIT-001,4711,Suit,Myntra,Desktop Web,4,Positive,2024-11-21,37,True
REV-00211,PROD-KURTA-001,4675,kurta,Ajio,Desktop Web,5,Positive,2023-05-08,85,True
REV-00212,PROD-DUPATTA-001,4310,Dupatta,Nalli,Mobile App,5,Positive,2022-05-19,49,True
REV-00213,PROD-KURTA-002,2078,kurta,Amazon,Mobile Web,5,Positive,2024-02-04,100,True
REV-00214,PROD-SAREE-002,4767,Saree,Flipkart,Desktop Web,4,Positive,2022-08-01,5,True
REV-00215,PROD-LEHENGA-001,3807,Lehenga Choli,Ajio,Desktop Web,4,Positive,2022-12-25,103,True
REV-00216,PROD-KURTA-003,303,kurta,Flipkart,Desktop Web,5,Positive,2024-07-26,5,True
REV-00217,PROD-KURTA-002,4223,kurta,Ajio,Tablet App,4,Positive,2023-09-28,32,True
REV-00218,PROD-DRESS-001,2720,Western Dress,Flipkart,Mobile App,4,Positive,2022-04-08,102,True
REV-00219,PROD-ETHNIC-001,3168,Ethnic Dress,Flipkart,Desktop Web,5,Positive,2024-06-19,63,True
REV-00220,PROD-SAREE-002,2185,Saree,Amazon,Tablet App,5,Positive,2024-11-29,10,True
REV-00221,PROD-SUIT-001,4469,Suit,Flipkart,Mobile Web,5,Positive,2023-01-05,13,True
REV-00222,PROD-SAREE-001,3653,Saree,Nalli,Tablet App,5,Positive,2023-09-20,21,True
REV-00223,PROD-SAREE-002,3564,Saree,Flipkart,Mobile App,4,Positive,2023-12-24,9,True
REV-00224,PROD-SAREE-002,256,Saree,Myntra,Tablet App,4,Positive,2022-11-24,4,True
REV-00225,PROD-KURTA-003,2967,kurta,Ajio,Mobile App,4,Positive,2024-01-21,77,True
REV-00226,PROD-BOTTOM-001,3637,Bottom,Amazon,Desktop Web,5,Positive,2024-02-01,67,True
REV-00227,PROD-BLOUSE-001,2045,Blouse,Amazon,Mobile App,4,Positive,2023-07-25,94,True
REV-00228,PROD-BOTTOM-002,2145,Bottom,Flipkart,Tablet App,4,Positive,2022-08-30,27,False
REV-00229,PROD-TOP-002,1640,Top,Amazon,Desktop Web,5,Positive,2024-10-02,109,True
REV-00230,PROD-BOTTOM-001,720,Bottom,Flipkart,Mobile Web,3,Neutral,2024-06-30,90,True
REV-00231,PROD-LEHENGA-001,1291,Lehenga Choli,Myntra,Mobile Web,4,Positive,2023-09-07,65,True
REV-00232,PROD-SET-001,1940,Set,Ajio,Mobile App,5,Positive,2022-10-12,46,False
REV-00233,PROD-JACKET-001,707,Jacket,Amazon,Mobile Web,4,Positive,2022-09-23,50,True
REV-00234,PROD-DUPATTA-001,4710,Dupatta,Amazon,Desktop Web,4,Positive,2024-04-18,40,True
REV-00235,PROD-BOTTOM-001,2823,Bottom,Myntra,Desktop Web,4,Positive,2024-11-25,98,True
REV-00236,PROD-ETHNIC-001,1018,Ethnic Dress,Nalli,Desktop Web,4,Positive,2022-04-24,38,True
REV-00237,PROD-SET-003,2835,Set,Nalli,Mobile Web,4,Positive,2023-04-07,108,True
REV-00238,PROD-TOP-001,1026,Top,Flipkart,Mobile App,3,Neutral,2023-07-17,64,True
REV-00239,PROD-JACKET-001,1403,Jacket,Nalli,Mobile Web,5,Positive,2022-11-12,107,False
REV-00240,PROD-KURTA-002,666,kurta,Amazon,Mobile Web,5,Positive,2022-02-28,83,True
REV-00241,PROD-JACKET-001,4080,Jacket,Nalli,Mobile Web,4,Positive,2022-03-04,82,True
REV-00242,PROD-BOTTOM-002,2437,Bottom,Ajio,Mobile App,4,Positive,2024-04-11,88,True
REV-00243,PROD-SET-003,3805,Set,Myntra,Mobile Web,4,Positive,2024-09-18,77,True
REV-00244,PROD-SAREE-001,2830,Saree,Ajio,Desktop Web,5,Positive,2023-10-16,97,True
REV-00245,PROD-DUPATTA-001,1981,Dupatta,Ajio,Mobile App,5,Positive,2023-10-16,34,True
REV-00246,PROD-DRESS-002,2378,Western Dress,Ajio,Tablet App,3,Neutral,2022-04-14,31,True
REV-00247,PROD-SAREE-001,1556,Saree,Myntra,Tablet App,5,Positive,2023-10-03,65,True
REV-00248,PROD-BOTTOM-002,190,Bottom,Amazon,Tablet App,5,Positive,2024-10-15,64,True
REV-00249,PROD-DRESS-002,399,Western Dress,Amazon,Mobile Web,4,Positive,2023-12-24,63,False
REV-00250,PROD-BOTTOM-002,881,Bottom,Ajio,Desktop Web,4,Positive,2022-01-17,112,True
REV-00251,PROD-SAREE-002,371,Saree,Ajio,Mobile App,5,Positive,2024-01-20,72,False
REV-00252,PROD-DRESS-001,603,Western Dress,Ajio,Tablet App,4,Positive,2023-08-15,97,False
REV-00253,PROD-TOP-001,1055,Top,Amazon,Tablet App,5,Positive,2022-09-01,47,True
REV-00254,PROD-LEHENGA-001,1631,Lehenga Choli,Nalli,Tablet App,5,Positive,2022-10-23,64,True
REV-00255,PROD-KURTA-002,3881,kurta,Nalli,Tablet App,2,Negative,2023-11-14,19,False
REV-00256,PROD-DUPATTA-001,1332,Dupatta,Ajio,Mobile Web,3,Neutral,2023-10-15,75,True
REV-00257,PROD-DUPATTA-001,4013,Dupatta,Nalli,Mobile Web,5,Positive,2024-12-26,60,True
REV-00258,PROD-SAREE-002,3413,Saree,Nalli,Mobile Web,4,Positive,2022-08-13,101,True
REV-00259,PROD-SUIT-001,421,Suit,Nalli,Tablet App,4,Positive,2023-04-12,21,False
REV-00260,PROD-SUIT-001,1211,Suit,Myntra,Mobile App,5,Positive,2024-02-18,73,True
REV-00261,PROD-DRESS-001,3431,Western Dress,Myntra,Tablet App,1,Negative,2023-10-05,88,True
REV-00262,PROD-ETHNIC-001,511,Ethnic Dress,Myntra,Desktop Web,4,Positive,2024-08-23,71,True
REV-00263,PROD-BOTTOM-002,1419,Bottom,Ajio,Mobile Web,4,Positive,2023-10-05,69,True
REV-00264,PROD-TOP-001,2020,Top,Flipkart,Mobile Web,5,Positive,2023-01-29,28,True
REV-00265,PROD-TOP-002,2598,Top,Ajio,Mobile Web,5,Positive,2024-09-28,71,True
REV-00266,PROD-TOP-002,3233,Top,Flipkart,Desktop Web,3,Neutral,2024-02-17,37,True
REV-00267,PROD-TOP-002,2838,Top,Ajio,Mobile Web,5,Positive,2022-06-11,95,True
REV-00268,PROD-DRESS-001,4605,Western Dress,Flipkart,Desktop Web,4,Positive,2023-07-10,13,False
REV-00269,PROD-JACKET-001,4351,Jacket,Myntra,Desktop Web,4,Positive,2022-04-14,6,True
REV-00270,PROD-ETHNIC-001,824,Ethnic Dress,Myntra,Mobile App,4,Positive,2024-08-25,70,True
REV-00271,PROD-ETHNIC-001,3912,Ethnic Dress,Myntra,Mobile Web,5,Positive,2024-09-01,41,True
REV-00272,PROD-KURTA-002,4704,kurta,Myntra,Mobile App,5,Positive,2022-07-03,116,True
REV-00273,PROD-ETHNIC-001,298,Ethnic Dress,Ajio,Tablet App,5,Positive,2022-12-27,23,True
REV-00274,PROD-KURTA-002,2745,kurta,Flipkart,Tablet App,1,Negative,2022-08-08,82,False
REV-00275,PROD-DUPATTA-001,4131,Dupatta,Ajio,Mobile Web,4,Positive,2022-10-02,24,True
REV-00276,PROD-SAREE-001,2108,Saree,Myntra,Mobile App,3,Neutral,2024-07-28,94,True
REV-00277,PROD-TOP-002,1438,Top,Nalli,Tablet App,5,Positive,2023-01-31,105,True
REV-00278,PROD-DUPATTA-001,782,Dupatta,Myntra,Desktop Web,4,Positive,2024-03-31,61,True
REV-00279,PROD-DRESS-002,1930,Western Dress,Ajio,Mobile Web,1,Negative,2024-02-25,42,True
REV-00280,PROD-JACKET-001,2143,Jacket,Flipkart,Desktop Web,5,Positive,2022-01-24,7,True
REV-00281,PROD-BOTTOM-001,4117,Bottom,Flipkart,Mobile App,4,Positive,2024-04-10,81,True
REV-00282,PROD-SAREE-002,1095,Saree,Ajio,Desktop Web,5,Positive,2023-03-25,58,False
REV-00283,PROD-SAREE-002,4404,Saree,Myntra,Desktop Web,4,Positive,2024-08-22,87,False
REV-00284,PROD-KURTA-003,2964,kurta,Amazon,Mobile App,4,Positive,2024-12-17,7,False
REV-00285,PROD-DUPATTA-001,1348,Dupatta,Flipkart,Tablet App,4,Positive,2022-11-03,14,True
REV-00286,PROD-JACKET-001,3650,Jacket,Amazon,Tablet App,4,Positive,2024-11-11,16,False
REV-00287,PROD-ETHNIC-001,4578,Ethnic Dress,Ajio,Mobile Web,4,Positive,2022-04-29,92,True
REV-00288,PROD-BLOUSE-001,1786,Blouse,Nalli,Mobile App,4,Positive,2022-01-07,5,True
REV-00289,PROD-SAREE-002,566,Saree,Ajio,Mobile App,5,Positive,2022-05-04,36,True
REV-00290,PROD-SET-003,3068,Set,Ajio,Tablet App,5,Positive,2024-05-10,111,True
REV-00291,PROD-BLOUSE-001,2849,Blouse,Amazon,Desktop Web,3,Neutral,2022-09-30,68,True
REV-00292,PROD-DUPATTA-001,29,Dupatta,Amazon,Mobile Web,3,Neutral,2023-04-02,59,False
REV-00293,PROD-ETHNIC-001,2028,Ethnic Dress,Ajio,Mobile Web,4,Positive,2023-04-16,19,True
REV-00294,PROD-DRESS-001,264,Western Dress,Ajio,Mobile App,5,Positive,2022-08-20,30,True
REV-00295,PROD-KURTA-003,3658,kurta,Nalli,Mobile App,3,Neutral,2022-03-10,31,True
REV-00296,PROD-BLOUSE-001,463,Blouse,Myntra,Mobile Web,4,Positive,2023-03-21,29,False
REV-00297,PROD-SAREE-001,1941,Saree,Flipkart,Desktop Web,5,Positive,2023-10-19,84,False
REV-00298,PROD-DRESS-002,500,Western Dress,Nalli,Desktop Web,4,Positive,2023-07-18,80,True
REV-00299,PROD-LEHENGA-001,3123,Lehenga Choli,Nalli,Mobile Web,4,Positive,2023-12-07,89,True
REV-00300,PROD-ETHNIC-001,1507,Ethnic Dress,Nalli,Tablet App,3,Neutral,2024-02-10,30,True
REV-00301,PROD-TOP-002,3794,Top,Amazon,Tablet App,5,Positive,2022-10-23,53,False
REV-00302,PROD-DUPATTA-001,2089,Dupatta,Myntra,Mobile Web,3,Neutral,2023-05-13,82,True
REV-00303,PROD-BOTTOM-001,4388,Bottom,Myntra,Mobile App,5,Positive,2022-07-09,34,True
REV-00304,PROD-SUIT-001,1542,Suit,Nalli,Desktop Web,5,Positive,2022-05-30,61,True
REV-00305,PROD-SAREE-001,1736,Saree,Myntra,Mobile App,4,Positive,2022-02-01,95,True
REV-00306,PROD-DRESS-002,3250,Western Dress,Myntra,Mobile Web,5,Positive,2023-02-23,99,True
REV-00307,PROD-BLOUSE-001,2527,Blouse,Flipkart,Mobile Web,4,Positive,2024-01-06,65,True
REV-00308,PROD-BOTTOM-001,2624,Bottom,Myntra,Mobile Web,3,Neutral,2024-08-19,40,True
REV-00309,PROD-KURTA-002,1196,kurta,Amazon,Mobile Web,5,Positive,2023-03-30,70,False
REV-00310,PROD-JACKET-001,1249,Jacket,Myntra,Mobile Web,5,Positive,2023-08-28,29,True
REV-00311,PROD-JACKET-001,4511,Jacket,Flipkart,Mobile Web,5,Positive,2024-10-19,97,True
REV-00312,PROD-BOTTOM-002,1387,Bottom,Myntra,Tablet App,4,Positive,2023-12-23,23,False
REV-00313,PROD-KURTA-002,398,kurta,Amazon,Tablet App,4,Positive,2022-06-02,17,True
REV-00314,PROD-KURTA-003,1792,kurta,Nalli,Tablet App,5,Positive,2022-01-19,47,True
REV-00315,PROD-SUIT-001,3997,Suit,Amazon,Mobile App,5,Positive,2024-09-16,68,False
REV-00316,PROD-ETHNIC-001,2251,Ethnic Dress,Nalli,Mobile Web,1,Negative,2024-12-20,2,False
REV-00317,PROD-ETHNIC-001,877,Ethnic Dress,Amazon,Desktop Web,5,Positive,2023-01-03,30,True
REV-00318,PROD-SUIT-001,2190,Suit,Ajio,Mobile App,4,Positive,2023-12-27,47,True
REV-00319,PROD-BOTTOM-001,2458,Bottom,Amazon,Mobile App,5,Positive,2023-04-08,11,True
REV-00320,PROD-BLOUSE-001,460,Blouse,Amazon,Desktop Web,4,Positive,2024-09-01,10,True
REV-00321,PROD-ETHNIC-001,4636,Ethnic Dress,Amazon,Mobile App,5,Positive,2023-11-10,29,True
REV-00322,PROD-JACKET-001,610,Jacket,Flipkart,Mobile App,4,Positive,2022-04-06,22,True
REV-00323,PROD-KURTA-001,3263,kurta,Amazon,Mobile Web,5,Positive,2022-10-23,20,False
REV-00324,PROD-DRESS-002,4429,Western Dress,Flipkart,Tablet App,5,Positive,2024-03-07,96,True
REV-00325,PROD-KURTA-003,440,kurta,Amazon,Tablet App,4,Positive,2023-12-10,29,True
REV-00326,PROD-SAREE-001,2674,Saree,Amazon,Mobile Web,5,Positive,2024-03-23,100,True
REV-00327,PROD-BOTTOM-002,3538,Bottom,Myntra,Tablet App,4,Positive,2024-02-08,10,False
REV-00328,PROD-TOP-002,673,Top,Flipkart,Desktop Web,5,Positive,2022-05-31,48,True
REV-00329,PROD-BLOUSE-001,750,Blouse,Amazon,Mobile Web,4,Positive,2022-08-07,56,True
REV-00330,PROD-TOP-001,1536,Top,Ajio,Tablet App,3,Neutral,2022-06-28,71,False
REV-00331,PROD-DUPATTA-001,735,Dupatta,Flipkart,Mobile App,4,Positive,2022-02-23,76,False
REV-00332,PROD-SAREE-001,2391,Saree,Ajio,Tablet App,5,Positive,2022-01-26,99,True
REV-00333,PROD-LEHENGA-001,4686,Lehenga Choli,Nalli,Desktop Web,5,Positive,2023-05-13,87,True
REV-00334,PROD-SET-003,2199,Set,Ajio,Desktop Web,3,Neutral,2023-09-09,8,True
REV-00335,PROD-ETHNIC-001,3967,Ethnic Dress,Amazon,Mobile Web,4,Positive,2023-09-06,32,True
REV-00336,PROD-BOTTOM-002,3751,Bottom,Amazon,Desktop Web,5,Positive,2023-02-05,38,True
REV-00337,PROD-BLOUSE-001,2700,Blouse,Ajio,Mobile Web,4,Positive,2024-02-18,55,False
REV-00338,PROD-SET-002,3925,Set,Flipkart,Desktop Web,4,Positive,2023-02-16,50,True
REV-00339,PROD-TOP-002,4718,Top,Myntra,Mobile Web,5,Positive,2024-10-02,48,True
REV-00340,PROD-BLOUSE-001,4852,Blouse,Nalli,Desktop Web,4,Positive,2023-02-14,87,False
REV-00341,PROD-KURTA-001,1718,kurta,Ajio,Mobile Web,5,Positive,2024-08-03,106,True
REV-00342,PROD-ETHNIC-001,2481,Ethnic Dress,Myntra,Mobile Web,5,Positive,2022-10-13,84,True
REV-00343,PROD-ETHNIC-001,3679,Ethnic Dress,Nalli,Tablet App,5,Positive,2022-06-01,74,True
REV-00344,PROD-LEHENGA-001,4454,Lehenga Choli,Amazon,Mobile Web,4,Positive,2024-05-06,89,False
REV-00345,PROD-SUIT-001,896,Suit,Myntra,Mobile Web,5,Positive,2022-06-24,21,False
REV-00346,PROD-KURTA-002,2717,kurta,Ajio,Mobile App,5,Positive,2024-03-29,1,True
REV-00347,PROD-TOP-001,4572,Top,Nalli,Desktop Web,4,Positive,2024-11-28,57,True
REV-00348,PROD-BLOUSE-001,1235,Blouse,Flipkart,Mobile App,4,Positive,2024-10-21,61,True
REV-00349,PROD-TOP-002,951,Top,Myntra,Mobile Web,4,Positive,2022-06-25,39,True
REV-00350,PROD-BOTTOM-001,3957,Bottom,Flipkart,Tablet App,5,Positive,2024-12-03,12,True
REV-00351,PROD-BOTTOM-001,367,Bottom,Amazon,Mobile App,4,Positive,2023-09-07,108,True
REV-00352,PROD-SET-001,1999,Set,Nalli,Desktop Web,5,Positive,2022-12-03,70,True
REV-00353,PROD-SAREE-001,1900,Saree,Ajio,Desktop Web,5,Positive,2024-08-04,23,True
REV-00354,PROD-BLOUSE-001,3683,Blouse,Nalli,Tablet App,1,Negative,2023-02-09,49,True
REV-00355,PROD-DRESS-001,4730,Western Dress,Amazon,Desktop Web,4,Positive,2022-05-09,46,True
REV-00356,PROD-DRESS-001,4010,Western Dress,Nalli,Mobile Web,4,Positive,2023-06-22,76,True
REV-00357,PROD-SUIT-001,2851,Suit,Flipkart,Tablet App,4,Positive,2022-08-22,79,True
REV-00358,PROD-TOP-002,1098,Top,Flipkart,Mobile App,5,Positive,2022-06-23,30,True
REV-00359,PROD-SET-001,4185,Set,Ajio,Tablet App,3,Neutral,2022-10-17,76,True
REV-00360,PROD-JACKET-001,3987,Jacket,Nalli,Desktop Web,4,Positive,2023-01-16,71,True
REV-00361,PROD-BOTTOM-002,2578,Bottom,Ajio,Mobile App,4,Positive,2023-01-19,110,True
REV-00362,PROD-KURTA-001,3146,kurta,Nalli,Tablet App,4,Positive,2023-02-04,52,True
REV-00363,PROD-ETHNIC-001,4004,Ethnic Dress,Myntra,Mobile App,5,Positive,2024-06-28,72,True
REV-00364,PROD-DRESS-002,1842,Western Dress,Nalli,Mobile Web,4,Positive,2023-07-17,21,True
REV-00365,PROD-JACKET-001,4504,Jacket,Nalli,Mobile App,5,Positive,2024-10-11,73,True
REV-00366,PROD-TOP-001,4441,Top,Amazon,Tablet App,5,Positive,2024-01-22,69,True
REV-00367,PROD-ETHNIC-001,2439,Ethnic Dress,Amazon,Tablet App,3,Neutral,2023-05-22,33,True
REV-00368,PROD-KURTA-003,1942,kurta,Myntra,Mobile Web,4,Positive,2022-08-29,110,False
REV-00369,PROD-ETHNIC-001,1693,Ethnic Dress,Myntra,Mobile App,3,Neutral,2022-10-13,72,True
REV-00370,PROD-LEHENGA-001,2652,Lehenga Choli,Flipkart,Mobile Web,4,Positive,2022-12-11,73,True
REV-00371,PROD-DUPATTA-001,1111,Dupatta,Ajio,Mobile App,5,Positive,2022-07-15,35,True
REV-00372,PROD-SET-002,2028,Set,Ajio,Tablet App,4,Positive,2023-10-22,18,False
REV-00373,PROD-TOP-001,3703,Top,Amazon,Mobile App,5,Positive,2024-02-08,51,False
REV-00374,PROD-TOP-001,3725,Top,Ajio,Mobile Web,5,Positive,2024-01-26,74,True
REV-00375,PROD-KURTA-003,2935,kurta,Amazon,Tablet App,5,Positive,2024-07-27,27,True
REV-00376,PROD-DRESS-001,2324,Western Dress,Flipkart,Desktop Web,4,Positive,2023-10-24,72,True
REV-00377,PROD-SAREE-001,377,Saree,Amazon,Tablet App,5,Positive,2022-04-10,2,True
REV-00378,PROD-SET-003,3505,Set,Myntra,Desktop Web,4,Positive,2022-01-02,112,True
REV-00379,PROD-SET-003,765,Set,Flipkart,Mobile Web,5,Positive,2023-07-16,10,True
REV-00380,PROD-SET-003,1919,Set,Ajio,Mobile App,2,Negative,2023-09-18,90,True
REV-00381,PROD-KURTA-001,1088,kurta,Nalli,Desktop Web,4,Positive,2022-06-09,66,True
REV-00382,PROD-KURTA-001,988,kurta,Ajio,Desktop Web,1,Negative,2023-12-05,61,True
REV-00383,PROD-DRESS-002,846,Western Dress,Flipkart,Mobile Web,4,Positive,2022-07-29,112,True
REV-00384,PROD-SET-002,1171,Set,Amazon,Mobile App,4,Positive,2022-09-30,78,True
REV-00385,PROD-BOTTOM-001,1241,Bottom,Ajio,Tablet App,4,Positive,2023-03-13,110,True
REV-00386,PROD-KURTA-003,1009,kurta,Nalli,Tablet App,5,Positive,2022-10-14,44,True
REV-00387,PROD-SAREE-001,2269,Saree,Amazon,Desktop Web,5,Positive,2023-05-23,70,False
REV-00388,PROD-SUIT-001,220,Suit,Flipkart,Desktop Web,5,Positive,2023-08-07,66,False
REV-00389,PROD-DUPATTA-001,2422,Dupatta,Amazon,Desktop Web,3,Neutral,2024-03-13,63,True
REV-00390,PROD-SET-001,4328,Set,Amazon,Mobile Web,4,Positive,2022-05-26,119,True
REV-00391,PROD-SET-002,2994,Set,Nalli,Desktop Web,4,Positive,2024-05-11,97,True
REV-00392,PROD-KURTA-003,113,kurta,Flipkart,Desktop Web,1,Negative,2022-05-19,5,True
REV-00393,PROD-BLOUSE-001,3404,Blouse,Ajio,Tablet App,4,Positive,2024-10-23,10,False
REV-00394,PROD-LEHENGA-001,685,Lehenga Choli,Flipkart,Mobile App,5,Positive,2023-07-23,65,True
REV-00395,PROD-SET-002,4805,Set,Amazon,Mobile Web,4,Positive,2024-03-11,89,True
REV-00396,PROD-DRESS-002,3560,Western Dress,Amazon,Tablet App,2,Negative,2022-06-26,78,False
REV-00397,PROD-KURTA-002,979,kurta,Amazon,Desktop Web,4,Positive,2022-12-26,89,True
REV-00398,PROD-SET-003,4285,Set,Nalli,Mobile Web,4,Positive,2023-12-12,21,True
REV-00399,PROD-SET-002,968,Set,Amazon,Mobile Web,5,Positive,2023-07-05,103,True
REV-00400,PROD-TOP-001,4724,Top,Amazon,Tablet App,4,Positive,2023-06-23,58,False
REV-00401,PROD-SAREE-002,3013,Saree,Myntra,Mobile Web,2,Negative,2022-12-08,98,True
REV-00402,PROD-JACKET-001,1872,Jacket,Nalli,Mobile App,5,Positive,2022-08-25,5,True
REV-00403,PROD-DRESS-002,3138,Western Dress,Myntra,Desktop Web,2,Negative,2024-01-16,119,True
REV-00404,PROD-LEHENGA-001,1840,Lehenga Choli,Flipkart,Desktop Web,5,Positive,2024-05-08,53,True
REV-00405,PROD-TOP-001,979,Top,Nalli,Mobile App,5,Positive,2024-02-03,22,True
REV-00406,PROD-DUPATTA-001,565,Dupatta,Ajio,Mobile Web,5,Positive,2024-04-01,99,True
REV-00407,PROD-SAREE-001,66,Saree,Flipkart,Desktop Web,3,Neutral,2024-07-24,37,False
REV-00408,PROD-TOP-002,3801,Top,Flipkart,Tablet App,5,Positive,2023-05-12,98,True
REV-00409,PROD-LEHENGA-001,1234,Lehenga Choli,Amazon,Tablet App,5,Positive,2023-05-18,3,True
REV-00410,PROD-LEHENGA-001,2745,Lehenga Choli,Amazon,Tablet App,4,Positive,2022-01-20,108,True
REV-00411,PROD-SET-001,3440,Set,Ajio,Mobile App,4,Positive,2023-05-03,18,True
REV-00412,PROD-KURTA-003,4258,kurta,Ajio,Mobile Web,2,Negative,2023-04-20,58,True
REV-00413,PROD-JACKET-001,3231,Jacket,Amazon,Mobile App,3,Neutral,2022-10-01,55,True
REV-00414,PROD-DRESS-002,3220,Western Dress,Flipkart,Mobile Web,4,Positive,2023-10-08,57,True
REV-00415,PROD-DRESS-002,1116,Western Dress,Nalli,Mobile App,2,Negative,2023-02-20,19,True
REV-00416,PROD-SET-003,3331,Set,Amazon,Mobile Web,4,Positive,2023-10-06,98,True
REV-00417,PROD-BOTTOM-001,983,Bottom,Amazon,Desktop Web,4,Positive,2023-06-27,103,True
REV-00418,PROD-SUIT-001,1216,Suit,Amazon,Desktop Web,2,Negative,2023-11-03,45,True
REV-00419,PROD-DUPATTA-001,2132,Dupatta,Myntra,Mobile App,2,Negative,2023-09-05,51,True
REV-00420,PROD-LEHENGA-001,776,Lehenga Choli,Ajio,Mobile App,5,Positive,2023-05-27,102,True
REV-00421,PROD-SET-001,1071,Set,Myntra,Tablet App,1,Negative,2023-04-01,47,True
REV-00422,PROD-JACKET-001,179,Jacket,Amazon,Desktop Web,5,Positive,2022-06-03,115,True
REV-00423,PROD-SET-002,1004,Set,Amazon,Tablet App,3,Neutral,2023-11-11,6,True
REV-00424,PROD-JACKET-001,4065,Jacket,Amazon,Tablet App,4,Positive,2024-03-19,87,True
REV-00425,PROD-SET-003,2253,Set,Flipkart,Tablet App,4,Positive,2023-01-19,113,True
REV-00426,PROD-KURTA-002,2418,kurta,Ajio,Tablet App,5,Positive,2023-05-19,112,False
REV-00427,PROD-BOTTOM-002,3138,Bottom,Myntra,Tablet App,2,Negative,2023-07-27,25,False
REV-00428,PROD-DRESS-002,3134,Western Dress,Flipkart,Tablet App,5,Positive,2022-02-09,69,True
REV-00429,PROD-SAREE-002,2635,Saree,Ajio,Mobile Web,5,Positive,2024-10-25,23,True
REV-00430,PROD-SAREE-001,2302,Saree,Amazon,Tablet App,5,Positive,2022-03-02,67,True
REV-00431,PROD-JACKET-001,821,Jacket,Myntra,Desktop Web,5,Positive,2022-11-23,34,False
REV-00432,PROD-KURTA-002,4717,kurta,Ajio,Mobile Web,5,Positive,2023-03-26,119,True
REV-00433,PROD-SET-003,2940,Set,Nalli,Mobile App,4,Positive,2023-10-14,90,True
REV-00434,PROD-JACKET-001,4033,Jacket,Nalli,Mobile Web,5,Positive,2023-01-21,22,True
REV-00435,PROD-KURTA-002,4929,kurta,Myntra,Mobile App,3,Neutral,2023-04-22,67,True
REV-00436,PROD-KURTA-001,1069,kurta,Flipkart,Desktop Web,4,Positive,2023-02-17,117,True
REV-00437,PROD-KURTA-002,909,kurta,Nalli,Mobile Web,1,Negative,2022-10-18,9,True
REV-00438,PROD-BLOUSE-001,2473,Blouse,Flipkart,Desktop Web,5,Positive,2023-11-21,20,True
REV-00439,PROD-BOTTOM-002,4604,Bottom,Nalli,Mobile Web,5,Positive,2022-12-23,28,False
REV-00440,PROD-SET-003,1044,Set,Myntra,Mobile App,4,Positive,2023-08-27,89,False
REV-00441,PROD-BLOUSE-001,1492,Blouse,Nalli,Mobile Web,5,Positive,2022-03-08,117,False
REV-00442,PROD-DRESS-002,4065,Western Dress,Myntra,Mobile Web,5,Positive,2022-08-02,95,True
REV-00443,PROD-DRESS-002,1376,Western Dress,Amazon,Mobile Web,4,Positive,2023-10-17,57,True
REV-00444,PROD-TOP-001,2872,Top,Flipkart,Mobile App,4,Positive,2022-05-19,92,True
REV-00445,PROD-KURTA-002,1363,kurta,Ajio,Tablet App,4,Positive,2024-05-09,112,True
REV-00446,PROD-SAREE-002,3928,Saree,Nalli,Desktop Web,4,Positive,2022-07-27,20,True
REV-00447,PROD-KURTA-003,2416,kurta,Amazon,Mobile Web,5,Positive,2022-03-10,33,True
REV-00448,PROD-KURTA-003,1319,kurta,Amazon,Mobile App,4,Positive,2024-02-08,43,False
REV-00449,PROD-SUIT-001,3534,Suit,Myntra,Tablet App,5,Positive,2022-03-05,20,True
REV-00450,PROD-SET-001,3353,Set,Nalli,Mobile Web,4,Positive,2023-01-25,84,True
REV-00451,PROD-TOP-002,3219,Top,Nalli,Tablet App,4,Positive,2022-04-12,19,True
REV-00452,PROD-SAREE-002,2413,Saree,Nalli,Tablet App,1,Negative,2022-06-29,25,True
REV-00453,PROD-KURTA-001,672,kurta,Ajio,Mobile App,4,Positive,2023-08-21,39,True
REV-00454,PROD-BOTTOM-002,747,Bottom,Nalli,Tablet App,4,Positive,2023-06-27,23,True
REV-00455,PROD-BLOUSE-001,366,Blouse,Flipkart,Tablet App,4,Positive,2024-07-01,59,True
REV-00456,PROD-DRESS-002,1239,Western Dress,Amazon,Mobile App,5,Positive,2022-05-07,85,True
REV-00457,PROD-LEHENGA-001,4536,Lehenga Choli,Amazon,Tablet App,4,Positive,2023-04-11,104,False
REV-00458,PROD-ETHNIC-001,4692,Ethnic Dress,Myntra,Tablet App,5,Positive,2024-08-30,38,True
REV-00459,PROD-BLOUSE-001,4114,Blouse,Nalli,Desktop Web,5,Positive,2022-03-13,15,True
REV-00460,PROD-SET-003,1736,Set,Myntra,Desktop Web,5,Positive,2022-12-09,5,True
REV-00461,PROD-KURTA-003,1655,kurta,Myntra,Mobile Web,5,Positive,2024-06-10,40,True
REV-00462,PROD-KURTA-003,4523,kurta,Flipkart,Mobile Web,4,Positive,2024-03-24,66,True
REV-00463,PROD-KURTA-001,3438,kurta,Amazon,Tablet App,5,Positive,2024-12-06,19,True
REV-00464,PROD-JACKET-001,866,Jacket,Nalli,Mobile App,5,Positive,2022-07-25,100,True
REV-00465,PROD-LEHENGA-001,2164,Lehenga Choli,Ajio,Tablet App,5,Positive,2024-04-21,73,False
REV-00466,PROD-BOTTOM-002,3302,Bottom,Myntra,Tablet App,2,Negative,2023-07-19,4,True
REV-00467,PROD-SAREE-001,3893,Saree,Flipkart,Mobile Web,5,Positive,2022-04-11,2,True
REV-00468,PROD-TOP-002,805,Top,Myntra,Desktop Web,4,Positive,2024-10-03,38,True
REV-00469,PROD-SAREE-001,4956,Saree,Amazon,Desktop Web,4,Positive,2024-05-03,56,True
REV-00470,PROD-ETHNIC-001,3064,Ethnic Dress,Amazon,Desktop Web,5,Positive,2024-11-23,8,True
REV-00471,PROD-DUPATTA-001,4659,Dupatta,Amazon,Desktop Web,4,Positive,2024-12-09,24,True
REV-00472,PROD-KURTA-002,415,kurta,Flipkart,Desktop Web,4,Positive,2024-07-23,35,True
REV-00473,PROD-BOTTOM-001,251,Bottom,Myntra,Mobile Web,4,Positive,2022-09-11,62,False
REV-00474,PROD-BOTTOM-001,4808,Bottom,Nalli,Mobile Web,3,Neutral,2024-08-29,44,True
REV-00475,PROD-TOP-001,2336,Top,Amazon,Tablet App,5,Positive,2022-07-05,6,True
REV-00476,PROD-JACKET-001,1814,Jacket,Myntra,Desktop Web,5,Positive,2023-03-15,34,True
REV-00477,PROD-DUPATTA-001,3884,Dupatta,Myntra,Desktop Web,1,Negative,2022-01-19,76,True
REV-00478,PROD-DRESS-002,2256,Western Dress,Ajio,Tablet App,4,Positive,2023-09-18,109,True
REV-00479,PROD-BOTTOM-001,2476,Bottom,Nalli,Tablet App,4,Positive,2024-08-13,74,True
REV-00480,PROD-KURTA-001,4600,kurta,Nalli,Mobile Web,4,Positive,2024-02-06,38,True
REV-00481,PROD-BOTTOM-002,2664,Bottom,Flipkart,Mobile Web,2,Negative,2023-07-21,83,True
REV-00482,PROD-DRESS-001,466,Western Dress,Nalli,Tablet App,3,Neutral,2023-05-08,84,True
REV-00483,PROD-SET-002,2422,Set,Flipkart,Tablet App,5,Positive,2024-10-15,51,True
REV-00484,PROD-KURTA-002,2812,kurta,Myntra,Tablet App,5,Positive,2023-01-24,116,True
REV-00485,PROD-DUPATTA-001,4574,Dupatta,Myntra,Mobile Web,4,Positive,2022-12-15,12,True
REV-00486,PROD-SET-002,2750,Set,Amazon,Desktop Web,5,Positive,2023-01-10,45,True
REV-00487,PROD-TOP-002,3045,Top,Flipkart,Mobile Web,4,Positive,2023-11-10,59,True
REV-00488,PROD-BOTTOM-002,3869,Bottom,Myntra,Mobile App,2,Negative,2022-05-26,111,True
REV-00489,PROD-DUPATTA-001,1236,Dupatta,Myntra,Desktop Web,4,Positive,2022-04-21,43,True
REV-00490,PROD-JACKET-001,1174,Jacket,Flipkart,Desktop Web,5,Positive,2024-07-26,99,True
REV-00491,PROD-BOTTOM-002,2568,Bottom,Amazon,Mobile App,4,Positive,2022-12-29,57,True
REV-00492,PROD-DRESS-001,4721,Western Dress,Myntra,Tablet App,5,Positive,2022-12-12,100,True
REV-00493,PROD-SET-002,3305,Set,Ajio,Tablet App,5,Positive,2024-05-29,49,True
REV-00494,PROD-KURTA-002,116,kurta,Flipkart,Desktop Web,4,Positive,2024-02-04,2,True
REV-00495,PROD-DRESS-002,2557,Western Dress,Myntra,Mobile App,4,Positive,2023-12-07,49,False
REV-00496,PROD-JACKET-001,375,Jacket,Flipkart,Mobile Web,4,Positive,2022-05-14,58,False
REV-00497,PROD-SUIT-001,1097,Suit,Flipkart,Tablet App,4,Positive,2024-06-07,45,True
REV-00498,PROD-SET-003,157,Set,Myntra,Desktop Web,5,Positive,2024-04-06,93,True
REV-00499,PROD-DRESS-001,1385,Western Dress,Amazon,Mobile Web,5,Positive,2024-10-30,91,True
REV-00500,PROD-BLOUSE-001,4381,Blouse,Nalli,Mobile App,5,Positive,2023-06-08,76,True
REV-00501,PROD-SET-001,396,Set,Amazon,Tablet App,5,Positive,2022-02-10,56,True
REV-00502,PROD-SET-001,1255,Set,Myntra,Mobile App,4,Positive,2024-08-29,38,True
REV-00503,PROD-SET-001,4962,Set,Myntra,Tablet App,5,Positive,2023-07-07,106,True
REV-00504,PROD-DUPATTA-001,2316,Dupatta,Amazon,Mobile App,5,Positive,2022-08-30,63,True
REV-00505,PROD-SUIT-001,4286,Suit,Myntra,Mobile Web,3,Neutral,2023-06-23,90,True
REV-00506,PROD-TOP-002,1702,Top,Ajio,Mobile Web,3,Neutral,2024-10-13,30,True
REV-00507,PROD-KURTA-001,4704,kurta,Ajio,Desktop Web,5,Positive,2022-08-15,11,False
REV-00508,PROD-KURTA-003,2097,kurta,Myntra,Tablet App,5,Positive,2022-07-27,37,True
REV-00509,PROD-BOTTOM-001,324,Bottom,Flipkart,Mobile Web,2,Negative,2022-12-24,102,True
REV-00510,PROD-ETHNIC-001,376,Ethnic Dress,Amazon,Desktop Web,5,Positive,2022-07-14,84,True
REV-00511,PROD-SAREE-001,2198,Saree,Amazon,Mobile Web,4,Positive,2024-06-15,104,True
REV-00512,PROD-SET-003,3740,Set,Flipkart,Tablet App,3,Neutral,2024-03-30,88,True
REV-00513,PROD-ETHNIC-001,927,Ethnic Dress,Myntra,Mobile App,5,Positive,2022-12-08,120,True
REV-00514,PROD-SET-001,4661,Set,Ajio,Desktop Web,4,Positive,2024-09-15,78,True
REV-00515,PROD-SAREE-002,3958,Saree,Ajio,Mobile App,5,Positive,2022-09-25,113,True
REV-00516,PROD-BOTTOM-001,2575,Bottom,Amazon,Desktop Web,2,Negative,2023-06-20,85,True
REV-00517,PROD-DUPATTA-001,3546,Dupatta,Myntra,Tablet App,4,Positive,2022-07-15,44,True
REV-00518,PROD-SET-002,96,Set,Myntra,Tablet App,5,Positive,2022-04-22,109,True
REV-00519,PROD-SET-003,2627,Set,Myntra,Mobile Web,2,Negative,2024-10-03,35,True
REV-00520,PROD-DUPATTA-001,3304,Dupatta,Myntra,Mobile App,4,Positive,2024-02-15,58,True
REV-00521,PROD-JACKET-001,3663,Jacket,Flipkart,Mobile App,4,Positive,2024-10-17,63,True
REV-00522,PROD-SET-001,4565,Set,Nalli,Mobile App,4,Positive,2022-03-15,105,True
REV-00523,PROD-SUIT-001,4165,Suit,Nalli,Desktop Web,5,Positive,2023-09-16,83,True
REV-00524,PROD-SAREE-001,1827,Saree,Ajio,Mobile Web,4,Positive,2022-04-22,71,False
REV-00525,PROD-SUIT-001,3708,Suit,Amazon,Mobile App,4,Positive,2024-01-15,97,True
REV-00526,PROD-KURTA-001,4487,kurta,Nalli,Mobile Web,4,Positive,2023-08-21,89,True
REV-00527,PROD-KURTA-002,1151,kurta,Ajio,Mobile App,5,Positive,2024-10-05,32,False
REV-00528,PROD-DRESS-001,1767,Western Dress,Ajio,Desktop Web,3,Neutral,2024-03-15,91,True
REV-00529,PROD-SET-001,4824,Set,Amazon,Tablet App,5,Positive,2022-04-06,58,False
REV-00530,PROD-DUPATTA-001,36,Dupatta,Nalli,Mobile App,3,Neutral,2024-10-18,70,True
REV-00531,PROD-JACKET-001,1452,Jacket,Nalli,Desktop Web,4,Positive,2024-11-07,93,True
REV-00532,PROD-SET-001,4130,Set,Ajio,Tablet App,4,Positive,2023-10-22,77,True
REV-00533,PROD-TOP-001,2410,Top,Ajio,Desktop Web,4,Positive,2023-12-04,17,True
REV-00534,PROD-SUIT-001,2449,Suit,Nalli,Mobile Web,5,Positive,2024-11-15,91,False
REV-00535,PROD-DRESS-001,2829,Western Dress,Myntra,Desktop Web,4,Positive,2023-08-19,64,False
REV-00536,PROD-SAREE-001,4607,Saree,Ajio,Tablet App,5,Positive,2023-12-23,86,False
REV-00537,PROD-TOP-002,105,Top,Nalli,Mobile App,5,Positive,2024-05-15,3,True
REV-00538,PROD-SET-002,1638,Set,Flipkart,Desktop Web,2,Negative,2022-04-26,36,True
REV-00539,PROD-SET-002,1672,Set,Nalli,Mobile App,5,Positive,2023-08-28,45,True
REV-00540,PROD-SET-001,4598,Set,Ajio,Desktop Web,5,Positive,2023-04-05,65,True
REV-00541,PROD-KURTA-002,3413,kurta,Flipkart,Mobile App,5,Positive,2024-03-04,1,True
REV-00542,PROD-DRESS-001,1848,Western Dress,Flipkart,Desktop Web,5,Positive,2024-06-26,99,True
REV-00543,PROD-TOP-002,1532,Top,Myntra,Mobile App,4,Positive,2022-06-02,48,True
REV-00544,PROD-ETHNIC-001,1066,Ethnic Dress,Myntra,Mobile Web,4,Positive,2023-06-26,0,True
REV-00545,PROD-BOTTOM-001,328,Bottom,Myntra,Mobile Web,5,Positive,2022-11-14,76,True
REV-00546,PROD-SUIT-001,4019,Suit,Nalli,Mobile Web,5,Positive,2023-09-09,9,True
REV-00547,PROD-DUPATTA-001,4265,Dupatta,Amazon,Desktop Web,4,Positive,2023-01-12,53,False
REV-00548,PROD-LEHENGA-001,1813,Lehenga Choli,Myntra,Mobile Web,4,Positive,2023-12-17,42,True
REV-00549,PROD-TOP-002,3891,Top,Nalli,Mobile App,4,Positive,2024-12-22,14,True
REV-00550,PROD-BOTTOM-001,327,Bottom,Flipkart,Tablet App,4,Positive,2023-05-15,117,True
REV-00551,PROD-BLOUSE-001,203,Blouse,Nalli,Mobile Web,4,Positive,2023-08-03,65,False
REV-00552,PROD-BOTTOM-001,1578,Bottom,Flipkart,Mobile App,4,Positive,2023-08-31,12,True
REV-00553,PROD-LEHENGA-001,1727,Lehenga Choli,Myntra,Tablet App,4,Positive,2022-05-15,106,True
REV-00554,PROD-DRESS-001,591,Western Dress,Myntra,Mobile App,4,Positive,2024-06-10,58,True
REV-00555,PROD-KURTA-002,1459,kurta,Flipkart,Mobile App,3,Neutral,2022-04-22,73,True
REV-00556,PROD-TOP-001,3314,Top,Ajio,Mobile Web,4,Positive,2024-07-12,2,True
REV-00557,PROD-SET-001,4798,Set,Amazon,Mobile App,4,Positive,2022-05-10,45,False
REV-00558,PROD-SET-001,4969,Set,Amazon,Mobile Web,4,Positive,2023-09-10,97,True
REV-00559,PROD-BLOUSE-001,3883,Blouse,Myntra,Desktop Web,4,Positive,2022-03-05,17,True
REV-00560,PROD-LEHENGA-001,2442,Lehenga Choli,Flipkart,Mobile App,4,Positive,2022-10-23,70,False
REV-00561,PROD-SET-002,4692,Set,Nalli,Tablet App,3,Neutral,2022-01-11,68,False
REV-00562,PROD-KURTA-003,1735,kurta,Ajio,Desktop Web,4,Positive,2023-12-06,20,True
REV-00563,PROD-DRESS-002,1592,Western Dress,Amazon,Desktop Web,5,Positive,2023-06-02,85,False
REV-00564,PROD-KURTA-002,4503,kurta,Amazon,Mobile Web,5,Positive,2024-08-02,85,True
REV-00565,PROD-TOP-001,2711,Top,Flipkart,Desktop Web,3,Neutral,2024-09-24,85,True
REV-00566,PROD-SET-001,1586,Set,Flipkart,Tablet App,4,Positive,2022-05-23,57,True
REV-00567,PROD-SUIT-001,4634,Suit,Nalli,Mobile Web,5,Positive,2022-11-09,103,True
REV-00568,PROD-ETHNIC-001,2017,Ethnic Dress,Myntra,Tablet App,3,Neutral,2023-10-04,35,True
REV-00569,PROD-SET-002,3932,Set,Ajio,Tablet App,5,Positive,2023-11-11,45,True
REV-00570,PROD-BOTTOM-002,4970,Bottom,Amazon,Mobile Web,5,Positive,2022-12-26,109,True
REV-00571,PROD-LEHENGA-001,618,Lehenga Choli,Amazon,Mobile App,3,Neutral,2022-06-06,104,False
REV-00572,PROD-JACKET-001,301,Jacket,Nalli,Mobile Web,4,Positive,2023-03-12,69,False
REV-00573,PROD-BOTTOM-002,2997,Bottom,Ajio,Desktop Web,5,Positive,2022-11-01,114,False
REV-00574,PROD-TOP-002,4182,Top,Amazon,Tablet App,3,Neutral,2024-10-23,46,False
REV-00575,PROD-KURTA-001,4212,kurta,Myntra,Tablet App,5,Positive,2022-12-06,20,True
REV-00576,PROD-JACKET-001,3961,Jacket,Flipkart,Mobile App,5,Positive,2022-10-27,28,True
REV-00577,PROD-DRESS-002,1918,Western Dress,Amazon,Desktop Web,2,Negative,2024-01-27,66,True
REV-00578,PROD-BLOUSE-001,381,Blouse,Amazon,Mobile Web,4,Positive,2024-07-20,13,False
REV-00579,PROD-TOP-001,4741,Top,Nalli,Desktop Web,5,Positive,2023-06-24,48,True
REV-00580,PROD-SAREE-002,4233,Saree,Flipkart,Tablet App,5,Positive,2022-06-09,116,True
REV-00581,PROD-DUPATTA-001,3989,Dupatta,Ajio,Mobile App,4,Positive,2023-12-08,64,True
REV-00582,PROD-BOTTOM-001,4216,Bottom,Flipkart,Desktop Web,3,Neutral,2022-06-07,19,True
REV-00583,PROD-SET-003,1887,Set,Ajio,Mobile Web,4,Positive,2022-08-31,92,True
REV-00584,PROD-BOTTOM-002,1727,Bottom,Nalli,Desktop Web,5,Positive,2024-09-08,82,True
REV-00585,PROD-KURTA-001,4699,kurta,Nalli,Desktop Web,4,Positive,2022-09-19,17,False
REV-00586,PROD-KURTA-002,459,kurta,Myntra,Mobile Web,5,Positive,2022-10-28,118,True
REV-00587,PROD-DUPATTA-001,2323,Dupatta,Amazon,Desktop Web,5,Positive,2022-02-08,57,False
REV-00588,PROD-BOTTOM-002,1798,Bottom,Ajio,Desktop Web,5,Positive,2022-12-16,101,False
REV-00589,PROD-SET-003,2167,Set,Myntra,Mobile Web,5,Positive,2024-11-12,118,True
REV-00590,PROD-SUIT-001,3099,Suit,Ajio,Desktop Web,5,Positive,2023-04-16,13,True
REV-00591,PROD-DRESS-001,3439,Western Dress,Myntra,Mobile App,4,Positive,2024-10-29,22,True
REV-00592,PROD-SUIT-001,4124,Suit,Amazon,Mobile App,5,Positive,2024-12-24,61,True
REV-00593,PROD-SUIT-001,3535,Suit,Nalli,Tablet App,4,Positive,2022-01-03,47,True
REV-00594,PROD-DUPATTA-001,3124,Dupatta,Flipkart,Mobile App,4,Positive,2024-09-14,54,True
REV-00595,PROD-TOP-001,687,Top,Flipkart,Tablet App,4,Positive,2023-04-22,32,True
REV-00596,PROD-KURTA-001,4735,kurta,Nalli,Mobile App,5,Positive,2022-01-15,66,True
REV-00597,PROD-BLOUSE-001,3350,Blouse,Flipkart,Mobile App,5,Positive,2023-10-09,19,True
REV-00598,PROD-JACKET-001,4626,Jacket,Flipkart,Mobile Web,4,Positive,2024-05-17,87,True
REV-00599,PROD-DRESS-001,1465,Western Dress,Flipkart,Tablet App,4,Positive,2024-09-15,32,True
REV-00600,PROD-JACKET-001,1132,Jacket,Amazon,Desktop Web,4,Positive,2024-03-26,57,True
REV-00601,PROD-SET-001,2773,Set,Nalli,Mobile App,4,Positive,2024-03-31,20,True
REV-00602,PROD-KURTA-001,3864,kurta,Nalli,Tablet App,5,Positive,2022-10-25,11,True
REV-00603,PROD-TOP-001,4990,Top,Amazon,Tablet App,4,Positive,2022-06-13,119,True
REV-00604,PROD-SUIT-001,4895,Suit,Amazon,Desktop Web,5,Positive,2023-08-10,81,True
REV-00605,PROD-BOTTOM-001,2343,Bottom,Myntra,Mobile App,1,Negative,2024-11-27,100,False
REV-00606,PROD-DUPATTA-001,1389,Dupatta,Amazon,Mobile Web,4,Positive,2023-04-20,30,True
REV-00607,PROD-SET-003,3273,Set,Flipkart,Tablet App,3,Neutral,2023-07-20,51,False
REV-00608,PROD-DRESS-001,739,Western Dress,Nalli,Mobile Web,4,Positive,2022-05-21,92,False
REV-00609,PROD-JACKET-001,1854,Jacket,Nalli,Desktop Web,4,Positive,2023-07-21,58,True
REV-00610,PROD-JACKET-001,3336,Jacket,Nalli,Mobile App,1,Negative,2022-12-25,71,True
REV-00611,PROD-DUPATTA-001,4205,Dupatta,Flipkart,Mobile Web,4,Positive,2022-08-28,88,True
REV-00612,PROD-BLOUSE-001,2783,Blouse,Ajio,Tablet App,5,Positive,2023-05-14,114,False
REV-00613,PROD-KURTA-001,554,kurta,Ajio,Desktop Web,4,Positive,2023-06-13,86,True
REV-00614,PROD-SAREE-001,4232,Saree,Nalli,Mobile App,4,Positive,2023-12-25,89,True
REV-00615,PROD-DRESS-002,2802,Western Dress,Amazon,Desktop Web,4,Positive,2024-03-28,60,True
REV-00616,PROD-SAREE-002,1498,Saree,Myntra,Tablet App,4,Positive,2023-07-06,94,True
REV-00617,PROD-DRESS-002,1694,Western Dress,Myntra,Desktop Web,5,Positive,2023-06-28,106,True
REV-00618,PROD-SUIT-001,983,Suit,Amazon,Tablet App,4,Positive,2022-08-07,78,True
REV-00619,PROD-LEHENGA-001,3041,Lehenga Choli,Nalli,Mobile Web,5,Positive,2024-09-14,63,False
REV-00620,PROD-TOP-001,2296,Top,Ajio,Desktop Web,4,Positive,2024-11-12,96,False
REV-00621,PROD-SET-002,3919,Set,Nalli,Mobile App,2,Negative,2024-05-16,64,True
REV-00622,PROD-BLOUSE-001,3746,Blouse,Amazon,Tablet App,5,Positive,2022-12-24,40,True
REV-00623,PROD-KURTA-001,4760,kurta,Amazon,Mobile Web,5,Positive,2024-02-17,46,False
REV-00624,PROD-TOP-001,1943,Top,Flipkart,Tablet App,3,Neutral,2023-06-23,78,True
REV-00625,PROD-SAREE-002,1725,Saree,Ajio,Mobile Web,3,Neutral,2024-05-18,46,True
REV-00626,PROD-TOP-001,4718,Top,Myntra,Mobile App,4,Positive,2022-09-26,92,True
REV-00627,PROD-DRESS-002,1607,Western Dress,Myntra,Desktop Web,5,Positive,2024-02-20,60,True
REV-00628,PROD-SET-003,4236,Set,Nalli,Mobile Web,4,Positive,2022-10-03,100,True
REV-00629,PROD-TOP-002,3264,Top,Amazon,Desktop Web,4,Positive,2022-04-08,7,True
REV-00630,PROD-TOP-001,3686,Top,Flipkart,Mobile Web,4,Positive,2022-07-17,46,True
REV-00631,PROD-LEHENGA-001,2820,Lehenga Choli,Amazon,Tablet App,5,Positive,2023-06-12,15,True
REV-00632,PROD-SUIT-001,2332,Suit,Flipkart,Mobile Web,3,Neutral,2022-12-24,86,False
REV-00633,PROD-BOTTOM-002,643,Bottom,Ajio,Mobile Web,5,Positive,2024-07-04,59,True
REV-00634,PROD-SET-003,3456,Set,Nalli,Tablet App,5,Positive,2023-11-22,108,True
REV-00635,PROD-KURTA-003,2569,kurta,Flipkart,Mobile Web,3,Neutral,2023-04-13,90,True
REV-00636,PROD-SUIT-001,3645,Suit,Flipkart,Tablet App,5,Positive,2023-07-10,52,True
REV-00637,PROD-SET-003,1923,Set,Flipkart,Mobile App,5,Positive,2022-09-14,26,True
REV-00638,PROD-BLOUSE-001,3877,Blouse,Nalli,Mobile App,3,Neutral,2022-05-11,3,True
REV-00639,PROD-DUPATTA-001,852,Dupatta,Flipkart,Desktop Web,5,Positive,2022-06-20,10,True
REV-00640,PROD-TOP-002,3631,Top,Myntra,Desktop Web,4,Positive,2023-08-05,67,True
REV-00641,PROD-KURTA-001,2665,kurta,Ajio,Tablet App,2,Negative,2024-01-01,111,False
REV-00642,PROD-TOP-001,4418,Top,Myntra,Tablet App,4,Positive,2022-10-04,80,False
REV-00643,PROD-ETHNIC-001,2537,Ethnic Dress,Flipkart,Tablet App,4,Positive,2024-12-29,69,True
REV-00644,PROD-KURTA-003,3377,kurta,Flipkart,Desktop Web,4,Positive,2024-01-20,38,True
REV-00645,PROD-KURTA-001,2818,kurta,Flipkart,Tablet App,4,Positive,2022-10-07,68,True
REV-00646,PROD-BOTTOM-002,2455,Bottom,Amazon,Tablet App,5,Positive,2024-09-04,102,True
REV-00647,PROD-SUIT-001,4491,Suit,Flipkart,Desktop Web,4,Positive,2022-01-15,52,False
REV-00648,PROD-ETHNIC-001,3193,Ethnic Dress,Ajio,Desktop Web,4,Positive,2022-12-01,33,True
REV-00649,PROD-ETHNIC-001,2228,Ethnic Dress,Flipkart,Mobile Web,5,Positive,2024-11-24,52,True
REV-00650,PROD-KURTA-003,905,kurta,Ajio,Tablet App,3,Neutral,2023-08-17,34,False
REV-00651,PROD-BOTTOM-002,1247,Bottom,Amazon,Mobile App,3,Neutral,2022-02-09,23,True
REV-00652,PROD-TOP-002,68,Top,Myntra,Mobile App,4,Positive,2024-06-16,19,True
REV-00653,PROD-BOTTOM-002,2553,Bottom,Ajio,Mobile Web,4,Positive,2024-05-10,59,True
REV-00654,PROD-SAREE-001,460,Saree,Flipkart,Tablet App,3,Neutral,2022-10-27,9,False
REV-00655,PROD-BOTTOM-002,3126,Bottom,Amazon,Mobile App,3,Neutral,2023-05-28,98,True
REV-00656,PROD-BLOUSE-001,2025,Blouse,Amazon,Desktop Web,5,Positive,2024-06-26,58,True
REV-00657,PROD-DUPATTA-001,3874,Dupatta,Ajio,Mobile Web,5,Positive,2023-03-03,119,True
REV-00658,PROD-SET-003,4503,Set,Nalli,Mobile App,5,Positive,2022-03-28,32,True
REV-00659,PROD-TOP-002,1785,Top,Amazon,Desktop Web,3,Neutral,2022-04-17,81,True
REV-00660,PROD-SAREE-001,4790,Saree,Amazon,Tablet App,1,Negative,2023-07-20,101,True
REV-00661,PROD-KURTA-001,4885,kurta,Myntra,Mobile Web,5,Positive,2024-08-31,98,True
REV-00662,PROD-DRESS-002,2773,Western Dress,Amazon,Mobile App,3,Neutral,2022-07-07,45,True
REV-00663,PROD-LEHENGA-001,3997,Lehenga Choli,Myntra,Mobile Web,5,Positive,2022-09-15,71,True
REV-00664,PROD-BOTTOM-001,3095,Bottom,Flipkart,Desktop Web,5,Positive,2022-02-13,32,True
REV-00665,PROD-BOTTOM-002,4447,Bottom,Ajio,Desktop Web,5,Positive,2023-08-27,72,True
REV-00666,PROD-LEHENGA-001,2256,Lehenga Choli,Nalli,Desktop Web,4,Positive,2024-08-17,8,False
REV-00667,PROD-SET-002,4437,Set,Flipkart,Tablet App,4,Positive,2023-06-24,0,False
REV-00668,PROD-BLOUSE-001,2983,Blouse,Nalli,Desktop Web,5,Positive,2022-02-08,41,True
REV-00669,PROD-LEHENGA-001,4294,Lehenga Choli,Ajio,Desktop Web,5,Positive,2023-01-24,78,True
REV-00670,PROD-SAREE-001,905,Saree,Amazon,Mobile App,4,Positive,2023-10-22,5,True
REV-00671,PROD-SET-003,877,Set,Ajio,Desktop Web,5,Positive,2023-02-18,12,True
REV-00672,PROD-JACKET-001,4014,Jacket,Nalli,Mobile Web,5,Positive,2024-03-06,6,True
REV-00673,PROD-DRESS-002,108,Western Dress,Myntra,Tablet App,5,Positive,2022-05-26,118,True
REV-00674,PROD-BOTTOM-001,2957,Bottom,Nalli,Tablet App,5,Positive,2022-05-05,105,True
REV-00675,PROD-KURTA-002,4334,kurta,Amazon,Mobile App,5,Positive,2023-06-29,106,True
REV-00676,PROD-KURTA-003,796,kurta,Amazon,Desktop Web,5,Positive,2024-11-29,68,True
REV-00677,PROD-DRESS-001,4670,Western Dress,Myntra,Tablet App,3,Neutral,2023-05-25,95,True
REV-00678,PROD-JACKET-001,3499,Jacket,Amazon,Desktop Web,4,Positive,2024-07-28,101,True
REV-00679,PROD-LEHENGA-001,1296,Lehenga Choli,Nalli,Tablet App,4,Positive,2023-11-23,119,True
REV-00680,PROD-SAREE-001,3046,Saree,Ajio,Tablet App,5,Positive,2023-10-27,105,True
REV-00681,PROD-SUIT-001,3073,Suit,Nalli,Mobile Web,4,Positive,2023-03-15,46,True
REV-00682,PROD-BOTTOM-001,284,Bottom,Flipkart,Mobile App,5,Positive,2022-01-01,66,True
REV-00683,PROD-TOP-002,1760,Top,Flipkart,Mobile App,1,Negative,2023-03-31,98,True
REV-00684,PROD-LEHENGA-001,773,Lehenga Choli,Amazon,Tablet App,4,Positive,2022-11-13,45,True
REV-00685,PROD-SET-002,1909,Set,Flipkart,Mobile Web,4,Positive,2023-05-27,11,False
REV-00686,PROD-BLOUSE-001,633,Blouse,Flipkart,Tablet App,5,Positive,2023-03-22,22,True
REV-00687,PROD-JACKET-001,4877,Jacket,Flipkart,Mobile App,5,Positive,2022-07-15,93,False
REV-00688,PROD-BLOUSE-001,2740,Blouse,Flipkart,Tablet App,2,Negative,2022-04-25,53,True
REV-00689,PROD-DRESS-002,3134,Western Dress,Amazon,Mobile Web,5,Positive,2022-01-24,67,True
REV-00690,PROD-SAREE-001,2678,Saree,Nalli,Desktop Web,4,Positive,2022-11-03,19,True
REV-00691,PROD-BLOUSE-001,738,Blouse,Myntra,Tablet App,5,Positive,2024-10-30,37,True
REV-00692,PROD-SET-002,3899,Set,Nalli,Mobile App,3,Neutral,2022-06-19,70,True
REV-00693,PROD-TOP-001,3560,Top,Myntra,Desktop Web,3,Neutral,2024-10-24,61,False
REV-00694,PROD-DRESS-001,4598,Western Dress,Nalli,Desktop Web,4,Positive,2023-02-06,31,True
REV-00695,PROD-TOP-001,4719,Top,Amazon,Mobile App,5,Positive,2023-10-25,85,True
REV-00696,PROD-ETHNIC-001,2628,Ethnic Dress,Flipkart,Mobile App,4,Positive,2023-01-26,98,True
REV-00697,PROD-SET-003,1195,Set,Ajio,Mobile App,5,Positive,2024-06-24,118,True
REV-00698,PROD-DRESS-001,703,Western Dress,Amazon,Mobile App,5,Positive,2022-11-16,31,False
REV-00699,PROD-SET-002,113,Set,Flipkart,Mobile App,5,Positive,2023-08-13,39,True
REV-00700,PROD-BOTTOM-002,4408,Bottom,Myntra,Desktop Web,1,Negative,2023-03-05,69,False
REV-00701,PROD-TOP-001,151,Top,Ajio,Mobile App,4,Positive,2022-10-17,32,True
REV-00702,PROD-KURTA-002,435,kurta,Ajio,Mobile App,4,Positive,2023-07-10,8,True
REV-00703,PROD-TOP-001,884,Top,Amazon,Mobile Web,5,Positive,2024-01-08,111,True
REV-00704,PROD-DRESS-002,816,Western Dress,Flipkart,Tablet App,5,Positive,2024-11-07,110,False
REV-00705,PROD-LEHENGA-001,4102,Lehenga Choli,Ajio,Mobile App,3,Neutral,2023-02-12,5,True
REV-00706,PROD-DUPATTA-001,3223,Dupatta,Myntra,Mobile App,4,Positive,2024-09-30,44,True
REV-00707,PROD-SAREE-002,4107,Saree,Flipkart,Mobile App,5,Positive,2023-04-29,80,True
REV-00708,PROD-BLOUSE-001,4547,Blouse,Flipkart,Desktop Web,5,Positive,2022-03-02,19,True
REV-00709,PROD-BLOUSE-001,3132,Blouse,Nalli,Desktop Web,5,Positive,2022-06-29,53,True
REV-00710,PROD-JACKET-001,4960,Jacket,Flipkart,Tablet App,3,Neutral,2023-10-02,69,True
REV-00711,PROD-DRESS-001,1132,Western Dress,Flipkart,Desktop Web,5,Positive,2023-02-19,55,True
REV-00712,PROD-JACKET-001,556,Jacket,Nalli,Mobile App,5,Positive,2023-10-13,23,True
REV-00713,PROD-SET-002,3392,Set,Ajio,Mobile Web,5,Positive,2023-10-15,56,True
REV-00714,PROD-SET-002,1078,Set,Myntra,Mobile App,5,Positive,2022-08-07,97,False
REV-00715,PROD-SUIT-001,4886,Suit,Myntra,Desktop Web,4,Positive,2023-04-18,87,True
REV-00716,PROD-SAREE-002,1099,Saree,Nalli,Tablet App,2,Negative,2024-09-03,91,True
REV-00717,PROD-SET-003,3882,Set,Myntra,Desktop Web,5,Positive,2024-10-03,24,True
REV-00718,PROD-KURTA-002,2211,kurta,Ajio,Desktop Web,4,Positive,2022-01-31,95,True
REV-00719,PROD-DRESS-001,4014,Western Dress,Flipkart,Tablet App,2,Negative,2024-06-18,113,True
REV-00720,PROD-ETHNIC-001,4981,Ethnic Dress,Ajio,Mobile Web,4,Positive,2022-03-27,50,False
REV-00721,PROD-JACKET-001,316,Jacket,Nalli,Mobile App,5,Positive,2024-12-11,57,True
REV-00722,PROD-KURTA-002,4250,kurta,Nalli,Tablet App,5,Positive,2023-05-19,94,True
REV-00723,PROD-LEHENGA-001,1556,Lehenga Choli,Flipkart,Tablet App,4,Positive,2022-04-11,50,True
REV-00724,PROD-TOP-002,2412,Top,Nalli,Mobile App,4,Positive,2024-05-15,88,False
REV-00725,PROD-SET-002,741,Set,Nalli,Mobile App,4,Positive,2024-07-14,23,False
REV-00726,PROD-LEHENGA-001,2650,Lehenga Choli,Ajio,Mobile App,3,Neutral,2024-04-26,22,True
REV-00727,PROD-JACKET-001,3725,Jacket,Amazon,Mobile Web,5,Positive,2023-02-18,41,True
REV-00728,PROD-SET-001,2974,Set,Amazon,Tablet App,3,Neutral,2024-07-09,93,False
REV-00729,PROD-SUIT-001,4509,Suit,Ajio,Mobile App,5,Positive,2024-02-15,98,True
REV-00730,PROD-SAREE-001,1329,Saree,Myntra,Desktop Web,5,Positive,2022-11-04,98,True
REV-00731,PROD-ETHNIC-001,2366,Ethnic Dress,Myntra,Mobile App,4,Positive,2024-07-02,115,True
REV-00732,PROD-DRESS-001,101,Western Dress,Ajio,Tablet App,1,Negative,2023-06-03,109,True
REV-00733,PROD-LEHENGA-001,1949,Lehenga Choli,Myntra,Tablet App,5,Positive,2024-10-07,58,True
REV-00734,PROD-BOTTOM-001,2005,Bottom,Nalli,Mobile Web,2,Negative,2022-01-14,79,False
REV-00735,PROD-DRESS-001,452,Western Dress,Flipkart,Mobile App,2,Negative,2022-10-31,18,True
REV-00736,PROD-JACKET-001,2713,Jacket,Amazon,Mobile App,5,Positive,2023-09-04,13,True
REV-00737,PROD-SET-003,4874,Set,Nalli,Desktop Web,3,Neutral,2023-08-06,58,False
REV-00738,PROD-SAREE-002,2452,Saree,Flipkart,Mobile Web,5,Positive,2022-07-10,114,True
REV-00739,PROD-KURTA-003,2399,kurta,Ajio,Desktop Web,5,Positive,2022-05-13,15,True
REV-00740,PROD-SAREE-001,1720,Saree,Myntra,Mobile App,4,Positive,2024-12-10,13,False
REV-00741,PROD-DUPATTA-001,4955,Dupatta,Flipkart,Tablet App,5,Positive,2024-09-17,77,True
REV-00742,PROD-TOP-001,1063,Top,Nalli,Tablet App,4,Positive,2023-12-26,66,True
REV-00743,PROD-BOTTOM-002,2380,Bottom,Myntra,Mobile App,5,Positive,2023-04-22,15,True
REV-00744,PROD-BOTTOM-001,1699,Bottom,Nalli,Tablet App,5,Positive,2022-08-30,52,True
REV-00745,PROD-SAREE-001,93,Saree,Myntra,Mobile Web,4,Positive,2023-03-11,32,True
REV-00746,PROD-TOP-002,51,Top,Amazon,Mobile Web,4,Positive,2023-10-26,43,True
REV-00747,PROD-JACKET-001,1439,Jacket,Myntra,Mobile Web,5,Positive,2022-03-01,106,True
REV-00748,PROD-BOTTOM-002,1113,Bottom,Ajio,Desktop Web,5,Positive,2022-03-14,80,True
REV-00749,PROD-LEHENGA-001,3392,Lehenga Choli,Amazon,Mobile Web,5,Positive,2024-08-05,72,True
REV-00750,PROD-LEHENGA-001,4731,Lehenga Choli,Flipkart,Mobile Web,4,Positive,2023-03-03,8,True
REV-00751,PROD-TOP-001,3074,Top,Nalli,Desktop Web,5,Positive,2023-11-26,73,False
REV-00752,PROD-BLOUSE-001,2526,Blouse,Flipkart,Mobile App,3,Neutral,2022-08-28,34,True
REV-00753,PROD-KURTA-003,3045,kurta,Ajio,Mobile Web,4,Positive,2023-05-02,27,False
REV-00754,PROD-TOP-002,307,Top,Myntra,Mobile App,3,Neutral,2024-02-06,56,False
REV-00755,PROD-KURTA-001,1263,kurta,Myntra,Mobile Web,5,Positive,2024-10-21,118,True
REV-00756,PROD-DUPATTA-001,1174,Dupatta,Amazon,Desktop Web,4,Positive,2023-11-02,26,True
REV-00757,PROD-BOTTOM-001,949,Bottom,Amazon,Mobile Web,4,Positive,2024-12-05,119,True
REV-00758,PROD-SUIT-001,3825,Suit,Amazon,Mobile App,5,Positive,2023-11-14,66,True
REV-00759,PROD-KURTA-001,1720,kurta,Flipkart,Desktop Web,5,Positive,2023-10-02,24,True
REV-00760,PROD-TOP-001,964,Top,Flipkart,Desktop Web,4,Positive,2024-06-22,20,True
REV-00761,PROD-SET-001,839,Set,Myntra,Mobile Web,1,Negative,2024-11-18,70,True
REV-00762,PROD-TOP-001,4703,Top,Myntra,Desktop Web,3,Neutral,2023-08-04,9,True
REV-00763,PROD-SUIT-001,416,Suit,Myntra,Mobile App,5,Positive,2024-06-27,60,True
REV-00764,PROD-SET-001,3494,Set,Ajio,Desktop Web,4,Positive,2022-06-26,90,False
REV-00765,PROD-JACKET-001,2914,Jacket,Flipkart,Mobile Web,5,Positive,2024-07-02,104,True
REV-00766,PROD-LEHENGA-001,4652,Lehenga Choli,Myntra,Mobile App,2,Negative,2024-08-11,104,True
REV-00767,PROD-SET-001,3855,Set,Myntra,Desktop Web,4,Positive,2024-08-11,18,False
REV-00768,PROD-TOP-001,1503,Top,Flipkart,Mobile Web,5,Positive,2024-03-13,58,True
REV-00769,PROD-KURTA-001,2880,kurta,Ajio,Tablet App,2,Negative,2022-08-20,108,True
REV-00770,PROD-TOP-002,4162,Top,Amazon,Tablet App,5,Positive,2022-09-18,104,True
REV-00771,PROD-SAREE-001,2475,Saree,Nalli,Tablet App,5,Positive,2022-05-26,51,False
REV-00772,PROD-ETHNIC-001,4489,Ethnic Dress,Myntra,Tablet App,4,Positive,2023-05-15,49,True
REV-00773,PROD-SAREE-001,3567,Saree,Nalli,Mobile Web,4,Positive,2024-06-01,69,True
REV-00774,PROD-SET-003,4704,Set,Ajio,Mobile App,5,Positive,2022-06-09,75,False
REV-00775,PROD-BOTTOM-001,3648,Bottom,Myntra,Mobile Web,4,Positive,2022-07-19,51,True
REV-00776,PROD-SUIT-001,2683,Suit,Ajio,Mobile App,3,Neutral,2024-02-16,11,True
REV-00777,PROD-SET-002,1202,Set,Myntra,Tablet App,5,Positive,2022-01-01,68,True
REV-00778,PROD-BLOUSE-001,1603,Blouse,Myntra,Mobile Web,5,Positive,2024-07-04,38,False
REV-00779,PROD-TOP-002,2821,Top,Amazon,Mobile App,5,Positive,2024-06-09,78,False
REV-00780,PROD-BLOUSE-001,512,Blouse,Flipkart,Mobile App,5,Positive,2023-08-26,0,False
REV-00781,PROD-SAREE-002,256,Saree,Myntra,Tablet App,3,Neutral,2023-08-01,89,False
REV-00782,PROD-BLOUSE-001,3327,Blouse,Ajio,Tablet App,5,Positive,2024-02-23,69,True
REV-00783,PROD-SET-003,4551,Set,Ajio,Mobile Web,4,Positive,2023-01-21,107,True
REV-00784,PROD-SET-002,1101,Set,Amazon,Mobile App,4,Positive,2022-09-15,82,True
REV-00785,PROD-SET-002,3578,Set,Myntra,Mobile App,5,Positive,2024-09-23,17,True
REV-00786,PROD-BOTTOM-001,1473,Bottom,Ajio,Tablet App,5,Positive,2024-05-21,70,True
REV-00787,PROD-BLOUSE-001,3480,Blouse,Nalli,Mobile App,4,Positive,2023-01-16,73,True
REV-00788,PROD-DRESS-002,3366,Western Dress,Nalli,Mobile Web,5,Positive,2023-07-06,4,True
REV-00789,PROD-JACKET-001,928,Jacket,Nalli,Tablet App,4,Positive,2024-01-25,88,True
REV-00790,PROD-SET-002,2290,Set,Ajio,Mobile App,5,Positive,2024-12-14,66,False
REV-00791,PROD-KURTA-003,4418,kurta,Nalli,Mobile Web,4,Positive,2022-06-09,78,True
REV-00792,PROD-SAREE-001,3841,Saree,Ajio,Tablet App,4,Positive,2022-01-23,73,True
REV-00793,PROD-ETHNIC-001,2370,Ethnic Dress,Myntra,Mobile App,4,Positive,2023-08-27,88,False
REV-00794,PROD-TOP-002,504,Top,Ajio,Desktop Web,5,Positive,2023-06-18,73,True
REV-00795,PROD-TOP-002,2350,Top,Ajio,Mobile App,5,Positive,2022-02-25,16,False
REV-00796,PROD-KURTA-003,2065,kurta,Myntra,Mobile Web,5,Positive,2023-07-24,35,True
REV-00797,PROD-KURTA-001,4848,kurta,Myntra,Tablet App,5,Positive,2022-12-24,47,True
REV-00798,PROD-TOP-001,3973,Top,Myntra,Mobile App,5,Positive,2023-04-29,43,True
REV-00799,PROD-SET-002,4063,Set,Ajio,Tablet App,5,Positive,2022-11-12,30,True
REV-00800,PROD-SET-003,446,Set,Flipkart,Mobile App,4,Positive,2023-12-08,6,True
REV-00801,PROD-BOTTOM-001,3902,Bottom,Nalli,Desktop Web,4,Positive,2023-09-10,48,True
REV-00802,PROD-BOTTOM-002,3562,Bottom,Amazon,Mobile Web,4,Positive,2024-12-22,118,True
REV-00803,PROD-BLOUSE-001,337,Blouse,Amazon,Mobile Web,5,Positive,2024-12-21,108,True
REV-00804,PROD-SUIT-001,2745,Suit,Flipkart,Mobile Web,5,Positive,2023-07-13,102,True
REV-00805,PROD-TOP-001,3778,Top,Myntra,Desktop Web,5,Positive,2024-03-12,66,True
REV-00806,PROD-SET-003,70,Set,Amazon,Mobile App,4,Positive,2022-01-22,52,True
REV-00807,PROD-DUPATTA-001,2880,Dupatta,Myntra,Mobile Web,3,Neutral,2024-07-02,32,True
REV-00808,PROD-KURTA-002,466,kurta,Nalli,Desktop Web,1,Negative,2022-07-08,76,True
REV-00809,PROD-SET-001,3080,Set,Nalli,Desktop Web,3,Neutral,2022-09-24,114,True
REV-00810,PROD-SET-003,621,Set,Ajio,Mobile Web,4,Positive,2024-08-14,98,True
REV-00811,PROD-SAREE-001,2272,Saree,Amazon,Tablet App,4,Positive,2022-06-01,49,True
REV-00812,PROD-KURTA-002,1458,kurta,Ajio,Mobile App,4,Positive,2023-06-27,62,True
REV-00813,PROD-SUIT-001,889,Suit,Myntra,Tablet App,4,Positive,2024-10-04,27,False
REV-00814,PROD-SET-001,847,Set,Amazon,Mobile App,5,Positive,2023-06-15,9,False
REV-00815,PROD-TOP-001,4078,Top,Myntra,Mobile App,5,Positive,2022-02-08,119,True
REV-00816,PROD-BLOUSE-001,3206,Blouse,Nalli,Mobile App,4,Positive,2023-11-07,65,True
REV-00817,PROD-BOTTOM-002,4425,Bottom,Myntra,Mobile App,4,Positive,2022-05-24,49,True
REV-00818,PROD-SET-001,2732,Set,Flipkart,Tablet App,5,Positive,2024-01-06,7,True
REV-00819,PROD-SAREE-002,660,Saree,Ajio,Mobile Web,4,Positive,2023-11-28,82,True
REV-00820,PROD-SET-003,1565,Set,Flipkart,Tablet App,5,Positive,2024-02-26,114,True
REV-00821,PROD-SAREE-002,1553,Saree,Myntra,Mobile App,4,Positive,2024-06-15,24,True
REV-00822,PROD-JACKET-001,517,Jacket,Nalli,Mobile Web,4,Positive,2024-03-07,63,False
REV-00823,PROD-BOTTOM-001,304,Bottom,Flipkart,Mobile App,5,Positive,2022-02-03,43,True
REV-00824,PROD-BLOUSE-001,3755,Blouse,Nalli,Desktop Web,3,Neutral,2024-12-07,94,False
REV-00825,PROD-DRESS-002,1160,Western Dress,Ajio,Mobile App,5,Positive,2022-03-17,60,False
REV-00826,PROD-KURTA-002,118,kurta,Myntra,Mobile App,4,Positive,2022-09-25,115,True
REV-00827,PROD-SET-001,4842,Set,Amazon,Mobile App,4,Positive,2022-12-16,14,True
REV-00828,PROD-SUIT-001,517,Suit,Myntra,Tablet App,5,Positive,2023-03-28,43,True
REV-00829,PROD-SAREE-001,2635,Saree,Myntra,Mobile App,3,Neutral,2022-10-09,75,True
REV-00830,PROD-SAREE-001,1158,Saree,Ajio,Desktop Web,2,Negative,2023-07-15,89,True
REV-00831,PROD-LEHENGA-001,4768,Lehenga Choli,Amazon,Desktop Web,3,Neutral,2023-05-14,12,False
REV-00832,PROD-BLOUSE-001,3990,Blouse,Amazon,Mobile App,5,Positive,2022-02-02,0,True
REV-00833,PROD-KURTA-003,3410,kurta,Ajio,Desktop Web,5,Positive,2023-08-05,26,True
REV-00834,PROD-TOP-001,1960,Top,Myntra,Mobile App,4,Positive,2024-04-23,76,True
REV-00835,PROD-BOTTOM-002,2468,Bottom,Flipkart,Tablet App,5,Positive,2022-06-30,0,False
REV-00836,PROD-DRESS-002,784,Western Dress,Nalli,Mobile Web,3,Neutral,2024-12-21,110,False
REV-00837,PROD-DUPATTA-001,2265,Dupatta,Amazon,Desktop Web,4,Positive,2023-03-03,14,True
REV-00838,PROD-BOTTOM-002,354,Bottom,Amazon,Mobile Web,4,Positive,2022-11-24,36,True
REV-00839,PROD-ETHNIC-001,355,Ethnic Dress,Amazon,Mobile App,4,Positive,2024-07-17,118,False
REV-00840,PROD-SET-003,3974,Set,Nalli,Mobile App,3,Neutral,2022-03-01,9,True
REV-00841,PROD-BOTTOM-001,3433,Bottom,Myntra,Mobile Web,5,Positive,2023-10-30,29,True
REV-00842,PROD-SAREE-001,3380,Saree,Myntra,Tablet App,4,Positive,2023-05-01,114,True
REV-00843,PROD-KURTA-003,446,kurta,Ajio,Desktop Web,4,Positive,2024-09-19,27,False
REV-00844,PROD-BOTTOM-001,1118,Bottom,Ajio,Desktop Web,3,Neutral,2024-02-04,80,True
REV-00845,PROD-TOP-001,263,Top,Nalli,Mobile App,4,Positive,2022-09-18,35,True
REV-00846,PROD-SET-001,3427,Set,Myntra,Mobile Web,5,Positive,2024-07-28,28,True
REV-00847,PROD-SUIT-001,4736,Suit,Nalli,Desktop Web,3,Neutral,2022-12-15,11,True
REV-00848,PROD-DUPATTA-001,4847,Dupatta,Ajio,Tablet App,4,Positive,2023-03-20,35,True
REV-00849,PROD-ETHNIC-001,2031,Ethnic Dress,Flipkart,Tablet App,5,Positive,2023-05-21,74,True
REV-00850,PROD-JACKET-001,3423,Jacket,Amazon,Mobile App,5,Positive,2022-01-11,60,False
REV-00851,PROD-KURTA-002,3927,kurta,Amazon,Tablet App,4,Positive,2024-03-18,63,True
REV-00852,PROD-KURTA-003,3332,kurta,Myntra,Desktop Web,5,Positive,2022-01-26,45,True
REV-00853,PROD-DRESS-002,131,Western Dress,Ajio,Mobile Web,5,Positive,2022-07-05,20,True
REV-00854,PROD-JACKET-001,3727,Jacket,Ajio,Desktop Web,5,Positive,2022-02-19,111,True
REV-00855,PROD-SET-003,3804,Set,Amazon,Mobile App,5,Positive,2024-01-29,49,True
REV-00856,PROD-DUPATTA-001,2211,Dupatta,Nalli,Desktop Web,2,Negative,2024-05-22,100,True
REV-00857,PROD-SUIT-001,4217,Suit,Flipkart,Mobile App,5,Positive,2022-04-23,14,True
REV-00858,PROD-SAREE-002,2995,Saree,Flipkart,Desktop Web,4,Positive,2022-03-25,82,False
REV-00859,PROD-KURTA-003,1134,kurta,Flipkart,Desktop Web,5,Positive,2023-02-24,69,True
REV-00860,PROD-BOTTOM-002,1847,Bottom,Flipkart,Mobile Web,5,Positive,2023-03-06,114,True
REV-00861,PROD-DUPATTA-001,447,Dupatta,Amazon,Mobile Web,5,Positive,2023-07-22,44,True
REV-00862,PROD-BOTTOM-002,3852,Bottom,Nalli,Mobile Web,4,Positive,2022-09-09,57,False
REV-00863,PROD-SAREE-002,1543,Saree,Ajio,Mobile App,5,Positive,2022-05-15,10,True
REV-00864,PROD-SET-003,896,Set,Myntra,Mobile Web,4,Positive,2022-06-07,14,True
REV-00865,PROD-BOTTOM-002,4266,Bottom,Amazon,Mobile Web,3,Neutral,2023-02-23,53,False
REV-00866,PROD-SET-002,3637,Set,Amazon,Mobile Web,4,Positive,2024-05-10,24,True
REV-00867,PROD-KURTA-001,4257,kurta,Flipkart,Tablet App,5,Positive,2023-04-21,74,True
REV-00868,PROD-SAREE-001,4494,Saree,Ajio,Tablet App,4,Positive,2024-12-21,38,False
REV-00869,PROD-SET-002,1407,Set,Flipkart,Desktop Web,5,Positive,2023-09-20,61,True
REV-00870,PROD-TOP-002,1216,Top,Flipkart,Mobile Web,5,Positive,2022-04-07,58,True
REV-00871,PROD-SUIT-001,1494,Suit,Myntra,Desktop Web,5,Positive,2023-08-08,20,True
REV-00872,PROD-SET-001,4707,Set,Myntra,Tablet App,2,Negative,2023-10-11,33,True
REV-00873,PROD-SET-003,2597,Set,Flipkart,Desktop Web,4,Positive,2022-03-13,47,True
REV-00874,PROD-LEHENGA-001,2471,Lehenga Choli,Amazon,Mobile App,5,Positive,2024-12-28,51,True
REV-00875,PROD-SET-002,1279,Set,Amazon,Mobile Web,5,Positive,2023-10-18,82,True
REV-00876,PROD-BOTTOM-002,4631,Bottom,Ajio,Mobile Web,5,Positive,2022-10-29,88,True
REV-00877,PROD-BOTTOM-002,4514,Bottom,Amazon,Mobile Web,5,Positive,2022-10-13,3,True
REV-00878,PROD-SUIT-001,2928,Suit,Amazon,Mobile Web,5,Positive,2024-07-02,7,False
REV-00879,PROD-DRESS-001,2277,Western Dress,Myntra,Mobile App,5,Positive,2023-03-31,10,False
REV-00880,PROD-BOTTOM-001,4193,Bottom,Ajio,Desktop Web,5,Positive,2022-06-28,62,True
REV-00881,PROD-SUIT-001,2958,Suit,Ajio,Desktop Web,5,Positive,2022-04-25,91,True
REV-00882,PROD-SAREE-002,2332,Saree,Flipkart,Mobile Web,4,Positive,2022-01-25,39,True
REV-00883,PROD-LEHENGA-001,3405,Lehenga Choli,Ajio,Mobile Web,3,Neutral,2024-06-28,20,True
REV-00884,PROD-ETHNIC-001,1177,Ethnic Dress,Myntra,Mobile Web,3,Neutral,2022-06-26,60,False
REV-00885,PROD-SAREE-001,725,Saree,Amazon,Tablet App,2,Negative,2024-02-09,81,True
REV-00886,PROD-ETHNIC-001,4653,Ethnic Dress,Myntra,Desktop Web,3,Neutral,2024-08-04,23,True
REV-00887,PROD-TOP-002,2474,Top,Nalli,Mobile Web,5,Positive,2022-03-28,63,False
REV-00888,PROD-BOTTOM-001,1262,Bottom,Flipkart,Mobile Web,4,Positive,2022-01-06,81,True
REV-00889,PROD-SET-001,3418,Set,Myntra,Tablet App,5,Positive,2023-08-13,116,True
REV-00890,PROD-KURTA-001,4040,kurta,Amazon,Mobile Web,3,Neutral,2023-07-22,74,True
REV-00891,PROD-JACKET-001,3900,Jacket,Amazon,Mobile Web,4,Positive,2023-06-13,65,False
REV-00892,PROD-KURTA-001,4765,kurta,Amazon,Desktop Web,5,Positive,2022-11-30,40,True
REV-00893,PROD-SET-002,2234,Set,Flipkart,Tablet App,4,Positive,2022-04-19,81,True
REV-00894,PROD-KURTA-002,630,kurta,Nalli,Desktop Web,4,Positive,2024-12-20,98,True
REV-00895,PROD-SET-001,4455,Set,Flipkart,Mobile Web,5,Positive,2022-12-09,105,True
REV-00896,PROD-TOP-001,786,Top,Nalli,Mobile Web,5,Positive,2024-01-13,105,True
REV-00897,PROD-KURTA-001,3056,kurta,Ajio,Tablet App,3,Neutral,2023-07-31,43,True
REV-00898,PROD-SET-001,1812,Set,Myntra,Mobile App,4,Positive,2024-10-27,53,True
REV-00899,PROD-KURTA-003,143,kurta,Ajio,Mobile Web,3,Neutral,2022-09-26,39,True
REV-00900,PROD-SET-002,2803,Set,Myntra,Mobile Web,5,Positive,2024-12-07,3,True
REV-00901,PROD-DRESS-002,1857,Western Dress,Flipkart,Desktop Web,3,Neutral,2022-10-19,26,True
REV-00902,PROD-KURTA-003,637,kurta,Amazon,Tablet App,4,Positive,2022-08-17,96,True
REV-00903,PROD-KURTA-002,4207,kurta,Nalli,Mobile App,3,Neutral,2022-03-09,60,True
REV-00904,PROD-TOP-001,85,Top,Amazon,Mobile App,2,Negative,2023-09-10,117,False
REV-00905,PROD-DRESS-001,1514,Western Dress,Flipkart,Mobile App,5,Positive,2023-02-14,11,True
REV-00906,PROD-TOP-001,2886,Top,Myntra,Desktop Web,5,Positive,2023-12-14,64,False
REV-00907,PROD-KURTA-003,4333,kurta,Myntra,Desktop Web,3,Neutral,2022-01-29,36,True
REV-00908,PROD-LEHENGA-001,1754,Lehenga Choli,Nalli,Tablet App,1,Negative,2022-07-22,46,False
REV-00909,PROD-SET-003,1482,Set,Flipkart,Tablet App,4,Positive,2022-08-08,54,True
REV-00910,PROD-DUPATTA-001,2575,Dupatta,Amazon,Tablet App,4,Positive,2022-08-20,14,False
REV-00911,PROD-SET-002,2362,Set,Nalli,Mobile App,4,Positive,2024-01-10,10,True
REV-00912,PROD-BOTTOM-002,3744,Bottom,Nalli,Mobile Web,3,Neutral,2023-08-04,87,True
REV-00913,PROD-DRESS-002,3506,Western Dress,Myntra,Mobile App,5,Positive,2023-08-19,114,True
REV-00914,PROD-SAREE-002,862,Saree,Ajio,Tablet App,3,Neutral,2024-10-03,66,True
REV-00915,PROD-SET-001,4838,Set,Amazon,Desktop Web,3,Neutral,2024-03-31,8,True
REV-00916,PROD-DRESS-001,1006,Western Dress,Myntra,Tablet App,4,Positive,2024-04-07,92,True
REV-00917,PROD-TOP-001,3279,Top,Flipkart,Tablet App,5,Positive,2023-07-14,85,False
REV-00918,PROD-BLOUSE-001,2285,Blouse,Myntra,Tablet App,5,Positive,2024-11-13,13,True
REV-00919,PROD-TOP-001,1103,Top,Amazon,Mobile App,4,Positive,2023-04-18,94,True
REV-00920,PROD-KURTA-003,1468,kurta,Ajio,Mobile Web,4,Positive,2022-02-24,19,True
REV-00921,PROD-SUIT-001,4260,Suit,Ajio,Tablet App,5,Positive,2022-06-06,25,True
REV-00922,PROD-BOTTOM-002,4444,Bottom,Flipkart,Mobile App,4,Positive,2023-06-20,97,True
REV-00923,PROD-ETHNIC-001,3143,Ethnic Dress,Ajio,Mobile Web,5,Positive,2022-09-01,109,True
REV-00924,PROD-BOTTOM-001,1449,Bottom,Nalli,Mobile Web,4,Positive,2022-03-09,113,True
REV-00925,PROD-BOTTOM-002,3188,Bottom,Ajio,Mobile App,4,Positive,2023-10-02,72,True
REV-00926,PROD-LEHENGA-001,3899,Lehenga Choli,Nalli,Desktop Web,5,Positive,2024-08-20,64,True
REV-00927,PROD-BLOUSE-001,2890,Blouse,Flipkart,Mobile Web,4,Positive,2024-02-13,7,True
REV-00928,PROD-JACKET-001,2858,Jacket,Nalli,Mobile App,2,Negative,2024-01-21,97,True
REV-00929,PROD-BLOUSE-001,2928,Blouse,Ajio,Mobile Web,3,Neutral,2023-12-08,7,True
REV-00930,PROD-DRESS-002,4855,Western Dress,Amazon,Mobile App,4,Positive,2023-10-02,111,True
REV-00931,PROD-SET-001,4411,Set,Flipkart,Mobile App,4,Positive,2022-02-10,58,True
REV-00932,PROD-JACKET-001,2185,Jacket,Amazon,Tablet App,4,Positive,2024-05-12,75,True
REV-00933,PROD-SAREE-001,2642,Saree,Nalli,Mobile App,4,Positive,2024-03-10,103,True
REV-00934,PROD-SET-001,2753,Set,Ajio,Mobile Web,5,Positive,2023-02-26,21,False
REV-00935,PROD-TOP-002,1653,Top,Ajio,Mobile App,4,Positive,2024-06-11,107,False
REV-00936,PROD-DRESS-001,2436,Western Dress,Nalli,Tablet App,4,Positive,2022-04-08,102,True
REV-00937,PROD-SUIT-001,4737,Suit,Amazon,Mobile Web,5,Positive,2022-07-08,34,True
REV-00938,PROD-JACKET-001,3499,Jacket,Myntra,Mobile Web,5,Positive,2024-08-31,101,True
REV-00939,PROD-TOP-002,3547,Top,Nalli,Mobile Web,4,Positive,2023-09-07,25,True
REV-00940,PROD-BLOUSE-001,3713,Blouse,Nalli,Desktop Web,4,Positive,2024-11-21,112,True
REV-00941,PROD-DUPATTA-001,1745,Dupatta,Ajio,Mobile Web,5,Positive,2024-10-19,119,False
REV-00942,PROD-SUIT-001,4638,Suit,Amazon,Desktop Web,5,Positive,2024-06-07,46,True
REV-00943,PROD-SET-002,3567,Set,Ajio,Mobile Web,4,Positive,2023-09-07,110,True
REV-00944,PROD-DRESS-001,2352,Western Dress,Myntra,Mobile Web,5,Positive,2023-07-01,87,False
REV-00945,PROD-DRESS-002,1229,Western Dress,Myntra,Mobile App,4,Positive,2022-08-21,31,True
REV-00946,PROD-BOTTOM-001,3458,Bottom,Amazon,Desktop Web,4,Positive,2024-06-12,20,True
REV-00947,PROD-SET-002,4512,Set,Myntra,Mobile App,1,Negative,2023-07-23,92,True
REV-00948,PROD-KURTA-001,2572,kurta,Nalli,Mobile Web,2,Negative,2022-06-21,110,True
REV-00949,PROD-ETHNIC-001,3252,Ethnic Dress,Myntra,Desktop Web,5,Positive,2022-07-04,14,False
REV-00950,PROD-DUPATTA-001,4755,Dupatta,Nalli,Mobile Web,5,Positive,2024-12-04,63,True
REV-00951,PROD-DRESS-002,2698,Western Dress,Nalli,Tablet App,5,Positive,2023-10-04,103,True
REV-00952,PROD-ETHNIC-001,1435,Ethnic Dress,Myntra,Mobile Web,4,Positive,2022-08-07,56,True
REV-00953,PROD-TOP-001,4018,Top,Nalli,Mobile Web,5,Positive,2022-04-25,89,True
REV-00954,PROD-SAREE-001,2019,Saree,Flipkart,Desktop Web,4,Positive,2024-08-30,46,True
REV-00955,PROD-SAREE-002,4963,Saree,Amazon,Mobile App,5,Positive,2022-02-13,88,True
REV-00956,PROD-TOP-001,2973,Top,Amazon,Desktop Web,5,Positive,2023-09-26,109,True
REV-00957,PROD-BLOUSE-001,2094,Blouse,Flipkart,Mobile App,1,Negative,2024-03-15,119,True
REV-00958,PROD-TOP-002,3596,Top,Flipkart,Tablet App,4,Positive,2022-11-25,101,True
REV-00959,PROD-TOP-001,3860,Top,Ajio,Mobile Web,5,Positive,2024-10-03,91,True
REV-00960,PROD-SET-001,4148,Set,Amazon,Mobile Web,5,Positive,2023-06-19,53,False
REV-00961,PROD-LEHENGA-001,225,Lehenga Choli,Amazon,Desktop Web,5,Positive,2024-07-17,80,True
REV-00962,PROD-SET-002,2504,Set,Flipkart,Mobile App,1,Negative,2023-02-14,14,True
REV-00963,PROD-DRESS-002,4867,Western Dress,Ajio,Mobile Web,4,Positive,2022-09-24,57,True
REV-00964,PROD-SET-002,2309,Set,Myntra,Mobile App,4,Positive,2023-11-02,53,True
REV-00965,PROD-SET-003,4673,Set,Myntra,Mobile App,4,Positive,2024-02-12,2,False
REV-00966,PROD-SUIT-001,3789,Suit,Myntra,Mobile Web,5,Positive,2022-07-02,89,True
REV-00967,PROD-KURTA-002,4919,kurta,Flipkart,Desktop Web,4,Positive,2024-05-28,11,True
REV-00968,PROD-SET-003,116,Set,Nalli,Tablet App,5,Positive,2022-08-29,98,True
REV-00969,PROD-BOTTOM-002,1561,Bottom,Flipkart,Mobile Web,3,Neutral,2023-02-21,95,True
REV-00970,PROD-BLOUSE-001,4916,Blouse,Myntra,Mobile Web,3,Neutral,2023-02-28,93,True
REV-00971,PROD-ETHNIC-001,236,Ethnic Dress,Flipkart,Mobile Web,3,Neutral,2022-10-26,30,False
REV-00972,PROD-BOTTOM-001,4776,Bottom,Ajio,Mobile App,5,Positive,2024-01-28,1,True
REV-00973,PROD-SET-002,1739,Set,Ajio,Tablet App,5,Positive,2024-03-25,94,False
REV-00974,PROD-TOP-001,427,Top,Flipkart,Desktop Web,2,Negative,2022-05-01,60,True
REV-00975,PROD-SUIT-001,44,Suit,Flipkart,Tablet App,5,Positive,2022-04-04,38,True
REV-00976,PROD-SAREE-002,4756,Saree,Myntra,Mobile Web,3,Neutral,2022-03-26,21,False
REV-00977,PROD-BOTTOM-002,1081,Bottom,Amazon,Mobile Web,5,Positive,2024-08-16,90,False
REV-00978,PROD-ETHNIC-001,2567,Ethnic Dress,Amazon,Desktop Web,3,Neutral,2022-08-28,63,True
REV-00979,PROD-SAREE-002,2157,Saree,Nalli,Mobile Web,5,Positive,2023-08-03,66,True
REV-00980,PROD-ETHNIC-001,4025,Ethnic Dress,Myntra,Tablet App,5,Positive,2023-10-09,6,True
REV-00981,PROD-SET-002,294,Set,Ajio,Mobile Web,2,Negative,2023-01-11,20,True
REV-00982,PROD-ETHNIC-001,335,Ethnic Dress,Ajio,Mobile Web,3,Neutral,2024-10-10,90,False
REV-00983,PROD-BOTTOM-002,1213,Bottom,Amazon,Mobile Web,4,Positive,2022-08-19,11,True
REV-00984,PROD-TOP-002,4168,Top,Flipkart,Desktop Web,3,Neutral,2022-12-11,74,True
REV-00985,PROD-DUPATTA-001,3412,Dupatta,Amazon,Desktop Web,5,Positive,2023-01-05,98,True
REV-00986,PROD-SET-001,2329,Set,Amazon,Tablet App,5,Positive,2022-02-23,47,False
REV-00987,PROD-SET-001,237,Set,Amazon,Tablet App,5,Positive,2022-11-11,106,True
REV-00988,PROD-BOTTOM-001,4868,Bottom,Amazon,Mobile Web,5,Positive,2023-07-06,5,False
REV-00989,PROD-BOTTOM-001,1732,Bottom,Amazon,Mobile Web,4,Positive,2022-09-22,41,True
REV-00990,PROD-KURTA-003,759,kurta,Ajio,Mobile Web,4,Positive,2024-02-21,22,True
REV-00991,PROD-BLOUSE-001,1335,Blouse,Ajio,Tablet App,3,Neutral,2023-03-03,36,True
REV-00992,PROD-SET-001,2541,Set,Nalli,Desktop Web,4,Positive,2024-06-04,45,True
REV-00993,PROD-SAREE-002,3650,Saree,Ajio,Tablet App,4,Positive,2024-09-29,34,False
REV-00994,PROD-SUIT-001,3017,Suit,Nalli,Desktop Web,4,Positive,2024-05-15,55,True
REV-00995,PROD-KURTA-003,3798,kurta,Myntra,Desktop Web,2,Negative,2023-12-01,119,True
REV-00996,PROD-DUPATTA-001,688,Dupatta,Flipkart,Tablet App,5,Positive,2024-12-10,55,True
REV-00997,PROD-BOTTOM-002,2461,Bottom,Myntra,Tablet App,4,Positive,2022-09-19,37,False
REV-00998,PROD-KURTA-002,4206,kurta,Amazon,Tablet App,5,Positive,2022-04-03,52,True
REV-00999,PROD-BOTTOM-001,2912,Bottom,Flipkart,Mobile App,5,Positive,2023-06-03,98,False
REV-01000,PROD-KURTA-001,1471,kurta,Myntra,Tablet App,3,Neutral,2024-08-05,5,True
REV-01001,PROD-ETHNIC-001,2572,Ethnic Dress,Nalli,Tablet App,5,Positive,2023-09-02,96,True
REV-01002,PROD-SUIT-001,1534,Suit,Myntra,Desktop Web,5,Positive,2023-12-01,10,False
REV-01003,PROD-TOP-001,3554,Top,Nalli,Mobile App,5,Positive,2022-08-06,0,True
REV-01004,PROD-SET-001,3770,Set,Ajio,Tablet App,1,Negative,2024-09-04,38,False
REV-01005,PROD-SUIT-001,2480,Suit,Amazon,Desktop Web,4,Positive,2024-03-19,17,True
REV-01006,PROD-DRESS-001,1542,Western Dress,Amazon,Desktop Web,3,Neutral,2022-02-02,61,True
REV-01007,PROD-DRESS-002,706,Western Dress,Flipkart,Tablet App,4,Positive,2023-01-26,18,True
REV-01008,PROD-ETHNIC-001,1249,Ethnic Dress,Ajio,Tablet App,1,Negative,2022-12-07,60,True
REV-01009,PROD-BOTTOM-001,2416,Bottom,Nalli,Tablet App,5,Positive,2023-02-17,6,True
REV-01010,PROD-KURTA-001,3406,kurta,Ajio,Mobile Web,3,Neutral,2024-06-03,4,True
REV-01011,PROD-BLOUSE-001,1900,Blouse,Amazon,Mobile App,4,Positive,2024-09-26,54,False
REV-01012,PROD-SAREE-001,3418,Saree,Ajio,Mobile App,5,Positive,2023-07-03,63,False
REV-01013,PROD-SAREE-002,171,Saree,Myntra,Mobile Web,4,Positive,2024-06-12,92,True
REV-01014,PROD-BOTTOM-002,4159,Bottom,Myntra,Mobile Web,4,Positive,2023-04-21,117,False
REV-01015,PROD-BOTTOM-001,3198,Bottom,Ajio,Mobile Web,3,Neutral,2023-08-24,101,True
REV-01016,PROD-SET-003,707,Set,Ajio,Desktop Web,5,Positive,2023-08-02,22,True
REV-01017,PROD-SET-003,3408,Set,Ajio,Mobile Web,5,Positive,2022-07-26,30,True
REV-01018,PROD-LEHENGA-001,2940,Lehenga Choli,Flipkart,Mobile Web,2,Negative,2022-02-07,86,True
REV-01019,PROD-SET-003,262,Set,Amazon,Mobile Web,5,Positive,2024-10-28,55,True
REV-01020,PROD-SUIT-001,3985,Suit,Flipkart,Mobile Web,4,Positive,2023-04-04,100,True
REV-01021,PROD-KURTA-002,1239,kurta,Nalli,Mobile App,5,Positive,2023-07-02,90,True
REV-01022,PROD-BOTTOM-001,868,Bottom,Nalli,Mobile App,5,Positive,2022-08-16,105,False
REV-01023,PROD-KURTA-002,968,kurta,Myntra,Mobile Web,4,Positive,2022-12-09,20,True
REV-01024,PROD-BOTTOM-001,814,Bottom,Myntra,Mobile Web,5,Positive,2024-10-17,42,True
REV-01025,PROD-SET-001,3406,Set,Amazon,Desktop Web,5,Positive,2024-06-18,106,True
REV-01026,PROD-SAREE-001,699,Saree,Flipkart,Mobile Web,4,Positive,2022-12-17,91,True
REV-01027,PROD-SAREE-002,1242,Saree,Nalli,Tablet App,5,Positive,2023-05-18,100,True
REV-01028,PROD-SET-002,3354,Set,Ajio,Mobile Web,5,Positive,2024-04-26,120,True
REV-01029,PROD-BOTTOM-001,4239,Bottom,Amazon,Mobile App,3,Neutral,2022-01-21,43,True
REV-01030,PROD-BLOUSE-001,3556,Blouse,Amazon,Tablet App,5,Positive,2022-12-03,97,True
REV-01031,PROD-SET-002,4259,Set,Flipkart,Tablet App,5,Positive,2022-04-29,51,False
REV-01032,PROD-TOP-002,2820,Top,Amazon,Mobile Web,5,Positive,2023-10-05,115,False
REV-01033,PROD-SUIT-001,3656,Suit,Myntra,Tablet App,5,Positive,2024-04-07,89,True
REV-01034,PROD-BLOUSE-001,691,Blouse,Amazon,Mobile Web,5,Positive,2023-09-10,49,True
REV-01035,PROD-DUPATTA-001,1751,Dupatta,Amazon,Mobile Web,5,Positive,2023-08-05,66,True
REV-01036,PROD-SET-003,1978,Set,Flipkart,Tablet App,1,Negative,2023-06-14,64,True
REV-01037,PROD-KURTA-002,4158,kurta,Flipkart,Mobile App,5,Positive,2023-06-16,6,True
REV-01038,PROD-BOTTOM-001,3713,Bottom,Flipkart,Desktop Web,4,Positive,2022-01-11,103,False
REV-01039,PROD-JACKET-001,4879,Jacket,Myntra,Mobile Web,5,Positive,2024-12-28,38,True
REV-01040,PROD-JACKET-001,4258,Jacket,Myntra,Mobile App,5,Positive,2024-02-13,41,False
REV-01041,PROD-JACKET-001,3722,Jacket,Amazon,Desktop Web,3,Neutral,2024-01-10,91,True
REV-01042,PROD-ETHNIC-001,3481,Ethnic Dress,Myntra,Tablet App,3,Neutral,2022-05-08,27,True
REV-01043,PROD-KURTA-003,3300,kurta,Nalli,Tablet App,4,Positive,2024-12-13,111,True
REV-01044,PROD-JACKET-001,3606,Jacket,Ajio,Tablet App,4,Positive,2024-05-17,105,True
REV-01045,PROD-SET-002,3750,Set,Myntra,Mobile App,4,Positive,2024-09-19,88,True
REV-01046,PROD-BOTTOM-001,4580,Bottom,Flipkart,Mobile App,4,Positive,2022-11-18,77,True
REV-01047,PROD-SET-001,330,Set,Nalli,Desktop Web,3,Neutral,2023-08-17,15,True
REV-01048,PROD-TOP-002,2409,Top,Ajio,Mobile App,5,Positive,2023-09-14,101,True
REV-01049,PROD-SET-002,399,Set,Flipkart,Mobile Web,5,Positive,2024-05-13,27,True
REV-01050,PROD-BOTTOM-002,554,Bottom,Amazon,Tablet App,1,Negative,2023-12-16,61,False
REV-01051,PROD-TOP-002,3091,Top,Ajio,Desktop Web,5,Positive,2023-11-23,97,True
REV-01052,PROD-DUPATTA-001,3679,Dupatta,Myntra,Mobile Web,5,Positive,2024-07-10,11,False
REV-01053,PROD-SUIT-001,3240,Suit,Flipkart,Mobile App,4,Positive,2023-04-22,85,True
REV-01054,PROD-TOP-001,204,Top,Nalli,Mobile Web,5,Positive,2022-12-06,71,True
REV-01055,PROD-LEHENGA-001,4672,Lehenga Choli,Nalli,Desktop Web,3,Neutral,2022-04-19,96,True
REV-01056,PROD-DUPATTA-001,4357,Dupatta,Myntra,Mobile App,5,Positive,2022-09-04,35,True
REV-01057,PROD-DRESS-002,694,Western Dress,Nalli,Mobile Web,5,Positive,2024-06-28,51,False
REV-01058,PROD-KURTA-002,2785,kurta,Ajio,Desktop Web,4,Positive,2022-02-17,53,True
REV-01059,PROD-DUPATTA-001,746,Dupatta,Amazon,Mobile App,4,Positive,2023-06-11,69,True
REV-01060,PROD-TOP-002,735,Top,Myntra,Mobile Web,3,Neutral,2023-06-08,52,True
REV-01061,PROD-KURTA-002,1487,kurta,Amazon,Mobile App,5,Positive,2023-10-29,38,True
REV-01062,PROD-SET-001,2656,Set,Flipkart,Tablet App,4,Positive,2024-04-25,120,True
REV-01063,PROD-KURTA-002,4039,kurta,Nalli,Tablet App,4,Positive,2023-04-30,14,True
REV-01064,PROD-KURTA-002,537,kurta,Ajio,Mobile App,4,Positive,2024-04-13,52,True
REV-01065,PROD-KURTA-001,2018,kurta,Nalli,Desktop Web,4,Positive,2022-07-27,38,False
REV-01066,PROD-ETHNIC-001,1667,Ethnic Dress,Myntra,Mobile Web,4,Positive,2024-10-21,69,True
REV-01067,PROD-DRESS-002,4548,Western Dress,Ajio,Mobile App,4,Positive,2024-05-17,0,True
REV-01068,PROD-SUIT-001,5,Suit,Amazon,Tablet App,4,Positive,2022-12-09,34,False
REV-01069,PROD-TOP-001,2879,Top,Myntra,Mobile Web,5,Positive,2024-02-18,5,True
REV-01070,PROD-LEHENGA-001,735,Lehenga Choli,Ajio,Mobile App,5,Positive,2023-09-08,106,True
REV-01071,PROD-LEHENGA-001,1728,Lehenga Choli,Nalli,Mobile Web,5,Positive,2024-06-03,113,True
REV-01072,PROD-TOP-001,2237,Top,Myntra,Mobile Web,5,Positive,2024-07-16,43,True
REV-01073,PROD-BOTTOM-001,131,Bottom,Myntra,Mobile App,5,Positive,2023-11-04,77,True
REV-01074,PROD-KURTA-001,3385,kurta,Nalli,Tablet App,5,Positive,2022-12-22,97,True
REV-01075,PROD-LEHENGA-001,4413,Lehenga Choli,Amazon,Tablet App,3,Neutral,2022-06-08,86,True
REV-01076,PROD-SAREE-002,4926,Saree,Flipkart,Tablet App,5,Positive,2024-02-10,22,True
REV-01077,PROD-SET-001,3642,Set,Amazon,Desktop Web,4,Positive,2023-01-31,95,True
REV-01078,PROD-TOP-001,1569,Top,Amazon,Mobile Web,5,Positive,2024-01-03,103,True
REV-01079,PROD-DRESS-002,302,Western Dress,Flipkart,Tablet App,5,Positive,2024-01-14,115,False
REV-01080,PROD-DRESS-001,909,Western Dress,Flipkart,Tablet App,1,Negative,2024-03-22,21,False
REV-01081,PROD-DRESS-001,536,Western Dress,Nalli,Desktop Web,5,Positive,2022-12-26,95,True
REV-01082,PROD-SET-002,4286,Set,Flipkart,Desktop Web,4,Positive,2023-04-12,108,True
REV-01083,PROD-LEHENGA-001,17,Lehenga Choli,Ajio,Mobile App,5,Positive,2024-07-18,109,True
REV-01084,PROD-ETHNIC-001,2245,Ethnic Dress,Amazon,Tablet App,5,Positive,2024-04-13,63,True
REV-01085,PROD-DUPATTA-001,385,Dupatta,Flipkart,Tablet App,5,Positive,2023-04-05,68,True
REV-01086,PROD-SAREE-001,2742,Saree,Amazon,Mobile App,1,Negative,2023-02-03,94,True
REV-01087,PROD-ETHNIC-001,1613,Ethnic Dress,Myntra,Mobile Web,5,Positive,2023-05-27,39,True
REV-01088,PROD-SET-001,197,Set,Nalli,Mobile Web,1,Negative,2024-06-03,107,True
REV-01089,PROD-DRESS-002,2792,Western Dress,Amazon,Mobile Web,3,Neutral,2023-05-04,66,True
REV-01090,PROD-KURTA-003,784,kurta,Ajio,Mobile App,5,Positive,2024-06-17,10,True
REV-01091,PROD-KURTA-002,1045,kurta,Amazon,Tablet App,4,Positive,2022-05-14,7,True
REV-01092,PROD-SUIT-001,835,Suit,Amazon,Mobile App,5,Positive,2022-05-15,37,True
REV-01093,PROD-BLOUSE-001,1910,Blouse,Nalli,Mobile App,3,Neutral,2024-04-21,58,True
REV-01094,PROD-BOTTOM-001,2783,Bottom,Amazon,Tablet App,5,Positive,2022-07-27,66,True
REV-01095,PROD-JACKET-001,101,Jacket,Nalli,Mobile App,3,Neutral,2022-07-30,75,True
REV-01096,PROD-JACKET-001,2100,Jacket,Flipkart,Tablet App,3,Neutral,2024-11-08,61,False
REV-01097,PROD-BOTTOM-001,362,Bottom,Amazon,Desktop Web,3,Neutral,2022-10-09,39,False
REV-01098,PROD-ETHNIC-001,2550,Ethnic Dress,Nalli,Desktop Web,4,Positive,2024-01-03,18,True
REV-01099,PROD-TOP-002,3022,Top,Amazon,Desktop Web,5,Positive,2023-08-20,7,True
REV-01100,PROD-DUPATTA-001,3458,Dupatta,Flipkart,Desktop Web,5,Positive,2022-04-22,25,True
REV-01101,PROD-KURTA-003,3829,kurta,Nalli,Mobile Web,4,Positive,2024-09-01,109,False
REV-01102,PROD-JACKET-001,3430,Jacket,Flipkart,Desktop Web,5,Positive,2023-09-06,13,True
REV-01103,PROD-KURTA-002,1828,kurta,Myntra,Tablet App,4,Positive,2022-01-08,79,True
REV-01104,PROD-DRESS-002,3080,Western Dress,Myntra,Tablet App,4,Positive,2023-11-10,23,True
REV-01105,PROD-SAREE-002,246,Saree,Nalli,Mobile App,1,Negative,2024-01-03,18,True
REV-01106,PROD-BOTTOM-001,360,Bottom,Amazon,Desktop Web,3,Neutral,2024-01-08,25,True
REV-01107,PROD-SET-003,1428,Set,Flipkart,Desktop Web,4,Positive,2023-06-21,22,True
REV-01108,PROD-KURTA-001,829,kurta,Amazon,Desktop Web,3,Neutral,2023-06-21,48,True
REV-01109,PROD-SAREE-001,3738,Saree,Myntra,Mobile Web,5,Positive,2023-09-17,103,True
REV-01110,PROD-SET-003,536,Set,Amazon,Desktop Web,5,Positive,2024-06-07,112,True
REV-01111,PROD-DRESS-001,3066,Western Dress,Flipkart,Tablet App,3,Neutral,2024-02-14,81,True
REV-01112,PROD-KURTA-002,4387,kurta,Flipkart,Desktop Web,5,Positive,2023-01-23,41,True
REV-01113,PROD-KURTA-002,1036,kurta,Nalli,Tablet App,5,Positive,2023-07-28,26,True
REV-01114,PROD-BOTTOM-002,1372,Bottom,Nalli,Tablet App,5,Positive,2022-05-13,96,False
REV-01115,PROD-SAREE-002,1467,Saree,Flipkart,Mobile Web,4,Positive,2024-08-08,67,True
REV-01116,PROD-BOTTOM-002,4784,Bottom,Amazon,Desktop Web,4,Positive,2024-04-01,28,True
REV-01117,PROD-BOTTOM-001,1791,Bottom,Flipkart,Tablet App,5,Positive,2024-03-21,113,True
REV-01118,PROD-JACKET-001,2086,Jacket,Nalli,Mobile App,3,Neutral,2024-02-06,17,True
REV-01119,PROD-TOP-002,1886,Top,Nalli,Mobile App,4,Positive,2023-12-22,59,False
REV-01120,PROD-SUIT-001,3831,Suit,Ajio,Tablet App,4,Positive,2024-07-12,47,True
REV-01121,PROD-SAREE-001,1472,Saree,Ajio,Desktop Web,4,Positive,2022-02-20,33,True
REV-01122,PROD-SAREE-002,4111,Saree,Nalli,Mobile App,5,Positive,2023-08-27,100,True
REV-01123,PROD-DRESS-002,2952,Western Dress,Amazon,Desktop Web,3,Neutral,2022-05-27,42,True
REV-01124,PROD-SAREE-001,1562,Saree,Nalli,Desktop Web,4,Positive,2023-07-17,109,False
REV-01125,PROD-TOP-001,2309,Top,Flipkart,Tablet App,1,Negative,2023-09-06,51,False
REV-01126,PROD-KURTA-001,1223,kurta,Ajio,Desktop Web,4,Positive,2024-11-15,29,True
REV-01127,PROD-BOTTOM-002,3780,Bottom,Flipkart,Mobile App,4,Positive,2024-08-17,40,True
REV-01128,PROD-ETHNIC-001,1717,Ethnic Dress,Ajio,Tablet App,5,Positive,2024-05-05,109,False
REV-01129,PROD-KURTA-001,2504,kurta,Amazon,Tablet App,4,Positive,2022-09-20,103,True
REV-01130,PROD-SAREE-001,3305,Saree,Nalli,Mobile Web,4,Positive,2024-05-21,41,False
REV-01131,PROD-KURTA-001,1140,kurta,Myntra,Mobile Web,5,Positive,2022-03-07,72,False
REV-01132,PROD-SUIT-001,3124,Suit,Myntra,Tablet App,5,Positive,2024-03-11,8,False
REV-01133,PROD-BLOUSE-001,2694,Blouse,Nalli,Tablet App,3,Neutral,2022-08-11,81,True
REV-01134,PROD-KURTA-003,263,kurta,Nalli,Tablet App,3,Neutral,2022-12-30,3,True
REV-01135,PROD-DRESS-001,2326,Western Dress,Myntra,Desktop Web,2,Negative,2024-03-01,37,False
REV-01136,PROD-KURTA-003,4248,kurta,Amazon,Desktop Web,4,Positive,2024-01-25,41,True
REV-01137,PROD-BLOUSE-001,1058,Blouse,Nalli,Tablet App,3,Neutral,2022-08-15,61,True
REV-01138,PROD-BLOUSE-001,1065,Blouse,Myntra,Mobile Web,5,Positive,2023-02-27,55,True
REV-01139,PROD-SET-003,4813,Set,Myntra,Tablet App,5,Positive,2023-09-28,35,True
REV-01140,PROD-KURTA-001,525,kurta,Ajio,Desktop Web,5,Positive,2024-07-01,67,True
REV-01141,PROD-JACKET-001,3791,Jacket,Nalli,Mobile App,5,Positive,2024-07-31,94,True
REV-01142,PROD-TOP-002,2841,Top,Flipkart,Tablet App,5,Positive,2024-07-23,78,True
REV-01143,PROD-ETHNIC-001,3751,Ethnic Dress,Ajio,Desktop Web,4,Positive,2024-06-03,89,False
REV-01144,PROD-SET-001,1964,Set,Myntra,Mobile Web,4,Positive,2022-03-31,112,False
REV-01145,PROD-TOP-002,1780,Top,Ajio,Tablet App,5,Positive,2022-05-17,97,False
REV-01146,PROD-SET-001,862,Set,Nalli,Mobile Web,5,Positive,2022-06-06,52,True
REV-01147,PROD-SET-003,366,Set,Ajio,Mobile App,4,Positive,2024-11-02,9,True
REV-01148,PROD-BLOUSE-001,1593,Blouse,Ajio,Mobile App,4,Positive,2024-03-28,1,True
REV-01149,PROD-SET-001,2680,Set,Ajio,Tablet App,5,Positive,2022-10-07,59,True
REV-01150,PROD-KURTA-003,3586,kurta,Myntra,Tablet App,4,Positive,2023-05-12,105,True
REV-01151,PROD-SET-003,4973,Set,Amazon,Desktop Web,3,Neutral,2022-02-06,37,True
REV-01152,PROD-LEHENGA-001,636,Lehenga Choli,Amazon,Mobile Web,5,Positive,2022-12-11,19,True
REV-01153,PROD-SAREE-002,4361,Saree,Myntra,Tablet App,3,Neutral,2022-03-12,89,True
REV-01154,PROD-DUPATTA-001,3200,Dupatta,Flipkart,Tablet App,5,Positive,2022-07-30,6,False
REV-01155,PROD-KURTA-001,1653,kurta,Myntra,Mobile Web,2,Negative,2024-02-12,116,True
REV-01156,PROD-DRESS-001,229,Western Dress,Amazon,Mobile Web,3,Neutral,2024-05-13,105,True
REV-01157,PROD-KURTA-003,1376,kurta,Myntra,Mobile App,4,Positive,2022-07-17,53,False
REV-01158,PROD-SET-001,4605,Set,Myntra,Desktop Web,5,Positive,2023-10-23,119,False
REV-01159,PROD-BLOUSE-001,1904,Blouse,Myntra,Mobile App,5,Positive,2022-09-05,45,True
REV-01160,PROD-SET-003,99,Set,Ajio,Desktop Web,1,Negative,2023-10-10,58,True
REV-01161,PROD-KURTA-003,3023,kurta,Amazon,Mobile App,5,Positive,2023-07-25,113,True
REV-01162,PROD-ETHNIC-001,835,Ethnic Dress,Nalli,Desktop Web,4,Positive,2024-10-20,32,True
REV-01163,PROD-SUIT-001,1089,Suit,Flipkart,Desktop Web,4,Positive,2024-03-06,81,True
REV-01164,PROD-BOTTOM-002,4986,Bottom,Nalli,Tablet App,2,Negative,2022-02-06,48,False
REV-01165,PROD-DRESS-002,1906,Western Dress,Amazon,Mobile App,4,Positive,2022-01-28,39,True
REV-01166,PROD-ETHNIC-001,491,Ethnic Dress,Myntra,Mobile Web,5,Positive,2022-06-12,63,True
REV-01167,PROD-DRESS-001,311,Western Dress,Myntra,Tablet App,3,Neutral,2023-02-23,94,True
REV-01168,PROD-SET-002,4267,Set,Ajio,Mobile Web,4,Positive,2022-03-23,96,True
REV-01169,PROD-DRESS-002,2808,Western Dress,Myntra,Desktop Web,5,Positive,2023-11-10,69,True
REV-01170,PROD-DRESS-002,4982,Western Dress,Ajio,Mobile Web,5,Positive,2023-04-01,23,True
REV-01171,PROD-KURTA-001,574,kurta,Myntra,Mobile App,2,Negative,2024-10-03,81,True
REV-01172,PROD-DRESS-001,4855,Western Dress,Nalli,Desktop Web,3,Neutral,2022-12-22,30,False
REV-01173,PROD-KURTA-003,2552,kurta,Myntra,Desktop Web,4,Positive,2024-08-14,31,True
REV-01174,PROD-SET-003,2338,Set,Nalli,Tablet App,5,Positive,2023-09-13,81,True
REV-01175,PROD-TOP-001,656,Top,Flipkart,Tablet App,5,Positive,2024-09-12,48,True
REV-01176,PROD-BOTTOM-002,4993,Bottom,Ajio,Desktop Web,4,Positive,2024-10-31,104,True
REV-01177,PROD-KURTA-001,682,kurta,Flipkart,Desktop Web,5,Positive,2024-05-25,70,True
REV-01178,PROD-TOP-001,3716,Top,Flipkart,Tablet App,4,Positive,2023-09-19,71,False
REV-01179,PROD-BOTTOM-002,3845,Bottom,Myntra,Desktop Web,2,Negative,2022-10-07,117,True
REV-01180,PROD-KURTA-001,3066,kurta,Ajio,Tablet App,1,Negative,2024-10-22,118,True
REV-01181,PROD-BLOUSE-001,3147,Blouse,Ajio,Mobile Web,5,Positive,2024-02-04,82,False
REV-01182,PROD-KURTA-003,1020,kurta,Ajio,Desktop Web,4,Positive,2022-03-21,24,True
REV-01183,PROD-TOP-001,4175,Top,Ajio,Mobile Web,5,Positive,2023-12-15,89,True
REV-01184,PROD-BLOUSE-001,1986,Blouse,Ajio,Mobile App,5,Positive,2023-05-21,117,True
REV-01185,PROD-KURTA-001,2141,kurta,Nalli,Tablet App,5,Positive,2022-10-30,120,True
REV-01186,PROD-TOP-001,102,Top,Amazon,Mobile App,4,Positive,2022-11-27,82,True
REV-01187,PROD-BLOUSE-001,4248,Blouse,Myntra,Tablet App,5,Positive,2022-06-14,21,True
REV-01188,PROD-TOP-001,4368,Top,Ajio,Mobile Web,5,Positive,2024-10-22,93,True
REV-01189,PROD-KURTA-003,1170,kurta,Flipkart,Desktop Web,3,Neutral,2023-12-07,119,True
REV-01190,PROD-TOP-002,4029,Top,Amazon,Mobile App,1,Negative,2022-12-11,8,True
REV-01191,PROD-DUPATTA-001,3531,Dupatta,Myntra,Desktop Web,4,Positive,2023-08-14,47,True
REV-01192,PROD-SET-002,4118,Set,Amazon,Tablet App,3,Neutral,2023-01-08,72,True
REV-01193,PROD-SET-003,1572,Set,Flipkart,Tablet App,4,Positive,2023-01-10,56,False
REV-01194,PROD-SET-001,654,Set,Flipkart,Mobile App,5,Positive,2022-12-07,48,True
REV-01195,PROD-TOP-001,4798,Top,Myntra,Tablet App,2,Negative,2022-03-02,62,True
REV-01196,PROD-KURTA-001,4772,kurta,Amazon,Mobile App,2,Negative,2022-01-15,27,False
REV-01197,PROD-KURTA-001,2178,kurta,Ajio,Tablet App,4,Positive,2024-12-01,96,True
REV-01198,PROD-SUIT-001,2811,Suit,Flipkart,Desktop Web,4,Positive,2024-01-30,120,True
REV-01199,PROD-BLOUSE-001,2917,Blouse,Flipkart,Mobile App,4,Positive,2022-04-28,0,True
REV-01200,PROD-BLOUSE-001,211,Blouse,Nalli,Mobile App,5,Positive,2022-10-12,111,False
REV-01201,PROD-TOP-001,3019,Top,Ajio,Tablet App,5,Positive,2023-05-25,65,True
REV-01202,PROD-DRESS-001,137,Western Dress,Flipkart,Mobile App,1,Negative,2023-10-22,103,True
REV-01203,PROD-BOTTOM-001,3279,Bottom,Nalli,Mobile App,4,Positive,2024-09-19,44,True
REV-01204,PROD-BOTTOM-002,3153,Bottom,Flipkart,Desktop Web,5,Positive,2022-07-25,91,True
REV-01205,PROD-DUPATTA-001,261,Dupatta,Myntra,Tablet App,5,Positive,2024-10-30,101,True
REV-01206,PROD-TOP-002,1377,Top,Ajio,Mobile App,5,Positive,2024-08-14,61,False
REV-01207,PROD-DRESS-002,733,Western Dress,Amazon,Tablet App,4,Positive,2022-12-16,91,True
REV-01208,PROD-SET-003,3142,Set,Flipkart,Desktop Web,5,Positive,2023-10-31,92,True
REV-01209,PROD-BOTTOM-002,1113,Bottom,Nalli,Tablet App,5,Positive,2022-09-10,11,True
REV-01210,PROD-DRESS-002,2812,Western Dress,Ajio,Tablet App,5,Positive,2022-05-13,83,False
REV-01211,PROD-ETHNIC-001,2123,Ethnic Dress,Amazon,Mobile Web,5,Positive,2023-04-03,11,True
REV-01212,PROD-KURTA-003,952,kurta,Nalli,Mobile Web,4,Positive,2023-01-21,16,True
REV-01213,PROD-BLOUSE-001,2547,Blouse,Amazon,Desktop Web,5,Positive,2022-01-04,108,True
REV-01214,PROD-ETHNIC-001,1035,Ethnic Dress,Nalli,Desktop Web,4,Positive,2024-01-18,13,True
REV-01215,PROD-KURTA-001,2589,kurta,Myntra,Mobile Web,4,Positive,2024-08-01,107,True
REV-01216,PROD-BOTTOM-002,4928,Bottom,Flipkart,Desktop Web,5,Positive,2022-10-29,95,True
REV-01217,PROD-SUIT-001,1012,Suit,Flipkart,Tablet App,4,Positive,2024-10-25,80,True
REV-01218,PROD-BOTTOM-002,482,Bottom,Flipkart,Desktop Web,4,Positive,2024-02-11,105,True
REV-01219,PROD-DRESS-002,1467,Western Dress,Ajio,Tablet App,5,Positive,2022-04-18,38,True
REV-01220,PROD-KURTA-001,3461,kurta,Ajio,Mobile Web,4,Positive,2023-11-23,96,True
REV-01221,PROD-BLOUSE-001,2314,Blouse,Myntra,Tablet App,2,Negative,2023-08-03,12,True
REV-01222,PROD-SAREE-001,2491,Saree,Ajio,Desktop Web,5,Positive,2022-04-21,73,True
REV-01223,PROD-BOTTOM-001,1187,Bottom,Myntra,Desktop Web,5,Positive,2023-08-20,102,True
REV-01224,PROD-KURTA-001,1210,kurta,Ajio,Tablet App,4,Positive,2022-07-28,86,True
REV-01225,PROD-KURTA-002,1472,kurta,Amazon,Mobile App,3,Neutral,2024-08-28,65,True
REV-01226,PROD-JACKET-001,3310,Jacket,Myntra,Mobile App,4,Positive,2022-11-01,15,True
REV-01227,PROD-BLOUSE-001,3076,Blouse,Amazon,Tablet App,4,Positive,2022-12-20,110,True
REV-01228,PROD-TOP-001,3010,Top,Amazon,Mobile App,5,Positive,2024-06-30,14,True
REV-01229,PROD-SET-001,1843,Set,Amazon,Tablet App,4,Positive,2024-11-09,35,True
REV-01230,PROD-JACKET-001,3553,Jacket,Flipkart,Desktop Web,3,Neutral,2024-09-18,12,True
REV-01231,PROD-KURTA-003,3321,kurta,Amazon,Tablet App,5,Positive,2023-01-14,71,False
REV-01232,PROD-DUPATTA-001,4791,Dupatta,Nalli,Mobile App,4,Positive,2024-11-28,96,True
REV-01233,PROD-SET-001,44,Set,Nalli,Tablet App,3,Neutral,2023-01-04,102,True
REV-01234,PROD-SET-001,1321,Set,Amazon,Mobile Web,2,Negative,2023-02-27,108,True
REV-01235,PROD-KURTA-003,2446,kurta,Flipkart,Desktop Web,5,Positive,2024-11-02,54,True
REV-01236,PROD-DRESS-002,2404,Western Dress,Nalli,Tablet App,4,Positive,2024-11-29,17,False
REV-01237,PROD-BOTTOM-002,2885,Bottom,Nalli,Desktop Web,5,Positive,2024-12-06,88,True
REV-01238,PROD-KURTA-002,1161,kurta,Flipkart,Desktop Web,4,Positive,2023-01-21,17,False
REV-01239,PROD-LEHENGA-001,2273,Lehenga Choli,Myntra,Tablet App,4,Positive,2024-01-06,9,False
REV-01240,PROD-TOP-001,3278,Top,Ajio,Mobile App,4,Positive,2022-12-01,120,True
REV-01241,PROD-ETHNIC-001,4391,Ethnic Dress,Myntra,Mobile App,5,Positive,2022-10-21,80,True
REV-01242,PROD-DRESS-001,4956,Western Dress,Myntra,Tablet App,5,Positive,2024-11-13,105,True
REV-01243,PROD-SAREE-001,3105,Saree,Amazon,Desktop Web,5,Positive,2024-06-07,9,True
REV-01244,PROD-SET-001,541,Set,Flipkart,Mobile App,4,Positive,2024-04-13,46,True
REV-01245,PROD-TOP-001,2242,Top,Amazon,Mobile App,3,Neutral,2023-04-08,48,True
REV-01246,PROD-BLOUSE-001,1440,Blouse,Nalli,Mobile Web,5,Positive,2022-09-10,75,True
REV-01247,PROD-SET-001,4519,Set,Flipkart,Mobile App,4,Positive,2023-08-01,114,True
REV-01248,PROD-SET-003,1481,Set,Flipkart,Tablet App,4,Positive,2024-03-08,61,False
REV-01249,PROD-SET-002,1274,Set,Myntra,Desktop Web,4,Positive,2024-11-17,48,False
REV-01250,PROD-TOP-001,2041,Top,Nalli,Tablet App,2,Negative,2024-01-29,90,True
REV-01251,PROD-SET-003,3840,Set,Nalli,Mobile Web,4,Positive,2023-12-26,35,True
REV-01252,PROD-DUPATTA-001,2501,Dupatta,Amazon,Mobile Web,5,Positive,2023-04-14,52,True
REV-01253,PROD-KURTA-003,1967,kurta,Amazon,Desktop Web,5,Positive,2022-06-07,73,True
REV-01254,PROD-KURTA-003,88,kurta,Ajio,Desktop Web,5,Positive,2024-10-06,61,True
REV-01255,PROD-DUPATTA-001,1022,Dupatta,Ajio,Mobile App,5,Positive,2024-12-26,78,True
REV-01256,PROD-KURTA-001,2827,kurta,Myntra,Mobile App,5,Positive,2024-12-30,77,True
REV-01257,PROD-SET-003,1844,Set,Myntra,Mobile App,5,Positive,2024-12-08,46,True
REV-01258,PROD-DUPATTA-001,3463,Dupatta,Ajio,Tablet App,4,Positive,2022-04-15,21,True
REV-01259,PROD-SET-001,4417,Set,Amazon,Mobile Web,4,Positive,2023-05-27,38,True
REV-01260,PROD-TOP-002,4660,Top,Ajio,Desktop Web,4,Positive,2022-01-05,118,True
REV-01261,PROD-DUPATTA-001,3794,Dupatta,Nalli,Tablet App,5,Positive,2022-03-14,7,True
REV-01262,PROD-KURTA-001,2445,kurta,Flipkart,Mobile App,5,Positive,2023-11-04,0,True
REV-01263,PROD-SET-003,831,Set,Ajio,Tablet App,4,Positive,2022-01-19,25,True
REV-01264,PROD-DUPATTA-001,3365,Dupatta,Amazon,Tablet App,4,Positive,2022-11-11,0,True
REV-01265,PROD-TOP-001,3067,Top,Flipkart,Mobile Web,4,Positive,2024-03-20,54,True
REV-01266,PROD-LEHENGA-001,3593,Lehenga Choli,Ajio,Desktop Web,5,Positive,2022-08-11,17,True
REV-01267,PROD-ETHNIC-001,907,Ethnic Dress,Myntra,Mobile Web,1,Negative,2023-02-11,5,True
REV-01268,PROD-BLOUSE-001,259,Blouse,Myntra,Desktop Web,4,Positive,2023-11-10,61,True
REV-01269,PROD-SET-001,1044,Set,Flipkart,Tablet App,4,Positive,2024-10-11,64,True
REV-01270,PROD-SET-002,174,Set,Myntra,Desktop Web,3,Neutral,2022-08-09,44,False
REV-01271,PROD-KURTA-001,427,kurta,Flipkart,Tablet App,5,Positive,2023-04-30,76,True
REV-01272,PROD-ETHNIC-001,3981,Ethnic Dress,Amazon,Tablet App,4,Positive,2023-08-01,31,False
REV-01273,PROD-SET-002,2044,Set,Flipkart,Mobile App,5,Positive,2023-01-18,110,True
REV-01274,PROD-DRESS-002,1626,Western Dress,Ajio,Mobile App,5,Positive,2024-05-28,89,False
REV-01275,PROD-SUIT-001,1880,Suit,Amazon,Desktop Web,3,Neutral,2022-11-01,51,True
REV-01276,PROD-TOP-001,3493,Top,Amazon,Desktop Web,5,Positive,2022-10-27,11,True
REV-01277,PROD-BLOUSE-001,1896,Blouse,Myntra,Mobile Web,4,Positive,2023-09-20,54,True
REV-01278,PROD-KURTA-002,2493,kurta,Amazon,Mobile Web,4,Positive,2022-04-16,46,True
REV-01279,PROD-SAREE-002,2621,Saree,Amazon,Desktop Web,5,Positive,2023-05-21,5,True
REV-01280,PROD-KURTA-002,1737,kurta,Flipkart,Tablet App,5,Positive,2023-10-21,35,False
REV-01281,PROD-SET-001,4025,Set,Flipkart,Mobile Web,4,Positive,2023-06-01,38,True
REV-01282,PROD-SET-001,2714,Set,Flipkart,Mobile Web,5,Positive,2022-09-24,95,False
REV-01283,PROD-DUPATTA-001,2261,Dupatta,Myntra,Tablet App,5,Positive,2023-05-03,11,True
REV-01284,PROD-SET-002,337,Set,Nalli,Desktop Web,5,Positive,2022-09-04,24,True
REV-01285,PROD-SET-001,2470,Set,Ajio,Desktop Web,2,Negative,2023-12-04,68,True
REV-01286,PROD-KURTA-002,4510,kurta,Flipkart,Mobile Web,3,Neutral,2024-05-06,114,True
REV-01287,PROD-BOTTOM-001,3573,Bottom,Amazon,Tablet App,5,Positive,2022-08-29,53,False
REV-01288,PROD-DUPATTA-001,4909,Dupatta,Flipkart,Desktop Web,5,Positive,2022-12-08,37,True
REV-01289,PROD-JACKET-001,3257,Jacket,Ajio,Mobile App,2,Negative,2023-01-25,21,True
REV-01290,PROD-DUPATTA-001,3284,Dupatta,Nalli,Mobile Web,4,Positive,2024-03-10,26,True
REV-01291,PROD-KURTA-001,4851,kurta,Amazon,Tablet App,3,Neutral,2023-03-23,64,False
REV-01292,PROD-TOP-001,2428,Top,Flipkart,Mobile App,4,Positive,2023-03-28,21,True
REV-01293,PROD-KURTA-002,321,kurta,Myntra,Mobile Web,4,Positive,2023-08-21,118,True
REV-01294,PROD-TOP-001,2040,Top,Myntra,Mobile App,5,Positive,2022-04-16,0,True
REV-01295,PROD-SUIT-001,682,Suit,Nalli,Mobile Web,5,Positive,2023-10-27,92,True
REV-01296,PROD-ETHNIC-001,2660,Ethnic Dress,Amazon,Mobile App,5,Positive,2023-08-27,105,True
REV-01297,PROD-DRESS-002,1448,Western Dress,Flipkart,Mobile App,5,Positive,2023-07-27,68,False
REV-01298,PROD-SET-001,2109,Set,Nalli,Desktop Web,5,Positive,2024-02-22,104,True
REV-01299,PROD-DRESS-002,4765,Western Dress,Ajio,Desktop Web,4,Positive,2023-02-22,57,True
REV-01300,PROD-ETHNIC-001,768,Ethnic Dress,Ajio,Desktop Web,4,Positive,2024-09-08,58,True
REV-01301,PROD-SET-003,1478,Set,Flipkart,Mobile App,3,Neutral,2024-10-01,39,True
REV-01302,PROD-SET-003,569,Set,Myntra,Mobile App,5,Positive,2023-01-20,54,True
REV-01303,PROD-BOTTOM-001,822,Bottom,Nalli,Desktop Web,5,Positive,2024-04-04,93,True
REV-01304,PROD-SUIT-001,170,Suit,Amazon,Mobile App,3,Neutral,2024-02-26,97,True
REV-01305,PROD-SET-002,2193,Set,Myntra,Mobile App,4,Positive,2022-06-21,101,True
REV-01306,PROD-SET-001,697,Set,Myntra,Desktop Web,4,Positive,2023-11-25,61,False
REV-01307,PROD-BOTTOM-001,2718,Bottom,Ajio,Desktop Web,5,Positive,2023-09-22,31,True
REV-01308,PROD-LEHENGA-001,174,Lehenga Choli,Amazon,Mobile App,5,Positive,2022-09-10,69,True
REV-01309,PROD-SET-001,1162,Set,Amazon,Desktop Web,4,Positive,2024-04-30,3,True
REV-01310,PROD-ETHNIC-001,2350,Ethnic Dress,Myntra,Tablet App,4,Positive,2023-12-25,87,True
REV-01311,PROD-BOTTOM-002,1840,Bottom,Amazon,Mobile Web,3,Neutral,2022-08-14,45,True
REV-01312,PROD-SUIT-001,695,Suit,Amazon,Desktop Web,4,Positive,2024-01-09,22,True
REV-01313,PROD-DUPATTA-001,3484,Dupatta,Myntra,Mobile Web,4,Positive,2023-01-07,79,True
REV-01314,PROD-SAREE-002,4090,Saree,Flipkart,Mobile Web,5,Positive,2023-07-10,103,True
REV-01315,PROD-KURTA-001,1201,kurta,Flipkart,Desktop Web,5,Positive,2022-11-01,49,True
REV-01316,PROD-BOTTOM-002,4734,Bottom,Ajio,Mobile Web,5,Positive,2022-08-20,18,True
REV-01317,PROD-SAREE-001,3155,Saree,Flipkart,Mobile Web,5,Positive,2023-01-08,63,True
REV-01318,PROD-BOTTOM-002,4930,Bottom,Flipkart,Desktop Web,5,Positive,2024-04-27,102,True
REV-01319,PROD-BLOUSE-001,4414,Blouse,Nalli,Tablet App,4,Positive,2024-10-15,68,False
REV-01320,PROD-DRESS-002,4317,Western Dress,Nalli,Desktop Web,4,Positive,2024-05-13,89,True
REV-01321,PROD-DRESS-002,141,Western Dress,Flipkart,Tablet App,4,Positive,2023-02-21,17,True
REV-01322,PROD-KURTA-002,1142,kurta,Flipkart,Tablet App,5,Positive,2024-01-10,18,False
REV-01323,PROD-ETHNIC-001,458,Ethnic Dress,Myntra,Mobile App,4,Positive,2023-04-05,89,True
REV-01324,PROD-BLOUSE-001,3045,Blouse,Amazon,Mobile App,5,Positive,2024-05-19,84,False
REV-01325,PROD-KURTA-003,248,kurta,Myntra,Mobile Web,4,Positive,2022-11-20,18,True
REV-01326,PROD-DRESS-002,1227,Western Dress,Myntra,Tablet App,2,Negative,2024-05-02,95,True
REV-01327,PROD-DUPATTA-001,3852,Dupatta,Ajio,Mobile Web,5,Positive,2023-09-06,56,True
REV-01328,PROD-TOP-002,264,Top,Nalli,Desktop Web,3,Neutral,2022-05-03,64,True
REV-01329,PROD-KURTA-001,3722,kurta,Nalli,Mobile Web,4,Positive,2024-05-17,117,False
REV-01330,PROD-DUPATTA-001,3471,Dupatta,Myntra,Mobile Web,4,Positive,2023-04-11,11,False
REV-01331,PROD-BLOUSE-001,1736,Blouse,Ajio,Mobile App,5,Positive,2022-09-14,28,True
REV-01332,PROD-SET-003,3838,Set,Ajio,Mobile Web,5,Positive,2022-06-08,83,True
REV-01333,PROD-BLOUSE-001,3476,Blouse,Myntra,Mobile Web,3,Neutral,2024-01-31,13,True
REV-01334,PROD-KURTA-003,230,kurta,Myntra,Mobile Web,4,Positive,2023-11-19,20,False
REV-01335,PROD-SET-001,2533,Set,Myntra,Desktop Web,2,Negative,2022-01-23,81,True
REV-01336,PROD-DRESS-002,4619,Western Dress,Ajio,Mobile App,4,Positive,2022-04-02,6,True
REV-01337,PROD-KURTA-003,2922,kurta,Flipkart,Tablet App,5,Positive,2022-01-18,64,True
REV-01338,PROD-SAREE-001,1062,Saree,Amazon,Mobile Web,5,Positive,2023-12-30,52,False
REV-01339,PROD-SET-001,195,Set,Nalli,Tablet App,4,Positive,2022-11-04,61,False
REV-01340,PROD-KURTA-002,3794,kurta,Amazon,Mobile App,4,Positive,2022-11-07,91,True
REV-01341,PROD-DRESS-001,1320,Western Dress,Nalli,Mobile Web,5,Positive,2022-10-16,57,True
REV-01342,PROD-SAREE-001,328,Saree,Ajio,Desktop Web,4,Positive,2024-06-01,26,False
REV-01343,PROD-SUIT-001,4645,Suit,Ajio,Mobile App,2,Negative,2022-11-09,103,True
REV-01344,PROD-SET-002,4483,Set,Amazon,Tablet App,5,Positive,2023-09-26,12,True
REV-01345,PROD-SAREE-001,1323,Saree,Amazon,Mobile Web,3,Neutral,2023-08-29,73,True
REV-01346,PROD-SAREE-002,3775,Saree,Flipkart,Tablet App,3,Neutral,2023-01-02,32,True
REV-01347,PROD-SET-002,325,Set,Flipkart,Mobile Web,5,Positive,2024-09-26,51,True
REV-01348,PROD-SUIT-001,3612,Suit,Flipkart,Mobile Web,5,Positive,2022-09-22,47,True
REV-01349,PROD-ETHNIC-001,350,Ethnic Dress,Nalli,Mobile App,4,Positive,2023-06-23,94,True
REV-01350,PROD-LEHENGA-001,2382,Lehenga Choli,Ajio,Desktop Web,1,Negative,2022-08-04,72,True
REV-01351,PROD-KURTA-003,766,kurta,Flipkart,Tablet App,4,Positive,2024-08-04,59,False
REV-01352,PROD-BOTTOM-001,888,Bottom,Ajio,Tablet App,3,Neutral,2023-01-05,25,True
REV-01353,PROD-SAREE-001,4951,Saree,Ajio,Desktop Web,2,Negative,2023-12-03,89,True
REV-01354,PROD-SET-001,4466,Set,Myntra,Tablet App,4,Positive,2022-03-20,18,True
REV-01355,PROD-SAREE-001,512,Saree,Flipkart,Tablet App,5,Positive,2024-02-18,60,True
REV-01356,PROD-KURTA-002,3465,kurta,Flipkart,Mobile Web,4,Positive,2022-02-16,81,True
REV-01357,PROD-KURTA-003,3319,kurta,Amazon,Mobile Web,3,Neutral,2023-07-15,111,True
REV-01358,PROD-ETHNIC-001,1508,Ethnic Dress,Amazon,Mobile App,4,Positive,2023-06-16,114,True
REV-01359,PROD-SAREE-001,1348,Saree,Myntra,Mobile Web,5,Positive,2023-09-01,120,True
REV-01360,PROD-BOTTOM-002,3579,Bottom,Flipkart,Tablet App,4,Positive,2022-11-26,105,True
REV-01361,PROD-LEHENGA-001,638,Lehenga Choli,Nalli,Desktop Web,5,Positive,2023-02-11,41,True
REV-01362,PROD-KURTA-001,1209,kurta,Ajio,Mobile Web,3,Neutral,2024-07-28,14,True
REV-01363,PROD-TOP-001,3691,Top,Myntra,Tablet App,4,Positive,2022-01-08,81,False
REV-01364,PROD-SET-001,3443,Set,Nalli,Desktop Web,2,Negative,2023-01-20,76,True
REV-01365,PROD-DRESS-001,4726,Western Dress,Amazon,Mobile Web,4,Positive,2023-01-27,104,True
REV-01366,PROD-KURTA-001,4114,kurta,Amazon,Tablet App,4,Positive,2023-09-21,83,True
REV-01367,PROD-ETHNIC-001,4444,Ethnic Dress,Ajio,Mobile Web,4,Positive,2023-12-23,14,True
REV-01368,PROD-BOTTOM-001,4529,Bottom,Nalli,Desktop Web,4,Positive,2022-12-29,69,True
REV-01369,PROD-BLOUSE-001,2321,Blouse,Nalli,Mobile App,4,Positive,2024-06-14,11,True
REV-01370,PROD-KURTA-003,850,kurta,Ajio,Mobile App,5,Positive,2024-04-22,81,True
REV-01371,PROD-DUPATTA-001,2375,Dupatta,Ajio,Desktop Web,5,Positive,2022-03-08,28,True
REV-01372,PROD-LEHENGA-001,3847,Lehenga Choli,Amazon,Mobile Web,4,Positive,2023-02-05,101,True
REV-01373,PROD-ETHNIC-001,63,Ethnic Dress,Flipkart,Desktop Web,5,Positive,2024-03-21,64,True
REV-01374,PROD-TOP-001,2519,Top,Ajio,Desktop Web,5,Positive,2023-06-26,0,True
REV-01375,PROD-KURTA-002,3068,kurta,Nalli,Mobile Web,1,Negative,2022-11-11,42,True
REV-01376,PROD-JACKET-001,4553,Jacket,Ajio,Desktop Web,5,Positive,2023-05-11,78,True
REV-01377,PROD-KURTA-002,1056,kurta,Ajio,Desktop Web,5,Positive,2024-05-28,51,True
REV-01378,PROD-DUPATTA-001,816,Dupatta,Myntra,Mobile App,3,Neutral,2023-04-19,80,False
REV-01379,PROD-BLOUSE-001,4530,Blouse,Myntra,Mobile Web,5,Positive,2023-06-17,26,True
REV-01380,PROD-KURTA-003,4861,kurta,Myntra,Mobile App,1,Negative,2022-01-24,79,False
REV-01381,PROD-KURTA-003,1070,kurta,Ajio,Mobile Web,5,Positive,2022-02-21,23,True
REV-01382,PROD-DRESS-002,3098,Western Dress,Flipkart,Mobile App,4,Positive,2023-05-18,35,True
REV-01383,PROD-SET-002,909,Set,Ajio,Mobile App,5,Positive,2022-07-31,13,True
REV-01384,PROD-TOP-002,761,Top,Amazon,Tablet App,4,Positive,2023-01-05,108,True
REV-01385,PROD-DRESS-001,180,Western Dress,Ajio,Mobile App,4,Positive,2024-10-02,62,True
REV-01386,PROD-DRESS-001,2569,Western Dress,Ajio,Desktop Web,5,Positive,2024-02-08,23,True
REV-01387,PROD-KURTA-001,961,kurta,Flipkart,Mobile Web,5,Positive,2022-03-06,61,False
REV-01388,PROD-SUIT-001,4275,Suit,Flipkart,Mobile App,4,Positive,2022-11-21,24,False
REV-01389,PROD-KURTA-001,4193,kurta,Myntra,Desktop Web,4,Positive,2024-11-26,110,True
REV-01390,PROD-SET-001,2684,Set,Myntra,Desktop Web,5,Positive,2022-03-02,10,True
REV-01391,PROD-TOP-001,754,Top,Flipkart,Mobile Web,4,Positive,2023-02-13,59,True
REV-01392,PROD-ETHNIC-001,1582,Ethnic Dress,Flipkart,Desktop Web,4,Positive,2024-03-30,25,True
REV-01393,PROD-BLOUSE-001,1358,Blouse,Myntra,Tablet App,3,Neutral,2023-10-01,55,True
REV-01394,PROD-ETHNIC-001,2612,Ethnic Dress,Nalli,Mobile App,5,Positive,2023-07-11,77,True
REV-01395,PROD-ETHNIC-001,3064,Ethnic Dress,Amazon,Tablet App,3,Neutral,2023-12-24,21,True
REV-01396,PROD-DUPATTA-001,2405,Dupatta,Nalli,Mobile Web,4,Positive,2024-04-19,50,True
REV-01397,PROD-SET-001,3518,Set,Myntra,Mobile Web,3,Neutral,2023-10-23,31,True
REV-01398,PROD-DRESS-001,1189,Western Dress,Flipkart,Mobile App,5,Positive,2024-02-01,1,True
REV-01399,PROD-KURTA-001,3813,kurta,Nalli,Mobile Web,5,Positive,2023-03-14,115,True
REV-01400,PROD-LEHENGA-001,4930,Lehenga Choli,Myntra,Desktop Web,2,Negative,2023-08-04,13,False
REV-01401,PROD-TOP-001,4702,Top,Ajio,Tablet App,5,Positive,2022-06-03,40,True
REV-01402,PROD-DRESS-001,4085,Western Dress,Amazon,Mobile Web,3,Neutral,2024-10-08,53,True
REV-01403,PROD-SET-001,4843,Set,Ajio,Desktop Web,4,Positive,2023-11-01,73,True
REV-01404,PROD-TOP-002,3783,Top,Flipkart,Desktop Web,1,Negative,2022-01-10,107,True
REV-01405,PROD-KURTA-002,321,kurta,Flipkart,Mobile App,5,Positive,2024-12-16,8,True
REV-01406,PROD-SET-001,2466,Set,Flipkart,Mobile Web,5,Positive,2024-04-30,96,True
REV-01407,PROD-BLOUSE-001,4046,Blouse,Nalli,Mobile App,2,Negative,2023-10-04,50,True
REV-01408,PROD-BOTTOM-001,3064,Bottom,Nalli,Mobile App,4,Positive,2022-09-06,3,True
REV-01409,PROD-KURTA-002,862,kurta,Flipkart,Tablet App,5,Positive,2022-10-12,28,True
REV-01410,PROD-KURTA-003,4404,kurta,Amazon,Mobile App,3,Neutral,2024-01-26,33,True
REV-01411,PROD-SET-001,615,Set,Flipkart,Mobile Web,2,Negative,2023-09-16,88,False
REV-01412,PROD-BLOUSE-001,1129,Blouse,Nalli,Tablet App,4,Positive,2022-12-15,15,True
REV-01413,PROD-SAREE-001,3661,Saree,Amazon,Desktop Web,5,Positive,2024-04-26,73,True
REV-01414,PROD-BOTTOM-002,3955,Bottom,Myntra,Mobile App,5,Positive,2023-10-22,33,True
REV-01415,PROD-KURTA-003,1687,kurta,Amazon,Mobile App,4,Positive,2023-05-12,63,True
REV-01416,PROD-DRESS-001,3836,Western Dress,Ajio,Desktop Web,1,Negative,2023-03-19,62,True
REV-01417,PROD-SAREE-001,4211,Saree,Flipkart,Mobile Web,4,Positive,2024-12-16,90,True
REV-01418,PROD-SET-002,1066,Set,Myntra,Mobile Web,5,Positive,2022-08-05,49,True
REV-01419,PROD-SUIT-001,1540,Suit,Amazon,Mobile Web,4,Positive,2024-03-30,54,True
REV-01420,PROD-TOP-002,1207,Top,Ajio,Mobile App,5,Positive,2022-07-29,95,True
REV-01421,PROD-DRESS-002,1533,Western Dress,Flipkart,Mobile App,1,Negative,2024-08-01,60,False
REV-01422,PROD-BOTTOM-001,4509,Bottom,Amazon,Mobile Web,4,Positive,2022-08-31,55,True
REV-01423,PROD-SET-002,4161,Set,Flipkart,Mobile App,4,Positive,2024-06-01,56,True
REV-01424,PROD-SAREE-002,3462,Saree,Myntra,Mobile Web,3,Neutral,2024-02-23,24,True
REV-01425,PROD-SET-003,4977,Set,Ajio,Tablet App,5,Positive,2024-12-20,13,True
REV-01426,PROD-DRESS-002,944,Western Dress,Amazon,Mobile App,5,Positive,2023-03-26,73,True
REV-01427,PROD-DRESS-002,2257,Western Dress,Myntra,Tablet App,2,Negative,2022-07-26,50,True
REV-01428,PROD-SET-001,4057,Set,Myntra,Desktop Web,4,Positive,2023-07-04,100,True
REV-01429,PROD-SAREE-002,26,Saree,Amazon,Desktop Web,5,Positive,2023-08-13,64,False
REV-01430,PROD-BOTTOM-002,1395,Bottom,Flipkart,Mobile App,5,Positive,2023-05-04,21,True
REV-01431,PROD-SAREE-001,105,Saree,Ajio,Tablet App,5,Positive,2022-10-18,42,True
REV-01432,PROD-SET-003,1399,Set,Amazon,Mobile Web,5,Positive,2022-06-07,60,False
REV-01433,PROD-KURTA-001,3872,kurta,Amazon,Mobile App,4,Positive,2023-05-22,104,True
REV-01434,PROD-JACKET-001,1871,Jacket,Nalli,Desktop Web,5,Positive,2023-08-19,96,True
REV-01435,PROD-SET-001,3708,Set,Ajio,Mobile Web,3,Neutral,2023-11-19,69,True
REV-01436,PROD-BOTTOM-002,112,Bottom,Flipkart,Mobile Web,4,Positive,2024-07-28,90,True
REV-01437,PROD-DUPATTA-001,924,Dupatta,Flipkart,Mobile App,5,Positive,2024-09-18,18,True
REV-01438,PROD-DRESS-002,2927,Western Dress,Ajio,Mobile App,5,Positive,2022-10-18,31,False
REV-01439,PROD-ETHNIC-001,1588,Ethnic Dress,Ajio,Mobile App,4,Positive,2022-07-02,35,False
REV-01440,PROD-BOTTOM-001,1434,Bottom,Flipkart,Mobile Web,5,Positive,2024-12-15,113,True
REV-01441,PROD-BLOUSE-001,2534,Blouse,Myntra,Mobile App,5,Positive,2023-07-20,74,False
REV-01442,PROD-SAREE-001,3551,Saree,Ajio,Mobile Web,5,Positive,2022-09-09,36,True
REV-01443,PROD-KURTA-001,3821,kurta,Myntra,Mobile Web,4,Positive,2022-10-29,79,False
REV-01444,PROD-SET-003,530,Set,Flipkart,Mobile App,4,Positive,2023-08-14,58,True
REV-01445,PROD-DRESS-001,436,Western Dress,Ajio,Mobile Web,4,Positive,2022-09-10,0,True
REV-01446,PROD-SAREE-002,409,Saree,Flipkart,Desktop Web,5,Positive,2022-01-02,44,True
REV-01447,PROD-DUPATTA-001,705,Dupatta,Flipkart,Desktop Web,5,Positive,2022-11-14,93,True
REV-01448,PROD-ETHNIC-001,2383,Ethnic Dress,Myntra,Mobile App,5,Positive,2022-06-15,60,True
REV-01449,PROD-DRESS-002,3462,Western Dress,Ajio,Mobile App,5,Positive,2024-03-02,114,True
REV-01450,PROD-TOP-002,4620,Top,Ajio,Mobile Web,5,Positive,2022-12-21,102,False
REV-01451,PROD-SET-002,2049,Set,Myntra,Tablet App,5,Positive,2023-02-13,70,True
REV-01452,PROD-TOP-002,4643,Top,Ajio,Desktop Web,4,Positive,2023-09-01,48,True
REV-01453,PROD-SET-001,2567,Set,Nalli,Mobile Web,3,Neutral,2024-06-24,59,True
REV-01454,PROD-ETHNIC-001,3779,Ethnic Dress,Amazon,Mobile App,4,Positive,2024-04-20,98,True
REV-01455,PROD-KURTA-003,1988,kurta,Nalli,Mobile Web,5,Positive,2023-09-12,16,False
REV-01456,PROD-LEHENGA-001,439,Lehenga Choli,Ajio,Desktop Web,5,Positive,2023-08-24,51,True
REV-01457,PROD-BOTTOM-001,3771,Bottom,Amazon,Mobile App,5,Positive,2024-11-26,7,True
REV-01458,PROD-SET-001,2381,Set,Nalli,Tablet App,4,Positive,2022-07-19,88,True
REV-01459,PROD-KURTA-002,435,kurta,Myntra,Desktop Web,3,Neutral,2024-11-12,71,True
REV-01460,PROD-SET-002,2465,Set,Flipkart,Mobile App,4,Positive,2022-11-13,103,True
REV-01461,PROD-SUIT-001,551,Suit,Amazon,Desktop Web,5,Positive,2022-08-23,77,True
REV-01462,PROD-DUPATTA-001,849,Dupatta,Ajio,Mobile App,3,Neutral,2023-02-23,106,False
REV-01463,PROD-BOTTOM-001,2457,Bottom,Ajio,Tablet App,4,Positive,2022-09-07,23,True
REV-01464,PROD-LEHENGA-001,1010,Lehenga Choli,Ajio,Desktop Web,4,Positive,2024-06-18,81,True
REV-01465,PROD-SET-003,1399,Set,Nalli,Desktop Web,3,Neutral,2023-05-08,60,True
REV-01466,PROD-TOP-002,4824,Top,Ajio,Mobile Web,4,Positive,2022-07-24,85,True
REV-01467,PROD-BLOUSE-001,3801,Blouse,Ajio,Tablet App,4,Positive,2022-08-08,18,True
REV-01468,PROD-TOP-002,91,Top,Nalli,Mobile Web,4,Positive,2024-03-08,4,False
REV-01469,PROD-BOTTOM-001,1142,Bottom,Ajio,Tablet App,2,Negative,2023-12-28,35,True
REV-01470,PROD-SET-003,1727,Set,Flipkart,Tablet App,4,Positive,2024-10-27,65,True
REV-01471,PROD-SET-003,4614,Set,Flipkart,Tablet App,5,Positive,2023-12-22,91,True
REV-01472,PROD-TOP-001,3228,Top,Amazon,Tablet App,5,Positive,2023-09-13,48,True
REV-01473,PROD-SUIT-001,4305,Suit,Flipkart,Desktop Web,5,Positive,2024-11-04,89,True
REV-01474,PROD-JACKET-001,4789,Jacket,Nalli,Tablet App,5,Positive,2023-12-14,8,True
REV-01475,PROD-KURTA-001,1899,kurta,Amazon,Mobile App,5,Positive,2022-11-22,63,True
REV-01476,PROD-SAREE-001,864,Saree,Myntra,Tablet App,5,Positive,2023-04-30,96,True
REV-01477,PROD-KURTA-003,938,kurta,Amazon,Mobile App,2,Negative,2023-05-28,56,True
REV-01478,PROD-SUIT-001,1426,Suit,Flipkart,Mobile App,5,Positive,2022-03-02,89,True
REV-01479,PROD-BLOUSE-001,1604,Blouse,Flipkart,Tablet App,3,Neutral,2023-02-14,56,True
REV-01480,PROD-DRESS-002,3556,Western Dress,Nalli,Desktop Web,4,Positive,2022-11-28,11,False
REV-01481,PROD-KURTA-001,1668,kurta,Amazon,Desktop Web,5,Positive,2022-07-17,114,True
REV-01482,PROD-SAREE-002,2792,Saree,Myntra,Tablet App,5,Positive,2022-05-28,24,True
REV-01483,PROD-JACKET-001,2885,Jacket,Flipkart,Desktop Web,5,Positive,2024-10-22,102,True
REV-01484,PROD-BOTTOM-001,581,Bottom,Nalli,Mobile App,4,Positive,2024-02-10,16,False
REV-01485,PROD-TOP-002,1889,Top,Amazon,Mobile Web,3,Neutral,2024-10-18,2,True
REV-01486,PROD-TOP-002,3199,Top,Flipkart,Mobile App,5,Positive,2023-05-30,111,True
REV-01487,PROD-TOP-002,4242,Top,Nalli,Mobile Web,2,Negative,2023-05-10,51,False
REV-01488,PROD-KURTA-002,4775,kurta,Ajio,Mobile Web,4,Positive,2022-08-16,83,True
REV-01489,PROD-KURTA-002,1643,kurta,Flipkart,Mobile App,4,Positive,2023-06-19,17,True
REV-01490,PROD-LEHENGA-001,511,Lehenga Choli,Myntra,Tablet App,5,Positive,2023-11-07,9,False
REV-01491,PROD-SUIT-001,2834,Suit,Amazon,Tablet App,5,Positive,2022-03-14,76,False
REV-01492,PROD-KURTA-003,1061,kurta,Flipkart,Mobile App,5,Positive,2024-09-07,13,True
REV-01493,PROD-BOTTOM-002,3535,Bottom,Ajio,Mobile Web,4,Positive,2023-12-19,100,True
REV-01494,PROD-KURTA-001,1608,kurta,Nalli,Tablet App,5,Positive,2022-02-23,87,True
REV-01495,PROD-LEHENGA-001,3091,Lehenga Choli,Myntra,Tablet App,4,Positive,2024-03-03,89,True
REV-01496,PROD-LEHENGA-001,967,Lehenga Choli,Nalli,Mobile Web,3,Neutral,2024-06-15,45,True
REV-01497,PROD-SAREE-001,1952,Saree,Myntra,Mobile App,4,Positive,2022-04-29,75,True
REV-01498,PROD-DRESS-002,123,Western Dress,Myntra,Mobile App,4,Positive,2022-04-04,9,True
REV-01499,PROD-SET-002,359,Set,Flipkart,Mobile Web,4,Positive,2023-08-02,77,True
REV-01500,PROD-TOP-002,3922,Top,Amazon,Mobile App,3,Neutral,2024-03-25,9,True
REV-01501,PROD-LEHENGA-001,1805,Lehenga Choli,Ajio,Mobile Web,4,Positive,2024-01-02,120,True
REV-01502,PROD-LEHENGA-001,4316,Lehenga Choli,Flipkart,Mobile Web,4,Positive,2023-05-16,89,False
REV-01503,PROD-DUPATTA-001,3366,Dupatta,Nalli,Tablet App,3,Neutral,2023-12-11,35,True
REV-01504,PROD-DRESS-001,1889,Western Dress,Flipkart,Desktop Web,5,Positive,2024-12-02,15,True
REV-01505,PROD-SET-002,3607,Set,Ajio,Mobile App,2,Negative,2023-04-27,2,True
REV-01506,PROD-KURTA-002,2461,kurta,Amazon,Mobile App,4,Positive,2024-02-26,35,False
REV-01507,PROD-BLOUSE-001,3152,Blouse,Ajio,Mobile App,4,Positive,2024-02-23,28,True
REV-01508,PROD-BLOUSE-001,4363,Blouse,Amazon,Mobile Web,3,Neutral,2024-06-01,4,False
REV-01509,PROD-SAREE-002,2151,Saree,Nalli,Desktop Web,5,Positive,2023-11-20,96,True
REV-01510,PROD-SAREE-001,3503,Saree,Amazon,Mobile App,5,Positive,2024-06-07,70,True
REV-01511,PROD-TOP-002,3798,Top,Ajio,Mobile Web,5,Positive,2024-12-31,20,True
REV-01512,PROD-BOTTOM-001,1081,Bottom,Amazon,Mobile Web,5,Positive,2023-05-03,102,True
REV-01513,PROD-KURTA-003,2766,kurta,Nalli,Tablet App,5,Positive,2023-08-29,4,False
REV-01514,PROD-TOP-001,4981,Top,Amazon,Mobile App,4,Positive,2023-05-29,39,False
REV-01515,PROD-SAREE-001,3636,Saree,Ajio,Mobile App,5,Positive,2023-01-02,56,True
REV-01516,PROD-BOTTOM-001,3934,Bottom,Nalli,Desktop Web,2,Negative,2024-01-05,52,True
REV-01517,PROD-JACKET-001,5000,Jacket,Nalli,Mobile Web,5,Positive,2023-07-21,8,True
REV-01518,PROD-SET-003,2127,Set,Ajio,Desktop Web,4,Positive,2023-07-20,29,True
REV-01519,PROD-SET-002,1907,Set,Amazon,Mobile App,5,Positive,2022-04-12,23,False
REV-01520,PROD-BOTTOM-001,4534,Bottom,Myntra,Mobile App,5,Positive,2022-03-27,91,True
REV-01521,PROD-TOP-001,4428,Top,Amazon,Desktop Web,1,Negative,2023-12-25,44,True
REV-01522,PROD-KURTA-003,4187,kurta,Amazon,Desktop Web,4,Positive,2022-08-20,26,True
REV-01523,PROD-JACKET-001,585,Jacket,Ajio,Mobile Web,4,Positive,2024-05-01,18,True
REV-01524,PROD-SAREE-001,2745,Saree,Ajio,Mobile Web,5,Positive,2024-01-08,60,True
REV-01525,PROD-SUIT-001,366,Suit,Flipkart,Desktop Web,2,Negative,2024-01-25,116,False
REV-01526,PROD-KURTA-001,2565,kurta,Nalli,Mobile Web,3,Neutral,2023-03-10,120,True
REV-01527,PROD-BLOUSE-001,1230,Blouse,Ajio,Mobile App,5,Positive,2022-03-08,9,True
REV-01528,PROD-JACKET-001,4416,Jacket,Amazon,Mobile App,4,Positive,2024-05-06,77,True
REV-01529,PROD-DUPATTA-001,2206,Dupatta,Myntra,Mobile Web,4,Positive,2023-10-12,116,True
REV-01530,PROD-SAREE-001,1892,Saree,Ajio,Mobile Web,4,Positive,2024-01-12,95,True
REV-01531,PROD-DRESS-002,2965,Western Dress,Amazon,Mobile Web,4,Positive,2024-04-19,71,False
REV-01532,PROD-KURTA-003,4958,kurta,Myntra,Tablet App,5,Positive,2024-09-18,100,True
REV-01533,PROD-DRESS-002,4405,Western Dress,Myntra,Tablet App,5,Positive,2022-09-14,86,False
REV-01534,PROD-SET-002,2799,Set,Flipkart,Mobile App,5,Positive,2023-08-11,10,True
REV-01535,PROD-ETHNIC-001,4719,Ethnic Dress,Ajio,Desktop Web,4,Positive,2022-10-31,115,True
REV-01536,PROD-BOTTOM-001,3430,Bottom,Flipkart,Tablet App,1,Negative,2022-09-05,95,True
REV-01537,PROD-SET-002,197,Set,Myntra,Mobile App,5,Positive,2024-06-02,16,False
REV-01538,PROD-DUPATTA-001,2903,Dupatta,Myntra,Tablet App,5,Positive,2024-05-14,89,False
REV-01539,PROD-DRESS-002,2760,Western Dress,Flipkart,Mobile App,5,Positive,2022-09-01,92,True
REV-01540,PROD-KURTA-003,3678,kurta,Ajio,Tablet App,5,Positive,2023-12-28,94,True
REV-01541,PROD-TOP-002,1503,Top,Nalli,Mobile App,5,Positive,2022-10-03,19,True
REV-01542,PROD-JACKET-001,3108,Jacket,Flipkart,Tablet App,5,Positive,2024-07-17,22,False
REV-01543,PROD-JACKET-001,1903,Jacket,Flipkart,Tablet App,4,Positive,2022-07-18,43,True
REV-01544,PROD-JACKET-001,4750,Jacket,Nalli,Tablet App,4,Positive,2024-12-11,36,True
REV-01545,PROD-BLOUSE-001,1174,Blouse,Amazon,Desktop Web,4,Positive,2023-01-01,55,False
REV-01546,PROD-TOP-001,815,Top,Flipkart,Mobile Web,5,Positive,2023-10-06,21,True
REV-01547,PROD-TOP-002,1833,Top,Myntra,Mobile Web,4,Positive,2024-06-17,120,True
REV-01548,PROD-SUIT-001,2283,Suit,Myntra,Mobile App,5,Positive,2023-04-20,26,False
REV-01549,PROD-DUPATTA-001,4903,Dupatta,Amazon,Desktop Web,5,Positive,2022-02-26,0,True
REV-01550,PROD-KURTA-001,4679,kurta,Ajio,Tablet App,4,Positive,2023-08-01,66,True
REV-01551,PROD-BOTTOM-001,983,Bottom,Ajio,Tablet App,4,Positive,2022-08-13,63,True
REV-01552,PROD-KURTA-003,955,kurta,Flipkart,Mobile App,5,Positive,2023-07-25,95,True
REV-01553,PROD-KURTA-003,2748,kurta,Flipkart,Tablet App,4,Positive,2024-11-04,80,False
REV-01554,PROD-KURTA-003,315,kurta,Ajio,Mobile App,5,Positive,2023-10-07,119,False
REV-01555,PROD-SAREE-001,66,Saree,Myntra,Desktop Web,3,Neutral,2022-03-14,75,True
REV-01556,PROD-DRESS-002,3852,Western Dress,Myntra,Tablet App,5,Positive,2023-06-28,104,True
REV-01557,PROD-BOTTOM-002,727,Bottom,Nalli,Desktop Web,4,Positive,2023-02-11,0,True
REV-01558,PROD-KURTA-003,1460,kurta,Amazon,Tablet App,4,Positive,2023-03-04,88,True
REV-01559,PROD-SUIT-001,2857,Suit,Ajio,Desktop Web,4,Positive,2023-04-26,112,True
REV-01560,PROD-DRESS-002,4016,Western Dress,Ajio,Mobile Web,5,Positive,2024-09-20,69,True
REV-01561,PROD-TOP-002,2354,Top,Ajio,Tablet App,3,Neutral,2022-08-19,41,True
REV-01562,PROD-ETHNIC-001,2613,Ethnic Dress,Amazon,Mobile Web,3,Neutral,2024-08-09,89,True
REV-01563,PROD-SET-002,4008,Set,Nalli,Tablet App,5,Positive,2024-09-17,87,True
REV-01564,PROD-KURTA-001,1763,kurta,Ajio,Mobile App,4,Positive,2024-11-05,71,True
REV-01565,PROD-TOP-001,3207,Top,Ajio,Tablet App,5,Positive,2024-04-22,51,True
REV-01566,PROD-KURTA-002,2784,kurta,Amazon,Mobile Web,4,Positive,2023-03-25,57,True
REV-01567,PROD-DRESS-002,4392,Western Dress,Myntra,Mobile App,5,Positive,2022-12-08,78,False
REV-01568,PROD-SAREE-001,173,Saree,Ajio,Mobile App,3,Neutral,2022-02-10,99,True
REV-01569,PROD-SAREE-002,404,Saree,Nalli,Desktop Web,5,Positive,2022-05-10,46,False
REV-01570,PROD-DRESS-001,1879,Western Dress,Flipkart,Desktop Web,5,Positive,2024-03-21,116,True
REV-01571,PROD-SAREE-001,112,Saree,Amazon,Mobile App,4,Positive,2023-05-25,96,False
REV-01572,PROD-SET-001,347,Set,Myntra,Mobile Web,4,Positive,2024-09-20,38,True
REV-01573,PROD-DRESS-002,277,Western Dress,Flipkart,Mobile App,5,Positive,2023-05-22,104,True
REV-01574,PROD-BLOUSE-001,696,Blouse,Amazon,Mobile App,3,Neutral,2023-07-07,64,True
REV-01575,PROD-KURTA-001,783,kurta,Nalli,Tablet App,1,Negative,2022-11-07,24,False
REV-01576,PROD-TOP-002,4198,Top,Amazon,Mobile Web,5,Positive,2024-05-20,35,True
REV-01577,PROD-DRESS-001,3085,Western Dress,Flipkart,Tablet App,3,Neutral,2024-08-23,11,True
REV-01578,PROD-ETHNIC-001,2330,Ethnic Dress,Nalli,Desktop Web,5,Positive,2024-09-16,48,True
REV-01579,PROD-BOTTOM-002,4478,Bottom,Amazon,Tablet App,5,Positive,2024-02-03,28,False
REV-01580,PROD-KURTA-001,3663,kurta,Flipkart,Tablet App,4,Positive,2023-04-21,72,True
REV-01581,PROD-TOP-002,782,Top,Nalli,Desktop Web,4,Positive,2022-06-21,26,True
REV-01582,PROD-JACKET-001,3303,Jacket,Nalli,Tablet App,4,Positive,2022-10-17,66,False
REV-01583,PROD-DRESS-002,2065,Western Dress,Ajio,Mobile Web,2,Negative,2024-10-07,94,True
REV-01584,PROD-SET-002,46,Set,Flipkart,Desktop Web,2,Negative,2024-04-12,96,False
REV-01585,PROD-BOTTOM-002,1932,Bottom,Flipkart,Tablet App,4,Positive,2023-10-04,90,True
REV-01586,PROD-DUPATTA-001,861,Dupatta,Ajio,Mobile App,5,Positive,2022-06-16,48,True
REV-01587,PROD-KURTA-001,1362,kurta,Myntra,Tablet App,3,Neutral,2022-09-06,111,True
REV-01588,PROD-KURTA-002,1399,kurta,Nalli,Tablet App,5,Positive,2024-10-11,17,False
REV-01589,PROD-ETHNIC-001,964,Ethnic Dress,Ajio,Mobile Web,4,Positive,2023-08-31,92,True
REV-01590,PROD-DUPATTA-001,4619,Dupatta,Myntra,Desktop Web,4,Positive,2024-02-01,37,False
REV-01591,PROD-DRESS-001,4255,Western Dress,Nalli,Mobile Web,5,Positive,2024-01-31,60,True
REV-01592,PROD-DRESS-001,1346,Western Dress,Nalli,Tablet App,5,Positive,2022-10-05,1,True
REV-01593,PROD-ETHNIC-001,550,Ethnic Dress,Amazon,Mobile Web,3,Neutral,2024-08-21,89,True
REV-01594,PROD-DRESS-001,2712,Western Dress,Amazon,Mobile App,5,Positive,2024-07-28,79,True
REV-01595,PROD-SUIT-001,4581,Suit,Myntra,Mobile Web,3,Neutral,2023-12-19,80,True
REV-01596,PROD-DRESS-001,4788,Western Dress,Flipkart,Mobile Web,4,Positive,2024-05-22,79,True
REV-01597,PROD-TOP-001,635,Top,Nalli,Desktop Web,5,Positive,2023-02-19,13,True
REV-01598,PROD-TOP-001,1038,Top,Nalli,Tablet App,3,Neutral,2022-07-29,42,False
REV-01599,PROD-JACKET-001,1715,Jacket,Myntra,Mobile App,5,Positive,2024-08-27,100,True
REV-01600,PROD-DRESS-001,1175,Western Dress,Myntra,Tablet App,3,Neutral,2022-10-28,111,True
REV-01601,PROD-SAREE-001,1123,Saree,Nalli,Tablet App,2,Negative,2022-04-17,54,True
REV-01602,PROD-SAREE-001,1973,Saree,Nalli,Tablet App,4,Positive,2022-08-29,48,True
REV-01603,PROD-BOTTOM-002,2597,Bottom,Nalli,Mobile App,4,Positive,2024-12-05,113,False
REV-01604,PROD-DRESS-001,1171,Western Dress,Ajio,Tablet App,5,Positive,2023-07-23,62,True
REV-01605,PROD-SET-001,2853,Set,Myntra,Mobile App,5,Positive,2024-06-10,110,True
REV-01606,PROD-BOTTOM-001,3475,Bottom,Myntra,Desktop Web,5,Positive,2023-12-10,48,True
REV-01607,PROD-SET-003,1605,Set,Ajio,Mobile Web,5,Positive,2022-01-22,67,True
REV-01608,PROD-KURTA-001,771,kurta,Flipkart,Mobile Web,5,Positive,2023-11-04,64,True
REV-01609,PROD-SUIT-001,3922,Suit,Ajio,Mobile App,4,Positive,2023-07-18,89,True
REV-01610,PROD-TOP-001,3857,Top,Nalli,Tablet App,5,Positive,2022-03-04,62,True
REV-01611,PROD-BOTTOM-002,313,Bottom,Flipkart,Mobile App,5,Positive,2022-08-01,78,True
REV-01612,PROD-SET-003,679,Set,Ajio,Mobile App,5,Positive,2022-09-27,7,True
REV-01613,PROD-KURTA-002,1591,kurta,Nalli,Mobile App,4,Positive,2023-07-23,42,True
REV-01614,PROD-SET-003,4230,Set,Amazon,Tablet App,5,Positive,2024-01-21,53,True
REV-01615,PROD-KURTA-003,1209,kurta,Flipkart,Mobile App,3,Neutral,2024-10-24,22,True
REV-01616,PROD-KURTA-002,4141,kurta,Ajio,Desktop Web,4,Positive,2023-02-11,81,True
REV-01617,PROD-TOP-002,965,Top,Flipkart,Tablet App,4,Positive,2023-12-20,72,True
REV-01618,PROD-JACKET-001,953,Jacket,Amazon,Desktop Web,5,Positive,2022-06-30,93,True
REV-01619,PROD-SET-003,1388,Set,Amazon,Desktop Web,4,Positive,2022-02-11,81,True
REV-01620,PROD-BOTTOM-001,2522,Bottom,Myntra,Desktop Web,3,Neutral,2023-05-21,39,True
REV-01621,PROD-BLOUSE-001,2286,Blouse,Myntra,Mobile Web,5,Positive,2022-12-31,52,True
REV-01622,PROD-DRESS-001,1451,Western Dress,Flipkart,Mobile Web,4,Positive,2023-02-13,89,True
REV-01623,PROD-TOP-001,4741,Top,Flipkart,Mobile Web,3,Neutral,2023-12-29,98,False
REV-01624,PROD-BOTTOM-001,301,Bottom,Nalli,Tablet App,5,Positive,2022-12-16,19,False
REV-01625,PROD-JACKET-001,2842,Jacket,Flipkart,Desktop Web,4,Positive,2024-06-07,43,False
REV-01626,PROD-LEHENGA-001,744,Lehenga Choli,Nalli,Desktop Web,5,Positive,2023-07-05,33,True
REV-01627,PROD-BOTTOM-001,4236,Bottom,Myntra,Tablet App,4,Positive,2022-08-25,17,True
REV-01628,PROD-JACKET-001,4821,Jacket,Amazon,Mobile Web,4,Positive,2024-02-13,89,True
REV-01629,PROD-SAREE-002,1301,Saree,Ajio,Tablet App,5,Positive,2022-01-17,42,True
REV-01630,PROD-SET-001,2510,Set,Myntra,Tablet App,3,Neutral,2024-01-04,69,True
REV-01631,PROD-KURTA-001,4863,kurta,Nalli,Tablet App,4,Positive,2024-07-23,93,True
REV-01632,PROD-BOTTOM-002,3058,Bottom,Nalli,Mobile Web,5,Positive,2023-06-02,61,True
REV-01633,PROD-TOP-002,4154,Top,Amazon,Tablet App,2,Negative,2023-04-25,54,True
REV-01634,PROD-JACKET-001,1344,Jacket,Nalli,Desktop Web,4,Positive,2022-02-28,118,True
REV-01635,PROD-SUIT-001,1626,Suit,Nalli,Desktop Web,5,Positive,2024-12-09,16,True
REV-01636,PROD-KURTA-002,1159,kurta,Flipkart,Tablet App,5,Positive,2023-09-26,50,True
REV-01637,PROD-BOTTOM-001,1642,Bottom,Myntra,Mobile Web,1,Negative,2022-10-30,39,True
REV-01638,PROD-SET-003,3577,Set,Amazon,Desktop Web,4,Positive,2023-02-21,19,False
REV-01639,PROD-SAREE-002,2824,Saree,Amazon,Tablet App,1,Negative,2022-11-23,70,True
REV-01640,PROD-DRESS-001,3797,Western Dress,Myntra,Mobile App,5,Positive,2024-02-10,49,True
REV-01641,PROD-SAREE-001,3276,Saree,Flipkart,Mobile Web,5,Positive,2022-10-01,104,True
REV-01642,PROD-SUIT-001,2842,Suit,Ajio,Mobile App,4,Positive,2022-05-27,28,False
REV-01643,PROD-SET-003,2968,Set,Flipkart,Mobile App,5,Positive,2024-01-26,78,False
REV-01644,PROD-BLOUSE-001,1132,Blouse,Ajio,Desktop Web,5,Positive,2023-04-17,5,True
REV-01645,PROD-TOP-002,3147,Top,Myntra,Tablet App,4,Positive,2023-11-27,19,True
REV-01646,PROD-TOP-002,286,Top,Flipkart,Tablet App,4,Positive,2024-09-11,22,True
REV-01647,PROD-BLOUSE-001,3809,Blouse,Amazon,Mobile Web,5,Positive,2022-08-06,87,True
REV-01648,PROD-BLOUSE-001,1318,Blouse,Flipkart,Desktop Web,5,Positive,2022-01-26,73,False
REV-01649,PROD-BLOUSE-001,3983,Blouse,Ajio,Tablet App,5,Positive,2022-01-24,98,True
REV-01650,PROD-TOP-002,4945,Top,Ajio,Mobile Web,4,Positive,2022-08-26,99,True
REV-01651,PROD-SAREE-001,915,Saree,Myntra,Tablet App,5,Positive,2024-01-18,68,True
REV-01652,PROD-KURTA-003,4835,kurta,Flipkart,Desktop Web,3,Neutral,2023-11-22,65,False
REV-01653,PROD-BOTTOM-001,2308,Bottom,Amazon,Mobile App,4,Positive,2024-08-09,111,True
REV-01654,PROD-BOTTOM-001,2068,Bottom,Ajio,Mobile Web,4,Positive,2024-01-27,86,True
REV-01655,PROD-KURTA-001,2403,kurta,Flipkart,Tablet App,4,Positive,2023-01-02,2,True
REV-01656,PROD-SAREE-001,4881,Saree,Amazon,Mobile Web,4,Positive,2022-03-14,93,True
REV-01657,PROD-LEHENGA-001,1436,Lehenga Choli,Amazon,Mobile App,5,Positive,2023-05-25,16,True
REV-01658,PROD-BOTTOM-002,2830,Bottom,Ajio,Desktop Web,4,Positive,2023-07-17,117,False
REV-01659,PROD-JACKET-001,2676,Jacket,Flipkart,Mobile App,4,Positive,2022-06-06,18,False
REV-01660,PROD-SET-001,2768,Set,Flipkart,Tablet App,4,Positive,2022-06-11,51,True
REV-01661,PROD-SET-003,650,Set,Ajio,Mobile App,5,Positive,2023-06-11,101,True
REV-01662,PROD-JACKET-001,4212,Jacket,Nalli,Desktop Web,4,Positive,2023-09-13,88,True
REV-01663,PROD-SAREE-002,3580,Saree,Flipkart,Desktop Web,5,Positive,2023-03-17,35,False
REV-01664,PROD-KURTA-002,2335,kurta,Flipkart,Mobile App,5,Positive,2023-01-07,52,True
REV-01665,PROD-KURTA-001,2251,kurta,Flipkart,Tablet App,5,Positive,2022-09-23,76,True
REV-01666,PROD-SET-001,2660,Set,Myntra,Mobile App,4,Positive,2022-02-07,78,True
REV-01667,PROD-SUIT-001,4877,Suit,Flipkart,Tablet App,5,Positive,2024-05-11,60,False
REV-01668,PROD-KURTA-001,2838,kurta,Ajio,Desktop Web,4,Positive,2023-10-17,59,True
REV-01669,PROD-DRESS-001,3196,Western Dress,Flipkart,Tablet App,4,Positive,2022-12-15,4,False
REV-01670,PROD-KURTA-003,681,kurta,Myntra,Mobile Web,5,Positive,2023-12-09,38,True
REV-01671,PROD-SAREE-001,243,Saree,Myntra,Desktop Web,4,Positive,2024-08-15,79,True
REV-01672,PROD-JACKET-001,2326,Jacket,Nalli,Tablet App,4,Positive,2022-02-17,30,True
REV-01673,PROD-LEHENGA-001,795,Lehenga Choli,Ajio,Desktop Web,3,Neutral,2022-09-10,27,True
REV-01674,PROD-JACKET-001,3286,Jacket,Nalli,Tablet App,4,Positive,2022-11-22,45,True
REV-01675,PROD-ETHNIC-001,2617,Ethnic Dress,Flipkart,Mobile App,5,Positive,2023-07-26,85,True
REV-01676,PROD-DUPATTA-001,1845,Dupatta,Ajio,Tablet App,4,Positive,2024-03-14,96,True
REV-01677,PROD-TOP-002,1286,Top,Myntra,Tablet App,5,Positive,2024-07-09,36,True
REV-01678,PROD-LEHENGA-001,1412,Lehenga Choli,Amazon,Tablet App,5,Positive,2024-08-08,74,True
REV-01679,PROD-ETHNIC-001,1837,Ethnic Dress,Myntra,Mobile App,4,Positive,2022-03-01,76,False
REV-01680,PROD-ETHNIC-001,4996,Ethnic Dress,Myntra,Desktop Web,5,Positive,2023-10-28,72,True
REV-01681,PROD-KURTA-003,4927,kurta,Ajio,Desktop Web,5,Positive,2022-02-16,108,True
REV-01682,PROD-BOTTOM-001,1436,Bottom,Ajio,Desktop Web,4,Positive,2023-05-06,41,True
REV-01683,PROD-TOP-002,1696,Top,Nalli,Tablet App,2,Negative,2022-03-05,58,True
REV-01684,PROD-SUIT-001,1449,Suit,Ajio,Mobile App,4,Positive,2023-05-11,102,False
REV-01685,PROD-SAREE-001,2006,Saree,Ajio,Mobile App,5,Positive,2022-11-23,0,True
REV-01686,PROD-ETHNIC-001,3157,Ethnic Dress,Amazon,Tablet App,5,Positive,2024-08-20,33,False
REV-01687,PROD-SET-001,195,Set,Ajio,Tablet App,5,Positive,2024-12-29,105,True
REV-01688,PROD-TOP-002,2977,Top,Ajio,Tablet App,5,Positive,2022-03-23,54,True
REV-01689,PROD-SET-001,4750,Set,Amazon,Desktop Web,3,Neutral,2023-06-22,46,True
REV-01690,PROD-SAREE-001,3954,Saree,Myntra,Mobile Web,3,Neutral,2023-05-13,12,True
REV-01691,PROD-KURTA-003,2005,kurta,Flipkart,Mobile Web,4,Positive,2024-10-03,37,True
REV-01692,PROD-SAREE-001,4655,Saree,Flipkart,Mobile App,5,Positive,2023-06-13,97,True
REV-01693,PROD-SET-002,1811,Set,Flipkart,Mobile Web,4,Positive,2022-02-23,91,True
REV-01694,PROD-TOP-002,4651,Top,Flipkart,Tablet App,5,Positive,2022-11-21,91,True
REV-01695,PROD-TOP-002,1201,Top,Nalli,Mobile Web,3,Neutral,2022-09-21,109,True
REV-01696,PROD-TOP-001,1734,Top,Nalli,Mobile Web,5,Positive,2022-02-27,18,False
REV-01697,PROD-KURTA-001,4234,kurta,Ajio,Tablet App,4,Positive,2024-11-07,79,True
REV-01698,PROD-SAREE-002,2575,Saree,Nalli,Mobile Web,5,Positive,2024-10-23,48,True
REV-01699,PROD-SET-003,1437,Set,Ajio,Tablet App,5,Positive,2024-09-14,1,True
REV-01700,PROD-SAREE-001,1838,Saree,Myntra,Mobile Web,4,Positive,2023-02-27,77,True
REV-01701,PROD-DRESS-001,4665,Western Dress,Amazon,Desktop Web,4,Positive,2024-07-29,94,True
REV-01702,PROD-SAREE-002,810,Saree,Flipkart,Mobile App,5,Positive,2024-03-27,34,False
REV-01703,PROD-LEHENGA-001,459,Lehenga Choli,Ajio,Desktop Web,5,Positive,2022-06-12,31,True
REV-01704,PROD-SET-003,1871,Set,Ajio,Desktop Web,5,Positive,2023-05-17,5,False
REV-01705,PROD-TOP-001,1557,Top,Amazon,Desktop Web,5,Positive,2022-07-07,66,True
REV-01706,PROD-KURTA-002,4798,kurta,Nalli,Tablet App,4,Positive,2023-05-15,59,True
REV-01707,PROD-LEHENGA-001,2613,Lehenga Choli,Amazon,Desktop Web,5,Positive,2022-04-15,61,True
REV-01708,PROD-BOTTOM-001,819,Bottom,Nalli,Desktop Web,3,Neutral,2023-02-09,76,True
REV-01709,PROD-TOP-002,914,Top,Ajio,Desktop Web,5,Positive,2024-05-30,75,False
REV-01710,PROD-BOTTOM-001,3336,Bottom,Nalli,Mobile Web,5,Positive,2023-05-31,63,True
REV-01711,PROD-SAREE-001,2325,Saree,Flipkart,Mobile Web,4,Positive,2024-11-19,111,False
REV-01712,PROD-DRESS-002,2530,Western Dress,Ajio,Mobile App,4,Positive,2024-10-27,96,True
REV-01713,PROD-BOTTOM-002,3855,Bottom,Ajio,Desktop Web,1,Negative,2024-11-09,22,True
REV-01714,PROD-ETHNIC-001,3631,Ethnic Dress,Flipkart,Desktop Web,5,Positive,2022-07-13,24,True
REV-01715,PROD-DRESS-002,2502,Western Dress,Flipkart,Tablet App,4,Positive,2024-10-24,13,True
REV-01716,PROD-SUIT-001,2653,Suit,Myntra,Desktop Web,4,Positive,2022-11-13,98,True
REV-01717,PROD-SET-003,2668,Set,Nalli,Tablet App,5,Positive,2022-11-18,83,False
REV-01718,PROD-ETHNIC-001,1874,Ethnic Dress,Flipkart,Tablet App,5,Positive,2023-07-06,119,True
REV-01719,PROD-SAREE-002,2900,Saree,Flipkart,Tablet App,3,Neutral,2023-11-15,39,True
REV-01720,PROD-JACKET-001,47,Jacket,Ajio,Mobile App,4,Positive,2024-05-04,52,True
REV-01721,PROD-SET-002,160,Set,Myntra,Desktop Web,5,Positive,2023-07-16,84,True
REV-01722,PROD-TOP-002,2637,Top,Ajio,Tablet App,5,Positive,2022-02-18,41,False
REV-01723,PROD-LEHENGA-001,4121,Lehenga Choli,Ajio,Mobile Web,5,Positive,2023-03-17,13,True
REV-01724,PROD-DRESS-002,4858,Western Dress,Ajio,Mobile App,3,Neutral,2024-09-09,99,True
REV-01725,PROD-BOTTOM-002,486,Bottom,Amazon,Mobile App,4,Positive,2024-02-08,81,True
REV-01726,PROD-TOP-001,2329,Top,Amazon,Tablet App,4,Positive,2024-06-16,17,True
REV-01727,PROD-SAREE-001,1244,Saree,Myntra,Mobile Web,5,Positive,2024-04-27,73,True
REV-01728,PROD-LEHENGA-001,2686,Lehenga Choli,Nalli,Mobile Web,3,Neutral,2023-05-18,71,False
REV-01729,PROD-TOP-002,558,Top,Flipkart,Mobile Web,5,Positive,2022-10-15,115,True
REV-01730,PROD-DRESS-001,1866,Western Dress,Ajio,Mobile Web,3,Neutral,2024-08-17,42,True
REV-01731,PROD-TOP-001,1150,Top,Amazon,Tablet App,4,Positive,2022-02-17,54,True
REV-01732,PROD-BOTTOM-002,494,Bottom,Nalli,Mobile Web,5,Positive,2024-12-18,2,False
REV-01733,PROD-ETHNIC-001,2680,Ethnic Dress,Nalli,Tablet App,5,Positive,2024-10-29,36,False
REV-01734,PROD-SAREE-001,4631,Saree,Amazon,Mobile App,5,Positive,2022-06-04,68,True
REV-01735,PROD-DUPATTA-001,4702,Dupatta,Ajio,Desktop Web,5,Positive,2022-06-29,96,True
REV-01736,PROD-ETHNIC-001,3697,Ethnic Dress,Myntra,Mobile Web,5,Positive,2024-08-11,9,True
REV-01737,PROD-JACKET-001,3543,Jacket,Amazon,Tablet App,4,Positive,2024-12-16,73,True
REV-01738,PROD-KURTA-001,155,kurta,Amazon,Desktop Web,5,Positive,2024-03-09,41,True
REV-01739,PROD-SET-002,4788,Set,Flipkart,Tablet App,4,Positive,2023-04-02,83,True
REV-01740,PROD-JACKET-001,1548,Jacket,Myntra,Desktop Web,5,Positive,2022-11-09,39,True
REV-01741,PROD-SET-001,1044,Set,Nalli,Mobile Web,1,Negative,2022-03-22,8,True
REV-01742,PROD-SAREE-001,1653,Saree,Flipkart,Desktop Web,5,Positive,2023-03-04,54,True
REV-01743,PROD-DRESS-002,2911,Western Dress,Amazon,Desktop Web,5,Positive,2023-03-21,112,True
REV-01744,PROD-SET-001,209,Set,Ajio,Desktop Web,5,Positive,2024-02-08,48,True
REV-01745,PROD-BOTTOM-001,1685,Bottom,Ajio,Mobile App,4,Positive,2023-02-11,11,True
REV-01746,PROD-DUPATTA-001,997,Dupatta,Myntra,Desktop Web,5,Positive,2024-11-23,15,True
REV-01747,PROD-SUIT-001,3401,Suit,Myntra,Desktop Web,4,Positive,2023-10-11,11,False
REV-01748,PROD-SAREE-002,918,Saree,Ajio,Mobile App,4,Positive,2024-11-07,0,True
REV-01749,PROD-ETHNIC-001,2906,Ethnic Dress,Flipkart,Mobile Web,4,Positive,2022-07-24,107,True
REV-01750,PROD-ETHNIC-001,1879,Ethnic Dress,Amazon,Tablet App,5,Positive,2023-09-08,112,True
REV-01751,PROD-KURTA-001,2649,kurta,Amazon,Desktop Web,5,Positive,2023-07-17,108,True
REV-01752,PROD-SET-003,4249,Set,Myntra,Desktop Web,5,Positive,2022-09-20,88,True
REV-01753,PROD-KURTA-002,2401,kurta,Flipkart,Tablet App,2,Negative,2023-03-06,105,True
REV-01754,PROD-ETHNIC-001,1241,Ethnic Dress,Myntra,Mobile Web,3,Neutral,2024-11-28,112,True
REV-01755,PROD-SET-003,2508,Set,Ajio,Mobile Web,1,Negative,2023-02-22,116,True
REV-01756,PROD-SUIT-001,2717,Suit,Amazon,Tablet App,4,Positive,2022-02-22,4,True
REV-01757,PROD-ETHNIC-001,4903,Ethnic Dress,Nalli,Desktop Web,2,Negative,2024-02-12,20,True
REV-01758,PROD-KURTA-001,755,kurta,Ajio,Mobile App,4,Positive,2023-04-02,14,True
REV-01759,PROD-BOTTOM-001,1102,Bottom,Nalli,Mobile App,5,Positive,2024-06-20,39,True
REV-01760,PROD-BOTTOM-002,1051,Bottom,Flipkart,Mobile Web,5,Positive,2023-06-11,78,True
REV-01761,PROD-BOTTOM-002,1031,Bottom,Myntra,Desktop Web,4,Positive,2023-02-06,103,True
REV-01762,PROD-DRESS-002,3309,Western Dress,Flipkart,Mobile App,5,Positive,2022-07-14,31,True
REV-01763,PROD-TOP-001,2693,Top,Ajio,Mobile Web,3,Neutral,2023-09-09,97,True
REV-01764,PROD-SAREE-001,4747,Saree,Amazon,Tablet App,4,Positive,2022-10-25,80,True
REV-01765,PROD-DRESS-001,1172,Western Dress,Amazon,Desktop Web,5,Positive,2022-01-30,20,True
REV-01766,PROD-SAREE-001,3964,Saree,Flipkart,Desktop Web,1,Negative,2024-09-11,80,False
REV-01767,PROD-BLOUSE-001,3713,Blouse,Nalli,Mobile Web,4,Positive,2023-03-16,69,True
REV-01768,PROD-SET-001,2764,Set,Flipkart,Desktop Web,5,Positive,2024-11-19,32,True
REV-01769,PROD-BOTTOM-002,791,Bottom,Flipkart,Mobile Web,5,Positive,2024-07-23,8,True
REV-01770,PROD-ETHNIC-001,775,Ethnic Dress,Myntra,Tablet App,5,Positive,2022-09-16,106,True
REV-01771,PROD-SET-001,1035,Set,Flipkart,Mobile Web,5,Positive,2023-08-29,57,True
REV-01772,PROD-LEHENGA-001,4135,Lehenga Choli,Myntra,Tablet App,5,Positive,2022-06-19,104,False
REV-01773,PROD-DRESS-001,137,Western Dress,Myntra,Mobile Web,3,Neutral,2023-03-31,67,False
REV-01774,PROD-SET-002,4302,Set,Amazon,Mobile Web,5,Positive,2024-12-22,69,True
REV-01775,PROD-DUPATTA-001,821,Dupatta,Myntra,Desktop Web,3,Neutral,2022-11-22,107,True
REV-01776,PROD-LEHENGA-001,1657,Lehenga Choli,Flipkart,Mobile App,5,Positive,2024-05-18,51,True
REV-01777,PROD-BLOUSE-001,3904,Blouse,Ajio,Mobile Web,5,Positive,2024-05-12,17,True
REV-01778,PROD-KURTA-001,1711,kurta,Nalli,Mobile App,2,Negative,2023-10-01,7,True
REV-01779,PROD-SET-002,1987,Set,Ajio,Desktop Web,3,Neutral,2022-11-25,82,True
REV-01780,PROD-BLOUSE-001,2871,Blouse,Amazon,Desktop Web,5,Positive,2023-05-25,35,True
REV-01781,PROD-BLOUSE-001,1687,Blouse,Ajio,Desktop Web,3,Neutral,2022-11-07,86,True
REV-01782,PROD-SAREE-001,4265,Saree,Flipkart,Mobile App,1,Negative,2022-08-29,98,False
REV-01783,PROD-BOTTOM-002,2448,Bottom,Amazon,Tablet App,4,Positive,2024-06-16,19,True
REV-01784,PROD-SAREE-001,3126,Saree,Flipkart,Mobile App,5,Positive,2022-03-25,80,True
REV-01785,PROD-ETHNIC-001,2385,Ethnic Dress,Myntra,Mobile App,5,Positive,2024-09-24,11,False
REV-01786,PROD-SUIT-001,4052,Suit,Ajio,Tablet App,5,Positive,2023-05-10,7,True
REV-01787,PROD-TOP-001,2062,Top,Nalli,Mobile Web,5,Positive,2023-07-19,53,True
REV-01788,PROD-SAREE-002,3978,Saree,Myntra,Tablet App,3,Neutral,2022-07-27,28,False
REV-01789,PROD-ETHNIC-001,3997,Ethnic Dress,Nalli,Tablet App,5,Positive,2022-08-01,77,False
REV-01790,PROD-BLOUSE-001,4837,Blouse,Amazon,Mobile App,2,Negative,2022-08-09,15,True
REV-01791,PROD-SAREE-002,3226,Saree,Amazon,Mobile Web,5,Positive,2024-05-13,82,True
REV-01792,PROD-BOTTOM-001,306,Bottom,Ajio,Tablet App,5,Positive,2024-12-06,85,True
REV-01793,PROD-DRESS-001,2695,Western Dress,Amazon,Mobile Web,5,Positive,2022-02-19,117,True
REV-01794,PROD-KURTA-001,2938,kurta,Flipkart,Mobile Web,5,Positive,2023-06-04,31,True
REV-01795,PROD-BOTTOM-001,3754,Bottom,Flipkart,Desktop Web,5,Positive,2023-10-27,26,False
REV-01796,PROD-LEHENGA-001,2856,Lehenga Choli,Myntra,Tablet App,5,Positive,2024-04-01,109,True
REV-01797,PROD-SAREE-001,2594,Saree,Flipkart,Mobile App,4,Positive,2023-04-12,117,True
REV-01798,PROD-BLOUSE-001,1526,Blouse,Ajio,Desktop Web,4,Positive,2024-10-15,33,True
REV-01799,PROD-SAREE-002,2962,Saree,Myntra,Desktop Web,4,Positive,2024-06-15,41,True
REV-01800,PROD-SET-001,4147,Set,Nalli,Mobile Web,3,Neutral,2023-09-28,96,False
REV-01801,PROD-LEHENGA-001,1628,Lehenga Choli,Amazon,Mobile App,3,Neutral,2022-06-05,91,False
REV-01802,PROD-BLOUSE-001,2787,Blouse,Nalli,Mobile Web,5,Positive,2022-10-26,50,True
REV-01803,PROD-BLOUSE-001,4671,Blouse,Amazon,Mobile Web,3,Neutral,2023-08-25,28,True
REV-01804,PROD-KURTA-002,2243,kurta,Amazon,Tablet App,4,Positive,2022-11-14,28,True
REV-01805,PROD-DRESS-002,1770,Western Dress,Myntra,Mobile App,5,Positive,2024-06-20,37,True
REV-01806,PROD-KURTA-001,3596,kurta,Ajio,Desktop Web,5,Positive,2024-09-16,52,True
REV-01807,PROD-DUPATTA-001,2143,Dupatta,Flipkart,Mobile Web,5,Positive,2024-03-03,55,True
REV-01808,PROD-SAREE-002,2623,Saree,Nalli,Mobile Web,5,Positive,2023-04-26,9,True
REV-01809,PROD-SAREE-001,4410,Saree,Nalli,Desktop Web,5,Positive,2023-05-21,12,False
REV-01810,PROD-BOTTOM-002,4949,Bottom,Myntra,Mobile Web,4,Positive,2022-08-03,91,False
REV-01811,PROD-DRESS-002,3771,Western Dress,Nalli,Tablet App,4,Positive,2022-04-19,63,False
REV-01812,PROD-ETHNIC-001,182,Ethnic Dress,Nalli,Tablet App,2,Negative,2022-12-17,71,True
REV-01813,PROD-SAREE-002,523,Saree,Flipkart,Mobile App,4,Positive,2022-10-30,92,True
REV-01814,PROD-JACKET-001,4897,Jacket,Ajio,Tablet App,4,Positive,2022-02-26,90,True
REV-01815,PROD-BLOUSE-001,2539,Blouse,Nalli,Mobile Web,4,Positive,2024-07-14,42,True
REV-01816,PROD-JACKET-001,3336,Jacket,Myntra,Mobile Web,5,Positive,2024-11-06,110,True
REV-01817,PROD-SUIT-001,4813,Suit,Amazon,Mobile App,2,Negative,2024-01-04,78,True
REV-01818,PROD-DUPATTA-001,1595,Dupatta,Myntra,Desktop Web,4,Positive,2022-11-27,106,True
REV-01819,PROD-KURTA-001,979,kurta,Flipkart,Mobile App,5,Positive,2024-10-10,12,True
REV-01820,PROD-JACKET-001,3339,Jacket,Ajio,Tablet App,5,Positive,2024-03-04,17,True
REV-01821,PROD-SET-003,1454,Set,Ajio,Mobile Web,3,Neutral,2023-12-29,63,True
REV-01822,PROD-SET-003,1857,Set,Flipkart,Mobile App,4,Positive,2023-02-15,43,True
REV-01823,PROD-SET-001,4966,Set,Amazon,Mobile App,4,Positive,2022-02-11,87,True
REV-01824,PROD-SET-001,104,Set,Amazon,Mobile Web,3,Neutral,2024-12-19,49,True
REV-01825,PROD-KURTA-001,569,kurta,Myntra,Desktop Web,5,Positive,2024-02-07,81,False
REV-01826,PROD-BOTTOM-002,2829,Bottom,Amazon,Desktop Web,3,Neutral,2023-03-24,76,True
REV-01827,PROD-JACKET-001,1455,Jacket,Nalli,Desktop Web,3,Neutral,2024-06-21,104,True
REV-01828,PROD-KURTA-001,2554,kurta,Flipkart,Mobile App,5,Positive,2022-09-04,44,True
REV-01829,PROD-JACKET-001,4077,Jacket,Myntra,Desktop Web,4,Positive,2022-07-24,78,True
REV-01830,PROD-BOTTOM-001,3670,Bottom,Amazon,Mobile App,5,Positive,2024-03-07,43,True
REV-01831,PROD-SAREE-002,1543,Saree,Ajio,Mobile App,3,Neutral,2024-10-02,45,True
REV-01832,PROD-BOTTOM-002,4259,Bottom,Amazon,Mobile Web,5,Positive,2022-07-22,116,False
REV-01833,PROD-JACKET-001,4274,Jacket,Ajio,Desktop Web,5,Positive,2024-12-25,36,True
REV-01834,PROD-SET-002,2400,Set,Ajio,Tablet App,4,Positive,2023-02-10,55,True
REV-01835,PROD-KURTA-003,855,kurta,Flipkart,Tablet App,4,Positive,2024-10-03,78,True
REV-01836,PROD-TOP-002,452,Top,Nalli,Mobile App,4,Positive,2023-08-12,24,True
REV-01837,PROD-TOP-002,2570,Top,Amazon,Mobile App,5,Positive,2022-12-22,6,True
REV-01838,PROD-BLOUSE-001,3554,Blouse,Nalli,Desktop Web,3,Neutral,2022-04-18,65,True
REV-01839,PROD-KURTA-002,3746,kurta,Myntra,Desktop Web,5,Positive,2022-07-22,91,True
REV-01840,PROD-KURTA-003,1694,kurta,Nalli,Mobile App,5,Positive,2024-10-11,5,True
REV-01841,PROD-DRESS-001,2380,Western Dress,Amazon,Desktop Web,5,Positive,2022-08-27,84,True
REV-01842,PROD-SET-003,3046,Set,Ajio,Mobile App,5,Positive,2023-04-13,19,True
REV-01843,PROD-SUIT-001,3464,Suit,Nalli,Mobile Web,4,Positive,2023-06-13,26,True
REV-01844,PROD-ETHNIC-001,3389,Ethnic Dress,Ajio,Mobile Web,5,Positive,2024-05-01,107,True
REV-01845,PROD-BOTTOM-002,3240,Bottom,Amazon,Tablet App,4,Positive,2022-01-22,16,True
REV-01846,PROD-KURTA-003,1302,kurta,Ajio,Mobile App,5,Positive,2022-08-25,23,False
REV-01847,PROD-SAREE-001,3263,Saree,Flipkart,Mobile Web,3,Neutral,2023-06-10,36,False
REV-01848,PROD-TOP-001,3236,Top,Myntra,Mobile App,3,Neutral,2022-09-02,71,True
REV-01849,PROD-DRESS-001,3842,Western Dress,Ajio,Mobile App,3,Neutral,2022-03-15,14,True
REV-01850,PROD-KURTA-002,685,kurta,Amazon,Desktop Web,5,Positive,2023-01-13,55,False
REV-01851,PROD-SAREE-002,3622,Saree,Nalli,Mobile App,4,Positive,2022-10-20,84,False
REV-01852,PROD-DRESS-001,359,Western Dress,Nalli,Mobile App,5,Positive,2023-10-14,19,True
REV-01853,PROD-TOP-001,3785,Top,Myntra,Mobile App,5,Positive,2023-12-19,50,True
REV-01854,PROD-SET-002,522,Set,Myntra,Desktop Web,5,Positive,2024-11-01,80,True
REV-01855,PROD-SAREE-001,208,Saree,Ajio,Mobile App,5,Positive,2024-06-17,107,True
REV-01856,PROD-SUIT-001,1175,Suit,Nalli,Mobile Web,4,Positive,2022-11-26,7,True
REV-01857,PROD-KURTA-003,144,kurta,Nalli,Desktop Web,4,Positive,2024-12-30,92,True
REV-01858,PROD-SAREE-002,1915,Saree,Amazon,Tablet App,2,Negative,2022-08-01,0,False
REV-01859,PROD-KURTA-002,1840,kurta,Amazon,Mobile App,5,Positive,2022-09-03,2,True
REV-01860,PROD-JACKET-001,3169,Jacket,Ajio,Desktop Web,5,Positive,2023-08-02,87,True
REV-01861,PROD-SUIT-001,3926,Suit,Myntra,Tablet App,4,Positive,2024-07-20,68,True
REV-01862,PROD-DRESS-002,3183,Western Dress,Flipkart,Desktop Web,3,Neutral,2022-12-24,47,True
REV-01863,PROD-ETHNIC-001,349,Ethnic Dress,Ajio,Tablet App,5,Positive,2022-10-22,90,False
REV-01864,PROD-DRESS-002,2892,Western Dress,Myntra,Tablet App,5,Positive,2022-09-14,53,True
REV-01865,PROD-BOTTOM-001,3183,Bottom,Ajio,Mobile Web,5,Positive,2024-06-28,43,True
REV-01866,PROD-BLOUSE-001,1687,Blouse,Myntra,Desktop Web,3,Neutral,2024-12-21,91,True
REV-01867,PROD-JACKET-001,3796,Jacket,Nalli,Tablet App,3,Neutral,2024-01-15,47,True
REV-01868,PROD-DRESS-001,891,Western Dress,Nalli,Tablet App,4,Positive,2024-08-21,38,False
REV-01869,PROD-ETHNIC-001,2767,Ethnic Dress,Nalli,Desktop Web,2,Negative,2023-03-21,84,True
REV-01870,PROD-DUPATTA-001,196,Dupatta,Myntra,Tablet App,4,Positive,2024-06-26,72,True
REV-01871,PROD-TOP-001,3293,Top,Nalli,Desktop Web,5,Positive,2022-11-16,19,True
REV-01872,PROD-SAREE-001,3987,Saree,Flipkart,Mobile App,4,Positive,2022-09-25,86,True
REV-01873,PROD-KURTA-003,433,kurta,Flipkart,Mobile App,3,Neutral,2022-01-18,40,True
REV-01874,PROD-DRESS-001,2520,Western Dress,Amazon,Mobile Web,5,Positive,2023-03-13,79,True
REV-01875,PROD-JACKET-001,3892,Jacket,Flipkart,Desktop Web,5,Positive,2024-07-03,37,True
REV-01876,PROD-SET-001,1246,Set,Myntra,Tablet App,5,Positive,2022-11-24,15,False
REV-01877,PROD-SUIT-001,2304,Suit,Myntra,Mobile App,4,Positive,2024-08-19,84,True
REV-01878,PROD-BOTTOM-001,1111,Bottom,Ajio,Tablet App,3,Neutral,2022-03-22,48,True
REV-01879,PROD-SET-003,3613,Set,Nalli,Desktop Web,5,Positive,2024-01-13,57,True
REV-01880,PROD-BOTTOM-002,2784,Bottom,Amazon,Mobile Web,5,Positive,2023-12-06,8,True
REV-01881,PROD-SET-002,1225,Set,Amazon,Desktop Web,5,Positive,2024-03-17,81,True
REV-01882,PROD-TOP-002,2906,Top,Nalli,Tablet App,5,Positive,2022-06-20,2,False
REV-01883,PROD-JACKET-001,2992,Jacket,Flipkart,Desktop Web,4,Positive,2022-12-13,65,True
REV-01884,PROD-DUPATTA-001,4011,Dupatta,Flipkart,Desktop Web,5,Positive,2022-02-18,6,True
REV-01885,PROD-TOP-002,2765,Top,Amazon,Mobile Web,4,Positive,2024-06-05,95,True
REV-01886,PROD-KURTA-003,1071,kurta,Nalli,Mobile App,4,Positive,2022-03-06,94,False
REV-01887,PROD-KURTA-001,3852,kurta,Ajio,Tablet App,4,Positive,2023-02-13,4,True
REV-01888,PROD-BLOUSE-001,3478,Blouse,Ajio,Mobile Web,4,Positive,2024-11-15,16,True
REV-01889,PROD-TOP-001,2308,Top,Flipkart,Mobile App,5,Positive,2024-09-28,116,True
REV-01890,PROD-KURTA-003,4169,kurta,Amazon,Mobile App,5,Positive,2023-10-15,103,True
REV-01891,PROD-SET-001,3059,Set,Amazon,Desktop Web,4,Positive,2022-12-29,73,True
REV-01892,PROD-KURTA-003,111,kurta,Flipkart,Mobile App,5,Positive,2022-01-20,19,False
REV-01893,PROD-BOTTOM-001,867,Bottom,Nalli,Mobile App,5,Positive,2023-11-09,7,True
REV-01894,PROD-DRESS-001,1521,Western Dress,Amazon,Mobile App,5,Positive,2022-06-16,0,True
REV-01895,PROD-DRESS-002,3170,Western Dress,Flipkart,Desktop Web,4,Positive,2022-06-12,60,True
REV-01896,PROD-BOTTOM-002,3844,Bottom,Flipkart,Mobile App,5,Positive,2023-01-17,56,True
REV-01897,PROD-DUPATTA-001,1620,Dupatta,Flipkart,Desktop Web,1,Negative,2022-12-27,112,False
REV-01898,PROD-JACKET-001,621,Jacket,Myntra,Desktop Web,5,Positive,2022-09-11,108,True
REV-01899,PROD-DRESS-002,4928,Western Dress,Ajio,Mobile Web,3,Neutral,2023-08-31,27,True
REV-01900,PROD-TOP-001,4347,Top,Amazon,Mobile Web,5,Positive,2023-05-09,36,True
REV-01901,PROD-KURTA-003,2820,kurta,Amazon,Tablet App,2,Negative,2024-10-08,10,True
REV-01902,PROD-KURTA-001,2609,kurta,Nalli,Mobile Web,5,Positive,2022-06-30,89,False
REV-01903,PROD-KURTA-003,3693,kurta,Flipkart,Tablet App,5,Positive,2023-10-16,47,True
REV-01904,PROD-TOP-002,4473,Top,Myntra,Desktop Web,5,Positive,2023-10-04,75,True
REV-01905,PROD-KURTA-002,3809,kurta,Ajio,Mobile Web,5,Positive,2024-04-19,118,True
REV-01906,PROD-BOTTOM-001,3705,Bottom,Myntra,Desktop Web,5,Positive,2024-08-09,94,True
REV-01907,PROD-ETHNIC-001,2595,Ethnic Dress,Ajio,Desktop Web,5,Positive,2022-10-13,51,True
REV-01908,PROD-KURTA-001,1238,kurta,Nalli,Desktop Web,4,Positive,2022-12-20,27,True
REV-01909,PROD-KURTA-001,2220,kurta,Flipkart,Desktop Web,4,Positive,2022-11-03,2,True
REV-01910,PROD-BLOUSE-001,1866,Blouse,Myntra,Tablet App,3,Neutral,2023-07-23,77,True
REV-01911,PROD-ETHNIC-001,3993,Ethnic Dress,Amazon,Mobile Web,4,Positive,2022-11-24,13,True
REV-01912,PROD-SAREE-001,1159,Saree,Myntra,Tablet App,5,Positive,2023-08-16,102,True
REV-01913,PROD-ETHNIC-001,1300,Ethnic Dress,Flipkart,Mobile Web,4,Positive,2023-09-23,87,False
REV-01914,PROD-ETHNIC-001,4339,Ethnic Dress,Flipkart,Mobile Web,5,Positive,2022-09-23,92,True
REV-01915,PROD-SET-002,518,Set,Amazon,Tablet App,4,Positive,2024-08-27,47,True
REV-01916,PROD-DRESS-002,1913,Western Dress,Flipkart,Tablet App,4,Positive,2023-10-31,100,True
REV-01917,PROD-LEHENGA-001,1593,Lehenga Choli,Myntra,Mobile Web,4,Positive,2023-11-10,100,False
REV-01918,PROD-DRESS-002,2041,Western Dress,Ajio,Tablet App,5,Positive,2023-05-01,113,True
REV-01919,PROD-SAREE-001,3147,Saree,Myntra,Mobile Web,4,Positive,2022-07-15,10,False
REV-01920,PROD-BOTTOM-002,549,Bottom,Ajio,Tablet App,4,Positive,2023-06-29,99,True
REV-01921,PROD-TOP-001,484,Top,Ajio,Desktop Web,5,Positive,2024-01-16,28,True
REV-01922,PROD-SAREE-001,4603,Saree,Myntra,Mobile Web,4,Positive,2024-09-15,40,True
REV-01923,PROD-SAREE-001,1542,Saree,Nalli,Mobile App,5,Positive,2023-02-14,37,True
REV-01924,PROD-DRESS-001,2314,Western Dress,Myntra,Tablet App,4,Positive,2024-10-29,54,True
REV-01925,PROD-TOP-002,2426,Top,Amazon,Mobile App,4,Positive,2022-10-23,83,True
REV-01926,PROD-KURTA-003,3660,kurta,Ajio,Desktop Web,4,Positive,2022-10-30,76,True
REV-01927,PROD-SAREE-001,3736,Saree,Flipkart,Desktop Web,3,Neutral,2023-07-15,90,False
REV-01928,PROD-BOTTOM-001,2645,Bottom,Amazon,Mobile App,4,Positive,2022-09-21,6,True
REV-01929,PROD-LEHENGA-001,2583,Lehenga Choli,Ajio,Mobile App,4,Positive,2022-10-18,80,True
REV-01930,PROD-SAREE-001,283,Saree,Flipkart,Mobile Web,4,Positive,2023-10-31,72,False
REV-01931,PROD-KURTA-002,1081,kurta,Ajio,Mobile App,5,Positive,2022-04-25,118,True
REV-01932,PROD-SET-002,1339,Set,Myntra,Mobile App,3,Neutral,2024-12-06,96,True
REV-01933,PROD-SAREE-002,2815,Saree,Amazon,Tablet App,4,Positive,2024-04-25,51,False
REV-01934,PROD-KURTA-002,1270,kurta,Nalli,Mobile App,4,Positive,2024-03-21,104,True
REV-01935,PROD-BOTTOM-001,1863,Bottom,Myntra,Mobile App,3,Neutral,2023-06-19,82,False
REV-01936,PROD-KURTA-001,3922,kurta,Amazon,Mobile App,2,Negative,2023-04-07,28,True
REV-01937,PROD-SET-002,4101,Set,Flipkart,Mobile Web,5,Positive,2022-10-09,49,True
REV-01938,PROD-KURTA-001,4033,kurta,Amazon,Tablet App,4,Positive,2023-08-17,70,True
REV-01939,PROD-KURTA-002,1711,kurta,Myntra,Tablet App,4,Positive,2022-03-15,0,True
REV-01940,PROD-KURTA-003,4171,kurta,Myntra,Tablet App,5,Positive,2024-01-24,27,True
REV-01941,PROD-LEHENGA-001,2177,Lehenga Choli,Nalli,Mobile Web,1,Negative,2023-07-31,65,True
REV-01942,PROD-SET-003,2741,Set,Myntra,Mobile Web,5,Positive,2023-06-09,114,True
REV-01943,PROD-BLOUSE-001,3700,Blouse,Amazon,Tablet App,3,Neutral,2023-08-08,77,False
REV-01944,PROD-BLOUSE-001,342,Blouse,Ajio,Mobile App,4,Positive,2022-08-19,95,True
REV-01945,PROD-DRESS-001,1756,Western Dress,Nalli,Mobile Web,5,Positive,2023-09-04,46,True
REV-01946,PROD-KURTA-002,4644,kurta,Flipkart,Desktop Web,5,Positive,2023-04-16,65,True
REV-01947,PROD-TOP-002,2736,Top,Myntra,Tablet App,1,Negative,2023-01-06,92,True
REV-01948,PROD-SAREE-001,4931,Saree,Myntra,Tablet App,4,Positive,2024-03-11,61,False
REV-01949,PROD-SUIT-001,637,Suit,Nalli,Mobile App,4,Positive,2023-05-24,113,True
REV-01950,PROD-KURTA-001,2247,kurta,Amazon,Mobile Web,5,Positive,2022-01-23,56,True
REV-01951,PROD-JACKET-001,439,Jacket,Flipkart,Desktop Web,5,Positive,2022-07-19,82,True
REV-01952,PROD-ETHNIC-001,624,Ethnic Dress,Flipkart,Tablet App,5,Positive,2024-02-03,83,True
REV-01953,PROD-TOP-002,2475,Top,Myntra,Mobile Web,5,Positive,2022-09-03,58,True
REV-01954,PROD-SET-001,3904,Set,Myntra,Mobile App,5,Positive,2022-03-04,14,True
REV-01955,PROD-DRESS-002,2213,Western Dress,Amazon,Tablet App,4,Positive,2023-07-14,8,True
REV-01956,PROD-DRESS-001,245,Western Dress,Amazon,Tablet App,2,Negative,2024-02-12,55,True
REV-01957,PROD-ETHNIC-001,4725,Ethnic Dress,Amazon,Mobile App,3,Neutral,2022-01-28,98,True
REV-01958,PROD-TOP-002,2190,Top,Amazon,Mobile Web,5,Positive,2023-02-20,111,True
REV-01959,PROD-DRESS-002,362,Western Dress,Nalli,Tablet App,5,Positive,2022-01-04,71,True
REV-01960,PROD-DRESS-002,2348,Western Dress,Flipkart,Mobile App,5,Positive,2022-04-07,76,True
REV-01961,PROD-BOTTOM-001,3058,Bottom,Flipkart,Desktop Web,5,Positive,2022-12-02,41,True
REV-01962,PROD-ETHNIC-001,3049,Ethnic Dress,Ajio,Mobile Web,3,Neutral,2024-04-02,98,True
REV-01963,PROD-SET-002,4443,Set,Ajio,Mobile Web,5,Positive,2024-10-09,55,True
REV-01964,PROD-SUIT-001,2727,Suit,Flipkart,Tablet App,4,Positive,2022-10-09,57,False
REV-01965,PROD-SET-003,4149,Set,Myntra,Mobile Web,5,Positive,2023-12-05,69,True
REV-01966,PROD-JACKET-001,3247,Jacket,Amazon,Tablet App,3,Neutral,2023-02-26,112,True
REV-01967,PROD-DUPATTA-001,851,Dupatta,Nalli,Mobile App,4,Positive,2024-11-30,32,False
REV-01968,PROD-SET-003,4008,Set,Amazon,Mobile Web,5,Positive,2023-11-17,93,True
REV-01969,PROD-LEHENGA-001,3218,Lehenga Choli,Myntra,Mobile Web,5,Positive,2024-12-07,95,True
REV-01970,PROD-SET-001,1276,Set,Myntra,Mobile App,4,Positive,2024-07-18,114,False
REV-01971,PROD-SET-001,2512,Set,Myntra,Tablet App,4,Positive,2022-05-28,38,True
REV-01972,PROD-LEHENGA-001,193,Lehenga Choli,Amazon,Mobile App,5,Positive,2023-01-27,37,True
REV-01973,PROD-DRESS-001,550,Western Dress,Flipkart,Tablet App,3,Neutral,2022-05-27,15,True
REV-01974,PROD-SAREE-002,4896,Saree,Flipkart,Mobile Web,5,Positive,2022-01-22,49,True
REV-01975,PROD-DRESS-001,4861,Western Dress,Amazon,Tablet App,4,Positive,2024-09-06,4,True
REV-01976,PROD-SAREE-001,3880,Saree,Ajio,Mobile App,4,Positive,2023-06-08,54,False
REV-01977,PROD-SUIT-001,224,Suit,Ajio,Mobile App,5,Positive,2024-10-01,62,True
REV-01978,PROD-BOTTOM-002,680,Bottom,Myntra,Mobile App,4,Positive,2022-07-08,58,True
REV-01979,PROD-SAREE-001,282,Saree,Flipkart,Mobile Web,4,Positive,2024-08-19,70,True
REV-01980,PROD-DRESS-001,85,Western Dress,Myntra,Mobile App,5,Positive,2022-07-14,119,False
REV-01981,PROD-BOTTOM-001,3795,Bottom,Flipkart,Tablet App,2,Negative,2023-01-07,102,False
REV-01982,PROD-KURTA-002,4234,kurta,Ajio,Desktop Web,4,Positive,2022-08-29,115,True
REV-01983,PROD-TOP-002,2379,Top,Nalli,Mobile Web,5,Positive,2022-03-23,54,True
REV-01984,PROD-SET-002,1632,Set,Ajio,Tablet App,5,Positive,2022-06-07,31,True
REV-01985,PROD-BLOUSE-001,3087,Blouse,Amazon,Mobile Web,5,Positive,2022-12-28,23,True
REV-01986,PROD-SAREE-001,1874,Saree,Ajio,Mobile App,5,Positive,2024-10-07,12,True
REV-01987,PROD-SET-002,3589,Set,Ajio,Mobile Web,3,Neutral,2022-02-18,101,True
REV-01988,PROD-KURTA-001,4453,kurta,Amazon,Tablet App,5,Positive,2024-01-25,60,True
REV-01989,PROD-TOP-001,549,Top,Amazon,Mobile App,4,Positive,2024-05-14,33,True
REV-01990,PROD-BOTTOM-002,1127,Bottom,Amazon,Mobile App,4,Positive,2023-05-14,20,True
REV-01991,PROD-JACKET-001,3655,Jacket,Nalli,Mobile Web,3,Neutral,2023-02-07,71,True
REV-01992,PROD-BOTTOM-002,4769,Bottom,Ajio,Mobile App,2,Negative,2023-01-15,71,True
REV-01993,PROD-DRESS-002,1092,Western Dress,Ajio,Mobile App,4,Positive,2023-09-08,47,True
REV-01994,PROD-DUPATTA-001,4298,Dupatta,Flipkart,Mobile App,5,Positive,2022-08-19,38,True
REV-01995,PROD-SAREE-001,1750,Saree,Myntra,Tablet App,5,Positive,2024-09-10,61,True
REV-01996,PROD-DRESS-001,4531,Western Dress,Nalli,Mobile App,3,Neutral,2024-03-05,18,True
REV-01997,PROD-DUPATTA-001,3914,Dupatta,Nalli,Mobile App,3,Neutral,2022-05-20,72,True
REV-01998,PROD-DRESS-002,2964,Western Dress,Myntra,Mobile Web,5,Positive,2024-04-26,52,True
REV-01999,PROD-ETHNIC-001,3233,Ethnic Dress,Amazon,Desktop Web,2,Negative,2023-10-19,85,True
REV-02000,PROD-BLOUSE-001,1044,Blouse,Ajio,Tablet App,4,Positive,2023-04-06,82,True
REV-02001,PROD-DRESS-002,4073,Western Dress,Amazon,Tablet App,5,Positive,2023-08-13,76,True
REV-02002,PROD-ETHNIC-001,1193,Ethnic Dress,Amazon,Mobile Web,2,Negative,2022-06-23,35,True
REV-02003,PROD-TOP-001,2487,Top,Nalli,Mobile Web,4,Positive,2023-12-01,117,True
REV-02004,PROD-BOTTOM-002,4830,Bottom,Nalli,Desktop Web,4,Positive,2024-03-01,60,True
REV-02005,PROD-KURTA-003,4365,kurta,Nalli,Mobile App,5,Positive,2023-12-03,32,True
REV-02006,PROD-TOP-001,1867,Top,Flipkart,Mobile Web,5,Positive,2024-11-17,116,True
REV-02007,PROD-JACKET-001,1572,Jacket,Flipkart,Tablet App,3,Neutral,2023-09-20,35,True
REV-02008,PROD-SUIT-001,1141,Suit,Flipkart,Desktop Web,4,Positive,2023-01-21,87,True
REV-02009,PROD-LEHENGA-001,3791,Lehenga Choli,Nalli,Desktop Web,5,Positive,2023-02-23,15,True
REV-02010,PROD-DRESS-002,1500,Western Dress,Ajio,Mobile Web,4,Positive,2023-11-22,31,True
REV-02011,PROD-BOTTOM-002,4403,Bottom,Flipkart,Desktop Web,5,Positive,2024-07-29,32,False
REV-02012,PROD-KURTA-003,4512,kurta,Ajio,Mobile App,4,Positive,2024-02-11,8,True
REV-02013,PROD-TOP-001,4511,Top,Nalli,Mobile Web,5,Positive,2024-07-20,65,False
REV-02014,PROD-ETHNIC-001,3504,Ethnic Dress,Ajio,Mobile App,3,Neutral,2022-04-15,60,True
REV-02015,PROD-BLOUSE-001,1484,Blouse,Amazon,Mobile Web,4,Positive,2022-10-14,97,True
REV-02016,PROD-KURTA-002,881,kurta,Nalli,Mobile Web,5,Positive,2023-07-23,16,True
REV-02017,PROD-ETHNIC-001,81,Ethnic Dress,Amazon,Mobile Web,4,Positive,2022-05-03,79,True
REV-02018,PROD-TOP-002,1806,Top,Nalli,Mobile Web,4,Positive,2023-04-18,118,False
REV-02019,PROD-SAREE-002,189,Saree,Nalli,Mobile Web,5,Positive,2022-11-07,97,True
REV-02020,PROD-SET-003,1665,Set,Nalli,Mobile App,5,Positive,2024-02-24,20,True
REV-02021,PROD-JACKET-001,3984,Jacket,Amazon,Mobile App,5,Positive,2023-07-07,31,True
REV-02022,PROD-DRESS-002,1422,Western Dress,Myntra,Mobile Web,4,Positive,2022-12-06,13,True
REV-02023,PROD-DRESS-002,4749,Western Dress,Nalli,Tablet App,5,Positive,2024-06-10,57,True
REV-02024,PROD-DRESS-002,3347,Western Dress,Ajio,Tablet App,3,Neutral,2022-06-17,19,True
REV-02025,PROD-SUIT-001,4435,Suit,Flipkart,Desktop Web,5,Positive,2022-02-17,112,True
REV-02026,PROD-ETHNIC-001,2805,Ethnic Dress,Flipkart,Mobile App,5,Positive,2024-12-09,63,False
REV-02027,PROD-SUIT-001,4969,Suit,Myntra,Mobile Web,4,Positive,2024-06-24,18,True
REV-02028,PROD-SUIT-001,1380,Suit,Ajio,Desktop Web,5,Positive,2024-02-13,27,True
REV-02029,PROD-SAREE-002,2382,Saree,Myntra,Tablet App,4,Positive,2023-05-25,76,True
REV-02030,PROD-KURTA-001,530,kurta,Ajio,Mobile App,5,Positive,2023-05-15,49,False
REV-02031,PROD-SAREE-002,4022,Saree,Ajio,Tablet App,4,Positive,2022-02-11,116,True
REV-02032,PROD-KURTA-003,1873,kurta,Flipkart,Mobile Web,4,Positive,2023-12-15,116,True
REV-02033,PROD-BOTTOM-002,4797,Bottom,Nalli,Desktop Web,3,Neutral,2023-03-25,108,True
REV-02034,PROD-BLOUSE-001,738,Blouse,Myntra,Mobile App,4,Positive,2023-04-14,78,False
REV-02035,PROD-KURTA-002,2091,kurta,Ajio,Desktop Web,4,Positive,2024-12-11,37,True
REV-02036,PROD-ETHNIC-001,1877,Ethnic Dress,Ajio,Mobile Web,4,Positive,2023-01-16,21,False
REV-02037,PROD-KURTA-003,428,kurta,Nalli,Desktop Web,4,Positive,2022-07-08,36,False
REV-02038,PROD-BOTTOM-002,1936,Bottom,Amazon,Desktop Web,5,Positive,2022-12-10,77,True
REV-02039,PROD-KURTA-003,1465,kurta,Nalli,Mobile App,5,Positive,2023-07-06,99,True
REV-02040,PROD-LEHENGA-001,1252,Lehenga Choli,Nalli,Desktop Web,5,Positive,2023-01-02,31,True
REV-02041,PROD-SAREE-001,4205,Saree,Amazon,Mobile App,5,Positive,2023-07-12,50,True
REV-02042,PROD-SET-003,1084,Set,Myntra,Mobile Web,2,Negative,2022-11-16,73,True
REV-02043,PROD-BOTTOM-001,901,Bottom,Myntra,Desktop Web,4,Positive,2022-12-25,81,False
REV-02044,PROD-KURTA-002,1114,kurta,Amazon,Mobile Web,2,Negative,2024-02-12,58,False
REV-02045,PROD-BOTTOM-002,4509,Bottom,Nalli,Tablet App,5,Positive,2024-03-19,113,False
REV-02046,PROD-BOTTOM-001,2900,Bottom,Nalli,Tablet App,5,Positive,2024-11-30,96,True
REV-02047,PROD-DUPATTA-001,4122,Dupatta,Ajio,Desktop Web,5,Positive,2022-12-08,103,True
REV-02048,PROD-DRESS-001,2445,Western Dress,Amazon,Tablet App,2,Negative,2024-01-23,48,True
REV-02049,PROD-TOP-002,3992,Top,Myntra,Mobile App,4,Positive,2023-10-07,27,True
REV-02050,PROD-SET-002,2474,Set,Ajio,Desktop Web,4,Positive,2022-10-14,18,True
REV-02051,PROD-DRESS-002,3988,Western Dress,Ajio,Tablet App,5,Positive,2023-06-02,91,True
REV-02052,PROD-SAREE-002,1069,Saree,Ajio,Mobile App,5,Positive,2024-08-06,31,True
REV-02053,PROD-SET-001,2872,Set,Ajio,Tablet App,4,Positive,2022-04-19,113,True
REV-02054,PROD-KURTA-003,4199,kurta,Nalli,Tablet App,5,Positive,2023-12-28,5,True
REV-02055,PROD-KURTA-003,2543,kurta,Nalli,Desktop Web,4,Positive,2023-02-01,1,True
REV-02056,PROD-SET-002,491,Set,Amazon,Desktop Web,5,Positive,2023-07-07,80,False
REV-02057,PROD-SAREE-002,2737,Saree,Nalli,Tablet App,1,Negative,2024-04-06,44,False
REV-02058,PROD-SAREE-001,4236,Saree,Nalli,Mobile App,4,Positive,2022-04-15,113,True
REV-02059,PROD-BOTTOM-002,297,Bottom,Nalli,Mobile App,4,Positive,2024-11-18,19,True
REV-02060,PROD-SAREE-001,2189,Saree,Myntra,Desktop Web,5,Positive,2024-06-19,97,True
REV-02061,PROD-KURTA-003,3231,kurta,Myntra,Mobile App,5,Positive,2023-07-19,5,True
REV-02062,PROD-KURTA-001,3428,kurta,Nalli,Desktop Web,5,Positive,2023-02-03,53,True
REV-02063,PROD-ETHNIC-001,1726,Ethnic Dress,Amazon,Mobile App,4,Positive,2023-06-07,20,True
REV-02064,PROD-TOP-001,1795,Top,Ajio,Desktop Web,5,Positive,2022-05-16,118,True
REV-02065,PROD-SET-001,2808,Set,Nalli,Mobile Web,2,Negative,2024-07-30,108,True
REV-02066,PROD-TOP-001,2675,Top,Nalli,Desktop Web,5,Positive,2023-11-09,85,False
REV-02067,PROD-DUPATTA-001,1854,Dupatta,Amazon,Tablet App,5,Positive,2023-05-18,61,True
REV-02068,PROD-SAREE-001,4087,Saree,Ajio,Mobile App,5,Positive,2023-09-08,75,True
REV-02069,PROD-TOP-001,4547,Top,Myntra,Desktop Web,3,Neutral,2022-10-31,112,True
REV-02070,PROD-BOTTOM-001,4442,Bottom,Nalli,Mobile Web,5,Positive,2022-07-21,52,True
REV-02071,PROD-ETHNIC-001,665,Ethnic Dress,Myntra,Desktop Web,5,Positive,2023-09-05,79,True
REV-02072,PROD-KURTA-003,3569,kurta,Ajio,Tablet App,5,Positive,2022-04-27,19,True
REV-02073,PROD-BOTTOM-002,3035,Bottom,Amazon,Mobile Web,5,Positive,2023-11-15,30,True
REV-02074,PROD-BOTTOM-002,4821,Bottom,Myntra,Tablet App,5,Positive,2024-03-22,55,True
REV-02075,PROD-TOP-002,2754,Top,Myntra,Mobile Web,4,Positive,2022-12-04,75,True
REV-02076,PROD-KURTA-003,70,kurta,Myntra,Tablet App,3,Neutral,2022-06-18,63,True
REV-02077,PROD-SET-002,3861,Set,Myntra,Mobile App,5,Positive,2022-01-05,17,True
REV-02078,PROD-SAREE-002,4686,Saree,Amazon,Mobile App,5,Positive,2024-01-02,21,True
REV-02079,PROD-SAREE-001,324,Saree,Nalli,Mobile App,3,Neutral,2022-06-18,105,True
REV-02080,PROD-SET-003,881,Set,Flipkart,Mobile Web,5,Positive,2024-10-01,78,False
REV-02081,PROD-KURTA-003,1136,kurta,Amazon,Tablet App,5,Positive,2023-08-06,77,True
REV-02082,PROD-SET-003,788,Set,Ajio,Desktop Web,5,Positive,2024-11-20,88,True
REV-02083,PROD-KURTA-002,1334,kurta,Ajio,Tablet App,4,Positive,2023-11-25,45,False
REV-02084,PROD-TOP-002,3425,Top,Myntra,Mobile Web,4,Positive,2024-04-01,85,True
REV-02085,PROD-DRESS-001,1272,Western Dress,Amazon,Mobile App,4,Positive,2022-11-01,7,False
REV-02086,PROD-SET-001,1034,Set,Myntra,Mobile App,3,Neutral,2024-07-08,36,True
REV-02087,PROD-SAREE-001,3567,Saree,Ajio,Mobile App,5,Positive,2024-09-13,119,False
REV-02088,PROD-JACKET-001,3877,Jacket,Amazon,Mobile Web,4,Positive,2023-03-06,20,True
REV-02089,PROD-DRESS-001,258,Western Dress,Flipkart,Tablet App,4,Positive,2022-04-11,23,True
REV-02090,PROD-BOTTOM-001,2651,Bottom,Ajio,Desktop Web,5,Positive,2024-03-25,104,True
REV-02091,PROD-ETHNIC-001,61,Ethnic Dress,Myntra,Mobile Web,5,Positive,2023-01-12,53,True
REV-02092,PROD-BOTTOM-002,1214,Bottom,Amazon,Desktop Web,5,Positive,2023-11-17,30,False
REV-02093,PROD-SUIT-001,1657,Suit,Myntra,Tablet App,4,Positive,2023-07-24,4,True
REV-02094,PROD-SAREE-002,2763,Saree,Amazon,Mobile App,5,Positive,2024-02-03,61,False
REV-02095,PROD-DRESS-001,4137,Western Dress,Flipkart,Tablet App,4,Positive,2023-11-12,113,False
REV-02096,PROD-JACKET-001,3564,Jacket,Amazon,Tablet App,5,Positive,2023-02-07,92,False
REV-02097,PROD-LEHENGA-001,365,Lehenga Choli,Flipkart,Mobile Web,4,Positive,2024-07-23,2,True
REV-02098,PROD-JACKET-001,3888,Jacket,Ajio,Tablet App,5,Positive,2022-05-09,117,False
REV-02099,PROD-JACKET-001,4841,Jacket,Myntra,Tablet App,4,Positive,2023-10-08,33,True
REV-02100,PROD-KURTA-002,3235,kurta,Flipkart,Mobile App,5,Positive,2023-06-05,67,True
REV-02101,PROD-KURTA-002,1958,kurta,Ajio,Mobile App,4,Positive,2024-07-09,55,True
REV-02102,PROD-KURTA-003,4385,kurta,Nalli,Tablet App,5,Positive,2023-07-15,2,False
REV-02103,PROD-TOP-002,4069,Top,Nalli,Desktop Web,5,Positive,2022-04-15,68,False
REV-02104,PROD-TOP-002,3187,Top,Nalli,Mobile Web,5,Positive,2023-04-26,22,False
REV-02105,PROD-DRESS-001,653,Western Dress,Flipkart,Desktop Web,1,Negative,2024-05-29,61,True
REV-02106,PROD-SET-001,1385,Set,Flipkart,Mobile Web,3,Neutral,2023-06-13,53,True
REV-02107,PROD-ETHNIC-001,2961,Ethnic Dress,Amazon,Mobile Web,4,Positive,2022-12-02,39,False
REV-02108,PROD-LEHENGA-001,1275,Lehenga Choli,Amazon,Mobile App,5,Positive,2022-06-06,30,True
REV-02109,PROD-TOP-001,3697,Top,Flipkart,Mobile App,5,Positive,2022-08-21,64,False
REV-02110,PROD-BOTTOM-001,2280,Bottom,Amazon,Mobile Web,4,Positive,2024-09-12,100,True
REV-02111,PROD-SAREE-002,4468,Saree,Flipkart,Mobile App,3,Neutral,2023-01-23,116,False
REV-02112,PROD-KURTA-003,1195,kurta,Flipkart,Desktop Web,5,Positive,2022-11-29,66,False
REV-02113,PROD-DRESS-001,245,Western Dress,Flipkart,Tablet App,4,Positive,2023-12-21,101,True
REV-02114,PROD-SET-001,1740,Set,Myntra,Desktop Web,5,Positive,2024-04-04,79,True
REV-02115,PROD-JACKET-001,1858,Jacket,Ajio,Tablet App,5,Positive,2022-05-18,49,True
REV-02116,PROD-SAREE-002,299,Saree,Ajio,Desktop Web,3,Neutral,2022-03-27,0,False
REV-02117,PROD-SAREE-002,2775,Saree,Ajio,Mobile App,1,Negative,2024-02-02,40,True
REV-02118,PROD-KURTA-003,4872,kurta,Nalli,Mobile App,3,Neutral,2022-07-16,75,True
REV-02119,PROD-BOTTOM-002,982,Bottom,Nalli,Mobile App,4,Positive,2023-11-29,100,True
REV-02120,PROD-DRESS-002,2404,Western Dress,Amazon,Mobile App,4,Positive,2024-05-21,7,True
REV-02121,PROD-SET-002,1254,Set,Flipkart,Mobile Web,5,Positive,2024-02-17,108,True
REV-02122,PROD-KURTA-003,616,kurta,Ajio,Mobile Web,5,Positive,2024-01-16,94,True
REV-02123,PROD-ETHNIC-001,2685,Ethnic Dress,Myntra,Mobile App,1,Negative,2023-08-07,111,True
REV-02124,PROD-DUPATTA-001,2970,Dupatta,Amazon,Mobile App,5,Positive,2022-07-25,33,True
REV-02125,PROD-SAREE-001,4722,Saree,Myntra,Mobile App,5,Positive,2023-01-10,29,True
REV-02126,PROD-TOP-001,4497,Top,Nalli,Mobile Web,4,Positive,2022-06-13,116,False
REV-02127,PROD-TOP-002,334,Top,Flipkart,Tablet App,3,Neutral,2024-04-06,11,True
REV-02128,PROD-TOP-001,564,Top,Amazon,Mobile App,5,Positive,2022-10-08,13,True
REV-02129,PROD-KURTA-002,3326,kurta,Nalli,Mobile App,4,Positive,2024-01-10,33,True
REV-02130,PROD-JACKET-001,672,Jacket,Flipkart,Desktop Web,5,Positive,2023-05-23,23,False
REV-02131,PROD-SET-001,3853,Set,Myntra,Desktop Web,5,Positive,2022-02-04,21,False
REV-02132,PROD-DRESS-002,4285,Western Dress,Flipkart,Desktop Web,5,Positive,2022-01-11,63,False
REV-02133,PROD-DRESS-002,3183,Western Dress,Myntra,Mobile Web,2,Negative,2023-03-09,44,True
REV-02134,PROD-BLOUSE-001,4738,Blouse,Flipkart,Mobile Web,5,Positive,2024-04-22,31,False
REV-02135,PROD-SET-001,4959,Set,Ajio,Mobile App,5,Positive,2023-06-07,14,True
REV-02136,PROD-JACKET-001,1051,Jacket,Nalli,Desktop Web,3,Neutral,2023-06-03,104,False
REV-02137,PROD-SET-001,1086,Set,Amazon,Desktop Web,5,Positive,2023-05-25,31,True
REV-02138,PROD-KURTA-003,1787,kurta,Flipkart,Mobile App,5,Positive,2022-09-30,73,True
REV-02139,PROD-DRESS-001,3387,Western Dress,Amazon,Mobile Web,5,Positive,2022-01-29,26,True
REV-02140,PROD-SET-002,3021,Set,Flipkart,Tablet App,3,Neutral,2022-09-10,48,False
REV-02141,PROD-TOP-001,1196,Top,Myntra,Tablet App,4,Positive,2023-02-17,45,True
REV-02142,PROD-DRESS-002,3584,Western Dress,Amazon,Mobile Web,4,Positive,2023-07-15,0,True
REV-02143,PROD-BOTTOM-001,3759,Bottom,Nalli,Mobile Web,3,Neutral,2022-05-03,26,True
REV-02144,PROD-SET-001,2322,Set,Flipkart,Desktop Web,5,Positive,2022-10-16,54,True
REV-02145,PROD-BOTTOM-002,535,Bottom,Nalli,Tablet App,5,Positive,2024-12-20,44,True
REV-02146,PROD-DRESS-002,3907,Western Dress,Ajio,Mobile Web,4,Positive,2023-07-19,20,True
REV-02147,PROD-DRESS-002,141,Western Dress,Myntra,Tablet App,4,Positive,2022-10-01,49,True
REV-02148,PROD-LEHENGA-001,900,Lehenga Choli,Flipkart,Mobile Web,4,Positive,2022-10-24,66,True
REV-02149,PROD-SET-001,2542,Set,Ajio,Mobile App,4,Positive,2024-11-23,8,False
REV-02150,PROD-SET-001,2066,Set,Myntra,Desktop Web,4,Positive,2023-08-03,80,True
REV-02151,PROD-DUPATTA-001,2682,Dupatta,Nalli,Tablet App,1,Negative,2022-02-10,72,True
REV-02152,PROD-KURTA-001,889,kurta,Flipkart,Tablet App,4,Positive,2023-01-19,32,True
REV-02153,PROD-JACKET-001,4929,Jacket,Nalli,Mobile Web,3,Neutral,2024-04-03,12,True
REV-02154,PROD-BOTTOM-002,2661,Bottom,Amazon,Mobile Web,5,Positive,2023-05-17,45,True
REV-02155,PROD-DRESS-002,1865,Western Dress,Ajio,Mobile App,4,Positive,2024-10-06,88,True
REV-02156,PROD-SET-001,1895,Set,Ajio,Mobile App,5,Positive,2022-10-08,26,True
REV-02157,PROD-ETHNIC-001,841,Ethnic Dress,Nalli,Tablet App,4,Positive,2022-05-29,91,True
REV-02158,PROD-DRESS-002,3039,Western Dress,Amazon,Mobile App,5,Positive,2023-03-24,32,True
REV-02159,PROD-JACKET-001,4823,Jacket,Ajio,Desktop Web,4,Positive,2023-07-29,11,True
REV-02160,PROD-DRESS-002,2051,Western Dress,Nalli,Desktop Web,5,Positive,2022-07-11,5,True
REV-02161,PROD-TOP-001,4011,Top,Myntra,Tablet App,4,Positive,2022-01-14,113,True
REV-02162,PROD-SET-001,4716,Set,Flipkart,Mobile App,3,Neutral,2023-04-15,54,True
REV-02163,PROD-SAREE-002,221,Saree,Amazon,Mobile App,5,Positive,2022-12-03,85,True
REV-02164,PROD-DRESS-001,1919,Western Dress,Amazon,Desktop Web,3,Neutral,2022-11-18,25,True
REV-02165,PROD-DRESS-001,502,Western Dress,Ajio,Desktop Web,3,Neutral,2024-08-01,79,True
REV-02166,PROD-KURTA-002,3004,kurta,Flipkart,Tablet App,3,Neutral,2023-02-23,19,True
REV-02167,PROD-SET-003,1404,Set,Flipkart,Mobile App,4,Positive,2022-01-16,68,True
REV-02168,PROD-ETHNIC-001,1735,Ethnic Dress,Amazon,Desktop Web,3,Neutral,2022-11-19,53,True
REV-02169,PROD-ETHNIC-001,2181,Ethnic Dress,Nalli,Mobile Web,4,Positive,2022-12-07,113,True
REV-02170,PROD-SET-003,4648,Set,Myntra,Tablet App,5,Positive,2024-12-27,54,True
REV-02171,PROD-SUIT-001,2288,Suit,Flipkart,Mobile Web,5,Positive,2024-06-30,77,True
REV-02172,PROD-KURTA-001,3077,kurta,Nalli,Tablet App,3,Neutral,2023-08-29,118,True
REV-02173,PROD-JACKET-001,441,Jacket,Myntra,Mobile App,3,Neutral,2022-09-17,71,True
REV-02174,PROD-BLOUSE-001,433,Blouse,Nalli,Desktop Web,5,Positive,2022-10-04,68,True
REV-02175,PROD-SET-002,4165,Set,Nalli,Mobile App,4,Positive,2022-04-14,30,False
REV-02176,PROD-LEHENGA-001,4404,Lehenga Choli,Amazon,Mobile Web,3,Neutral,2024-12-11,33,True
REV-02177,PROD-LEHENGA-001,361,Lehenga Choli,Ajio,Tablet App,3,Neutral,2023-01-01,108,True
REV-02178,PROD-SET-002,733,Set,Nalli,Desktop Web,5,Positive,2023-03-28,79,True
REV-02179,PROD-KURTA-003,2637,kurta,Ajio,Desktop Web,4,Positive,2022-06-14,87,True
REV-02180,PROD-SAREE-001,224,Saree,Amazon,Mobile App,1,Negative,2022-01-24,10,True
REV-02181,PROD-SET-003,677,Set,Myntra,Tablet App,5,Positive,2022-06-16,103,True
REV-02182,PROD-BOTTOM-001,469,Bottom,Nalli,Mobile App,5,Positive,2024-01-31,92,True
REV-02183,PROD-SAREE-002,4129,Saree,Flipkart,Mobile Web,4,Positive,2022-08-24,33,True
REV-02184,PROD-KURTA-003,4919,kurta,Nalli,Tablet App,4,Positive,2022-10-30,36,True
REV-02185,PROD-DUPATTA-001,1234,Dupatta,Myntra,Mobile Web,5,Positive,2022-06-06,64,False
REV-02186,PROD-KURTA-002,331,kurta,Nalli,Tablet App,4,Positive,2024-08-18,59,True
REV-02187,PROD-KURTA-002,2141,kurta,Myntra,Tablet App,5,Positive,2022-01-06,44,True
REV-02188,PROD-KURTA-003,2254,kurta,Nalli,Desktop Web,4,Positive,2024-11-22,51,True
REV-02189,PROD-JACKET-001,1223,Jacket,Flipkart,Desktop Web,3,Neutral,2024-04-25,41,True
REV-02190,PROD-KURTA-002,4726,kurta,Ajio,Mobile App,4,Positive,2022-12-15,70,True
REV-02191,PROD-BOTTOM-002,1970,Bottom,Ajio,Tablet App,2,Negative,2023-03-02,79,True
REV-02192,PROD-KURTA-001,1514,kurta,Myntra,Mobile App,5,Positive,2024-12-12,7,True
REV-02193,PROD-KURTA-002,2072,kurta,Nalli,Mobile App,5,Positive,2024-03-13,113,False
REV-02194,PROD-DUPATTA-001,2119,Dupatta,Myntra,Tablet App,5,Positive,2023-06-20,63,True
REV-02195,PROD-DUPATTA-001,4329,Dupatta,Amazon,Tablet App,3,Neutral,2023-01-20,34,True
REV-02196,PROD-SET-002,3278,Set,Nalli,Mobile Web,5,Positive,2022-10-17,92,True
REV-02197,PROD-DUPATTA-001,3340,Dupatta,Flipkart,Desktop Web,5,Positive,2023-09-22,2,True
REV-02198,PROD-ETHNIC-001,3017,Ethnic Dress,Nalli,Tablet App,5,Positive,2022-09-25,27,True
REV-02199,PROD-TOP-002,674,Top,Ajio,Mobile App,5,Positive,2023-05-31,105,True
REV-02200,PROD-TOP-002,1284,Top,Flipkart,Mobile Web,5,Positive,2024-03-09,96,True
REV-02201,PROD-KURTA-002,3024,kurta,Flipkart,Desktop Web,3,Neutral,2023-04-15,37,True
REV-02202,PROD-KURTA-001,3091,kurta,Flipkart,Tablet App,5,Positive,2024-08-20,101,True
REV-02203,PROD-TOP-002,4139,Top,Amazon,Desktop Web,4,Positive,2024-12-22,93,True
REV-02204,PROD-SAREE-002,4250,Saree,Myntra,Mobile Web,4,Positive,2024-10-22,42,True
REV-02205,PROD-BOTTOM-001,2785,Bottom,Amazon,Mobile Web,5,Positive,2022-05-07,87,True
REV-02206,PROD-TOP-002,1712,Top,Flipkart,Desktop Web,4,Positive,2023-03-19,106,False
REV-02207,PROD-TOP-001,3234,Top,Myntra,Desktop Web,5,Positive,2022-09-08,103,True
REV-02208,PROD-KURTA-003,4311,kurta,Ajio,Mobile App,3,Neutral,2024-07-20,69,True
REV-02209,PROD-SUIT-001,4861,Suit,Amazon,Desktop Web,5,Positive,2023-05-09,63,True
REV-02210,PROD-SET-002,1850,Set,Amazon,Tablet App,4,Positive,2023-10-24,109,True
REV-02211,PROD-KURTA-003,4069,kurta,Flipkart,Tablet App,5,Positive,2024-10-31,12,True
REV-02212,PROD-DUPATTA-001,69,Dupatta,Amazon,Desktop Web,5,Positive,2024-12-10,26,True
REV-02213,PROD-KURTA-001,3400,kurta,Amazon,Desktop Web,5,Positive,2023-11-17,107,False
REV-02214,PROD-DUPATTA-001,3091,Dupatta,Flipkart,Tablet App,5,Positive,2023-05-16,81,True
REV-02215,PROD-TOP-001,3404,Top,Amazon,Desktop Web,5,Positive,2022-09-03,50,True
REV-02216,PROD-SUIT-001,475,Suit,Amazon,Mobile Web,5,Positive,2022-10-02,77,True
REV-02217,PROD-SET-001,892,Set,Nalli,Mobile Web,5,Positive,2023-08-11,28,True
REV-02218,PROD-BLOUSE-001,217,Blouse,Nalli,Desktop Web,4,Positive,2023-12-04,96,True
REV-02219,PROD-DRESS-001,1767,Western Dress,Nalli,Desktop Web,3,Neutral,2022-11-19,9,True
REV-02220,PROD-BOTTOM-001,3427,Bottom,Amazon,Mobile App,4,Positive,2023-11-23,32,True
REV-02221,PROD-TOP-002,352,Top,Flipkart,Mobile App,3,Neutral,2024-04-14,99,True
REV-02222,PROD-DRESS-002,3512,Western Dress,Ajio,Mobile App,4,Positive,2024-03-20,66,True
REV-02223,PROD-SET-001,148,Set,Amazon,Desktop Web,5,Positive,2024-05-23,111,True
REV-02224,PROD-DUPATTA-001,3200,Dupatta,Ajio,Mobile App,5,Positive,2024-01-10,104,True
REV-02225,PROD-BLOUSE-001,596,Blouse,Flipkart,Desktop Web,3,Neutral,2024-07-22,12,True
REV-02226,PROD-DRESS-001,2915,Western Dress,Amazon,Tablet App,4,Positive,2023-11-29,65,False
REV-02227,PROD-SET-003,3977,Set,Ajio,Tablet App,4,Positive,2022-08-11,97,False
REV-02228,PROD-SET-002,2161,Set,Flipkart,Mobile App,5,Positive,2024-12-10,14,True
REV-02229,PROD-TOP-002,4324,Top,Ajio,Desktop Web,5,Positive,2022-01-11,43,True
REV-02230,PROD-DRESS-002,1119,Western Dress,Ajio,Mobile App,4,Positive,2024-12-18,27,True
REV-02231,PROD-SAREE-002,438,Saree,Amazon,Mobile Web,5,Positive,2022-09-12,57,True
REV-02232,PROD-SUIT-001,3017,Suit,Nalli,Mobile App,5,Positive,2024-11-05,102,True
REV-02233,PROD-TOP-002,3712,Top,Flipkart,Desktop Web,5,Positive,2022-02-02,51,False
REV-02234,PROD-JACKET-001,4692,Jacket,Ajio,Mobile Web,5,Positive,2024-05-11,106,False
REV-02235,PROD-SUIT-001,735,Suit,Nalli,Mobile Web,5,Positive,2024-07-23,18,False
REV-02236,PROD-SAREE-002,1204,Saree,Flipkart,Mobile App,5,Positive,2023-05-24,37,True
REV-02237,PROD-DUPATTA-001,1435,Dupatta,Myntra,Mobile App,5,Positive,2023-02-03,23,True
REV-02238,PROD-TOP-002,3312,Top,Nalli,Mobile App,5,Positive,2024-05-30,52,False
REV-02239,PROD-KURTA-001,1270,kurta,Ajio,Mobile App,5,Positive,2024-08-26,58,True
REV-02240,PROD-KURTA-001,1769,kurta,Flipkart,Desktop Web,5,Positive,2022-12-23,66,False
REV-02241,PROD-DRESS-002,1999,Western Dress,Nalli,Desktop Web,4,Positive,2024-01-11,84,False
REV-02242,PROD-KURTA-001,26,kurta,Flipkart,Tablet App,5,Positive,2023-08-07,113,True
REV-02243,PROD-SET-002,2797,Set,Amazon,Desktop Web,5,Positive,2024-06-08,51,False
REV-02244,PROD-SAREE-002,3557,Saree,Flipkart,Mobile App,4,Positive,2022-10-28,100,False
REV-02245,PROD-BLOUSE-001,3334,Blouse,Amazon,Desktop Web,5,Positive,2023-12-07,1,False
REV-02246,PROD-BOTTOM-002,1194,Bottom,Myntra,Mobile Web,5,Positive,2022-07-21,73,True
REV-02247,PROD-SET-001,2188,Set,Ajio,Desktop Web,4,Positive,2023-01-29,30,False
REV-02248,PROD-TOP-002,333,Top,Amazon,Desktop Web,5,Positive,2023-07-11,61,True
REV-02249,PROD-KURTA-001,3558,kurta,Nalli,Tablet App,1,Negative,2024-11-18,116,True
REV-02250,PROD-KURTA-003,3172,kurta,Nalli,Desktop Web,5,Positive,2022-08-28,9,True
REV-02251,PROD-DRESS-001,209,Western Dress,Amazon,Mobile App,5,Positive,2023-11-17,48,False
REV-02252,PROD-KURTA-002,657,kurta,Flipkart,Mobile App,5,Positive,2023-07-26,109,True
REV-02253,PROD-KURTA-002,4275,kurta,Myntra,Tablet App,4,Positive,2022-12-29,82,True
REV-02254,PROD-SET-002,1807,Set,Flipkart,Mobile Web,2,Negative,2024-01-25,2,True
REV-02255,PROD-BOTTOM-001,3201,Bottom,Myntra,Mobile App,4,Positive,2023-07-31,91,True
REV-02256,PROD-SET-002,1066,Set,Nalli,Desktop Web,5,Positive,2024-04-23,44,True
REV-02257,PROD-LEHENGA-001,3885,Lehenga Choli,Ajio,Mobile App,5,Positive,2024-10-04,20,False
REV-02258,PROD-SUIT-001,187,Suit,Ajio,Mobile Web,2,Negative,2023-06-24,8,True
REV-02259,PROD-DRESS-001,731,Western Dress,Myntra,Mobile Web,4,Positive,2023-04-21,45,True
REV-02260,PROD-DRESS-001,891,Western Dress,Ajio,Mobile App,4,Positive,2024-04-01,59,True
REV-02261,PROD-DRESS-001,833,Western Dress,Amazon,Desktop Web,5,Positive,2022-12-03,0,True
REV-02262,PROD-SET-001,1950,Set,Nalli,Mobile Web,4,Positive,2024-05-14,16,True
REV-02263,PROD-BOTTOM-002,3081,Bottom,Amazon,Desktop Web,4,Positive,2023-12-08,27,True
REV-02264,PROD-KURTA-003,2516,kurta,Flipkart,Mobile App,5,Positive,2023-08-31,92,True
REV-02265,PROD-JACKET-001,3241,Jacket,Flipkart,Mobile App,4,Positive,2022-10-16,104,True
REV-02266,PROD-ETHNIC-001,1938,Ethnic Dress,Ajio,Desktop Web,4,Positive,2022-04-19,87,True
REV-02267,PROD-SET-001,888,Set,Myntra,Tablet App,4,Positive,2024-12-30,94,True
REV-02268,PROD-DUPATTA-001,616,Dupatta,Amazon,Desktop Web,3,Neutral,2023-01-18,81,True
REV-02269,PROD-BOTTOM-002,839,Bottom,Myntra,Mobile Web,5,Positive,2023-01-09,66,True
REV-02270,PROD-SET-003,4025,Set,Nalli,Tablet App,5,Positive,2023-11-28,29,True
REV-02271,PROD-DRESS-002,942,Western Dress,Nalli,Desktop Web,5,Positive,2023-05-13,69,True
REV-02272,PROD-ETHNIC-001,4690,Ethnic Dress,Ajio,Mobile App,1,Negative,2023-04-14,63,False
REV-02273,PROD-LEHENGA-001,3300,Lehenga Choli,Amazon,Tablet App,5,Positive,2024-05-27,61,True
REV-02274,PROD-BLOUSE-001,1933,Blouse,Ajio,Desktop Web,5,Positive,2024-10-13,110,True
REV-02275,PROD-SAREE-002,4429,Saree,Myntra,Mobile App,5,Positive,2024-02-10,84,True
REV-02276,PROD-SET-003,2687,Set,Myntra,Mobile App,4,Positive,2023-12-17,50,True
REV-02277,PROD-KURTA-001,860,kurta,Flipkart,Tablet App,5,Positive,2024-07-05,72,True
REV-02278,PROD-KURTA-003,596,kurta,Nalli,Desktop Web,4,Positive,2022-12-23,41,False
REV-02279,PROD-BLOUSE-001,4568,Blouse,Nalli,Mobile Web,5,Positive,2022-03-22,30,True
REV-02280,PROD-SUIT-001,4479,Suit,Amazon,Desktop Web,5,Positive,2023-08-15,16,True
REV-02281,PROD-SAREE-001,4443,Saree,Ajio,Mobile Web,5,Positive,2023-04-16,64,True
REV-02282,PROD-SET-002,4995,Set,Nalli,Mobile App,4,Positive,2023-11-23,82,True
REV-02283,PROD-TOP-002,3751,Top,Amazon,Tablet App,4,Positive,2024-11-05,11,True
REV-02284,PROD-SET-003,3667,Set,Ajio,Tablet App,4,Positive,2024-04-02,25,False
REV-02285,PROD-SET-003,2252,Set,Ajio,Mobile App,1,Negative,2024-07-14,78,True
REV-02286,PROD-BOTTOM-001,4035,Bottom,Ajio,Desktop Web,4,Positive,2024-12-25,109,False
REV-02287,PROD-JACKET-001,4074,Jacket,Myntra,Desktop Web,5,Positive,2024-11-01,40,False
REV-02288,PROD-JACKET-001,4360,Jacket,Flipkart,Mobile App,3,Neutral,2022-03-20,51,True
REV-02289,PROD-DRESS-002,245,Western Dress,Flipkart,Tablet App,4,Positive,2023-07-06,48,False
REV-02290,PROD-SAREE-001,251,Saree,Amazon,Desktop Web,5,Positive,2022-03-20,35,False
REV-02291,PROD-SET-003,3069,Set,Flipkart,Mobile Web,5,Positive,2023-12-03,23,False
REV-02292,PROD-BLOUSE-001,1607,Blouse,Myntra,Mobile Web,4,Positive,2024-03-18,105,False
REV-02293,PROD-TOP-002,1091,Top,Nalli,Mobile Web,3,Neutral,2023-05-21,101,True
REV-02294,PROD-DRESS-002,4475,Western Dress,Nalli,Mobile App,5,Positive,2023-02-03,43,True
REV-02295,PROD-SET-003,1529,Set,Nalli,Mobile Web,4,Positive,2023-11-03,92,True
REV-02296,PROD-SET-003,3188,Set,Myntra,Desktop Web,5,Positive,2023-12-05,51,False
REV-02297,PROD-DRESS-002,2813,Western Dress,Nalli,Mobile Web,5,Positive,2023-04-01,13,True
REV-02298,PROD-DUPATTA-001,3025,Dupatta,Flipkart,Mobile App,3,Neutral,2024-03-12,82,True
REV-02299,PROD-DUPATTA-001,4577,Dupatta,Flipkart,Mobile App,4,Positive,2024-03-02,78,True
REV-02300,PROD-BOTTOM-002,2144,Bottom,Myntra,Mobile App,5,Positive,2023-08-12,24,True
REV-02301,PROD-SUIT-001,4727,Suit,Amazon,Mobile App,3,Neutral,2024-11-15,116,True
REV-02302,PROD-SUIT-001,1632,Suit,Nalli,Mobile Web,4,Positive,2022-04-07,74,True
REV-02303,PROD-TOP-001,2984,Top,Myntra,Tablet App,5,Positive,2022-06-26,39,True
REV-02304,PROD-SAREE-001,2677,Saree,Flipkart,Desktop Web,4,Positive,2022-08-09,13,True
REV-02305,PROD-SET-003,3437,Set,Ajio,Mobile App,4,Positive,2023-03-16,30,True
REV-02306,PROD-BOTTOM-001,132,Bottom,Nalli,Mobile Web,5,Positive,2022-04-04,108,True
REV-02307,PROD-SET-001,289,Set,Flipkart,Desktop Web,4,Positive,2022-06-28,58,True
REV-02308,PROD-SUIT-001,4848,Suit,Nalli,Tablet App,4,Positive,2022-09-07,71,True
REV-02309,PROD-SUIT-001,3916,Suit,Amazon,Mobile Web,5,Positive,2022-09-27,46,True
REV-02310,PROD-DRESS-002,4570,Western Dress,Flipkart,Tablet App,5,Positive,2024-12-14,20,True
REV-02311,PROD-SAREE-001,3409,Saree,Amazon,Mobile Web,5,Positive,2024-05-26,110,False
REV-02312,PROD-DUPATTA-001,4415,Dupatta,Ajio,Mobile Web,4,Positive,2024-07-10,38,True
REV-02313,PROD-SET-002,4180,Set,Flipkart,Mobile Web,4,Positive,2023-11-23,69,True
REV-02314,PROD-JACKET-001,2600,Jacket,Nalli,Mobile Web,4,Positive,2024-01-15,22,False
REV-02315,PROD-SET-002,680,Set,Ajio,Mobile Web,4,Positive,2022-09-01,3,True
REV-02316,PROD-KURTA-001,1278,kurta,Flipkart,Mobile Web,5,Positive,2022-03-29,81,True
REV-02317,PROD-JACKET-001,596,Jacket,Myntra,Desktop Web,5,Positive,2023-04-21,82,True
REV-02318,PROD-SAREE-001,1707,Saree,Amazon,Mobile Web,5,Positive,2022-05-22,43,True
REV-02319,PROD-KURTA-002,4552,kurta,Myntra,Mobile App,4,Positive,2024-05-21,36,True
REV-02320,PROD-TOP-002,3139,Top,Ajio,Tablet App,5,Positive,2024-12-10,18,True
REV-02321,PROD-DRESS-002,2398,Western Dress,Ajio,Desktop Web,4,Positive,2024-06-22,95,True
REV-02322,PROD-SET-002,1374,Set,Flipkart,Mobile Web,4,Positive,2024-11-21,26,True
REV-02323,PROD-DUPATTA-001,4452,Dupatta,Amazon,Desktop Web,4,Positive,2022-12-21,24,True
REV-02324,PROD-SET-002,59,Set,Flipkart,Mobile App,4,Positive,2022-10-21,7,True
REV-02325,PROD-KURTA-001,2005,kurta,Ajio,Mobile Web,5,Positive,2024-11-30,62,True
REV-02326,PROD-DRESS-001,2827,Western Dress,Amazon,Desktop Web,5,Positive,2024-08-06,98,True
REV-02327,PROD-BLOUSE-001,3736,Blouse,Myntra,Desktop Web,4,Positive,2022-06-28,115,True
REV-02328,PROD-BOTTOM-002,2976,Bottom,Nalli,Mobile Web,4,Positive,2023-06-18,61,True
REV-02329,PROD-BLOUSE-001,2666,Blouse,Myntra,Mobile App,3,Neutral,2022-03-08,65,True
REV-02330,PROD-BLOUSE-001,838,Blouse,Ajio,Mobile App,5,Positive,2023-05-09,70,True
REV-02331,PROD-BOTTOM-001,1439,Bottom,Amazon,Tablet App,5,Positive,2024-08-18,87,True
REV-02332,PROD-DRESS-001,4625,Western Dress,Nalli,Desktop Web,4,Positive,2023-03-21,107,True
REV-02333,PROD-SAREE-001,4724,Saree,Nalli,Desktop Web,3,Neutral,2022-11-14,94,True
REV-02334,PROD-SET-003,2679,Set,Nalli,Mobile App,5,Positive,2024-05-24,81,True
REV-02335,PROD-DRESS-002,1938,Western Dress,Myntra,Mobile Web,5,Positive,2022-10-22,83,True
REV-02336,PROD-DRESS-002,2624,Western Dress,Nalli,Mobile Web,5,Positive,2023-02-21,34,True
REV-02337,PROD-SET-001,4040,Set,Myntra,Desktop Web,4,Positive,2024-08-06,103,True
REV-02338,PROD-TOP-002,4678,Top,Flipkart,Mobile Web,4,Positive,2022-02-10,110,True
REV-02339,PROD-JACKET-001,955,Jacket,Myntra,Tablet App,5,Positive,2024-10-17,77,False
REV-02340,PROD-BOTTOM-001,3606,Bottom,Amazon,Desktop Web,1,Negative,2022-12-24,7,True
REV-02341,PROD-DRESS-002,4318,Western Dress,Ajio,Mobile App,5,Positive,2024-08-17,27,True
REV-02342,PROD-SAREE-001,1991,Saree,Myntra,Desktop Web,3,Neutral,2024-11-28,3,True
REV-02343,PROD-SET-002,445,Set,Nalli,Desktop Web,5,Positive,2024-03-24,22,True
REV-02344,PROD-KURTA-002,4970,kurta,Ajio,Tablet App,4,Positive,2024-09-28,44,True
REV-02345,PROD-SAREE-002,1513,Saree,Myntra,Tablet App,5,Positive,2024-01-02,118,True
REV-02346,PROD-KURTA-002,2475,kurta,Myntra,Tablet App,4,Positive,2023-07-24,82,True
REV-02347,PROD-JACKET-001,897,Jacket,Ajio,Mobile App,5,Positive,2023-10-19,44,True
REV-02348,PROD-DRESS-001,188,Western Dress,Myntra,Desktop Web,5,Positive,2022-07-11,99,False
REV-02349,PROD-SAREE-002,2481,Saree,Myntra,Tablet App,5,Positive,2022-07-09,35,False
REV-02350,PROD-DRESS-001,41,Western Dress,Nalli,Tablet App,2,Negative,2023-02-07,60,True
REV-02351,PROD-DRESS-001,762,Western Dress,Nalli,Mobile App,5,Positive,2024-10-20,18,True
REV-02352,PROD-KURTA-002,947,kurta,Myntra,Desktop Web,5,Positive,2022-11-07,15,True
REV-02353,PROD-ETHNIC-001,439,Ethnic Dress,Amazon,Mobile App,4,Positive,2022-10-13,14,True
REV-02354,PROD-BLOUSE-001,1481,Blouse,Amazon,Mobile App,4,Positive,2022-09-23,79,True
REV-02355,PROD-BOTTOM-001,4335,Bottom,Ajio,Desktop Web,3,Neutral,2023-12-04,25,False
REV-02356,PROD-DRESS-001,3535,Western Dress,Ajio,Mobile Web,2,Negative,2023-01-30,26,False
REV-02357,PROD-KURTA-001,2470,kurta,Nalli,Mobile App,5,Positive,2024-07-21,19,True
REV-02358,PROD-SET-003,187,Set,Nalli,Tablet App,3,Neutral,2023-08-06,80,False
REV-02359,PROD-SET-002,4723,Set,Flipkart,Desktop Web,5,Positive,2022-01-18,19,False
REV-02360,PROD-TOP-002,4845,Top,Myntra,Mobile Web,4,Positive,2022-02-05,44,True
REV-02361,PROD-KURTA-003,1759,kurta,Nalli,Mobile Web,5,Positive,2022-01-03,16,False
REV-02362,PROD-BOTTOM-002,1875,Bottom,Ajio,Mobile App,5,Positive,2022-07-19,18,True
REV-02363,PROD-DRESS-001,4504,Western Dress,Flipkart,Mobile Web,4,Positive,2024-01-06,49,True
REV-02364,PROD-SET-002,2125,Set,Amazon,Desktop Web,4,Positive,2022-02-25,3,True
REV-02365,PROD-BOTTOM-002,1009,Bottom,Flipkart,Desktop Web,5,Positive,2024-05-15,61,True
REV-02366,PROD-LEHENGA-001,1363,Lehenga Choli,Nalli,Mobile App,4,Positive,2022-05-04,56,True
REV-02367,PROD-ETHNIC-001,3378,Ethnic Dress,Myntra,Desktop Web,4,Positive,2022-02-15,16,True
REV-02368,PROD-DUPATTA-001,2805,Dupatta,Flipkart,Mobile Web,5,Positive,2022-08-08,110,True
REV-02369,PROD-KURTA-001,266,kurta,Myntra,Mobile App,4,Positive,2023-08-08,15,True
REV-02370,PROD-SUIT-001,4067,Suit,Nalli,Tablet App,4,Positive,2024-04-10,47,True
REV-02371,PROD-TOP-002,3628,Top,Nalli,Mobile Web,5,Positive,2024-01-30,47,True
REV-02372,PROD-ETHNIC-001,2059,Ethnic Dress,Ajio,Mobile App,5,Positive,2023-05-20,17,True
REV-02373,PROD-BOTTOM-001,362,Bottom,Nalli,Mobile App,4,Positive,2022-08-15,98,True
REV-02374,PROD-DUPATTA-001,219,Dupatta,Ajio,Desktop Web,3,Neutral,2023-03-01,12,True
REV-02375,PROD-BLOUSE-001,4006,Blouse,Myntra,Tablet App,4,Positive,2022-07-04,66,True
REV-02376,PROD-LEHENGA-001,3001,Lehenga Choli,Ajio,Mobile App,1,Negative,2022-07-19,18,False
REV-02377,PROD-KURTA-001,2808,kurta,Amazon,Tablet App,5,Positive,2022-08-10,10,True
REV-02378,PROD-DUPATTA-001,833,Dupatta,Myntra,Mobile App,2,Negative,2024-07-16,59,True
REV-02379,PROD-SAREE-001,2358,Saree,Flipkart,Mobile Web,2,Negative,2022-04-08,62,True
REV-02380,PROD-DRESS-001,936,Western Dress,Myntra,Mobile App,5,Positive,2022-12-25,2,False
REV-02381,PROD-ETHNIC-001,4327,Ethnic Dress,Flipkart,Tablet App,3,Neutral,2024-12-24,54,True
REV-02382,PROD-SUIT-001,1676,Suit,Amazon,Mobile App,4,Positive,2022-03-02,42,True
REV-02383,PROD-DRESS-001,3601,Western Dress,Flipkart,Tablet App,5,Positive,2022-11-17,113,True
REV-02384,PROD-ETHNIC-001,2894,Ethnic Dress,Nalli,Mobile App,5,Positive,2022-06-11,67,True
REV-02385,PROD-SET-002,156,Set,Amazon,Mobile App,5,Positive,2024-08-30,34,True
REV-02386,PROD-ETHNIC-001,2707,Ethnic Dress,Nalli,Mobile App,4,Positive,2023-09-29,96,True
REV-02387,PROD-SET-001,3829,Set,Amazon,Mobile Web,2,Negative,2024-09-21,4,True
REV-02388,PROD-TOP-001,4612,Top,Flipkart,Mobile App,5,Positive,2022-05-20,40,True
REV-02389,PROD-KURTA-003,347,kurta,Flipkart,Mobile App,4,Positive,2022-12-19,103,False
REV-02390,PROD-TOP-002,3236,Top,Nalli,Tablet App,5,Positive,2024-10-14,81,True
REV-02391,PROD-KURTA-003,986,kurta,Ajio,Tablet App,3,Neutral,2024-06-18,77,False
REV-02392,PROD-TOP-002,816,Top,Myntra,Desktop Web,3,Neutral,2024-02-22,62,True
REV-02393,PROD-KURTA-002,2034,kurta,Myntra,Desktop Web,4,Positive,2023-06-30,97,True
REV-02394,PROD-ETHNIC-001,4842,Ethnic Dress,Nalli,Mobile Web,3,Neutral,2024-11-21,74,False
REV-02395,PROD-SET-001,121,Set,Amazon,Mobile Web,5,Positive,2024-07-02,21,True
REV-02396,PROD-SET-002,418,Set,Nalli,Tablet App,1,Negative,2024-08-14,104,False
REV-02397,PROD-SET-003,450,Set,Myntra,Mobile App,3,Neutral,2024-04-21,80,True
REV-02398,PROD-SET-001,1927,Set,Flipkart,Tablet App,5,Positive,2022-06-21,115,True
REV-02399,PROD-SET-001,184,Set,Nalli,Mobile Web,3,Neutral,2024-06-29,118,False
REV-02400,PROD-KURTA-001,4478,kurta,Ajio,Mobile Web,5,Positive,2022-05-25,38,False
REV-02401,PROD-SET-002,3697,Set,Flipkart,Desktop Web,3,Neutral,2022-09-04,73,True
REV-02402,PROD-DUPATTA-001,4417,Dupatta,Myntra,Mobile App,4,Positive,2022-01-24,103,True
REV-02403,PROD-TOP-001,3886,Top,Flipkart,Tablet App,4,Positive,2024-05-07,85,True
REV-02404,PROD-SET-003,4616,Set,Amazon,Mobile Web,5,Positive,2024-02-18,76,True
REV-02405,PROD-KURTA-003,1293,kurta,Nalli,Tablet App,5,Positive,2022-06-22,86,False
REV-02406,PROD-TOP-001,4585,Top,Nalli,Desktop Web,5,Positive,2024-05-17,59,True
REV-02407,PROD-JACKET-001,410,Jacket,Flipkart,Mobile App,5,Positive,2024-09-04,75,True
REV-02408,PROD-DRESS-002,725,Western Dress,Nalli,Tablet App,5,Positive,2023-06-14,14,True
REV-02409,PROD-ETHNIC-001,1451,Ethnic Dress,Ajio,Mobile Web,2,Negative,2023-05-24,86,False
REV-02410,PROD-LEHENGA-001,2901,Lehenga Choli,Amazon,Tablet App,4,Positive,2024-02-12,74,True
REV-02411,PROD-SET-003,4955,Set,Ajio,Mobile Web,4,Positive,2022-04-03,106,False
REV-02412,PROD-BLOUSE-001,2170,Blouse,Nalli,Tablet App,4,Positive,2023-05-25,3,True
REV-02413,PROD-BOTTOM-001,531,Bottom,Ajio,Mobile App,4,Positive,2022-11-07,19,False
REV-02414,PROD-SAREE-001,1310,Saree,Flipkart,Desktop Web,3,Neutral,2022-10-19,105,True
REV-02415,PROD-TOP-001,3,Top,Nalli,Desktop Web,4,Positive,2022-09-14,34,False
REV-02416,PROD-BLOUSE-001,1868,Blouse,Nalli,Mobile App,4,Positive,2024-10-24,112,True
REV-02417,PROD-SET-002,3929,Set,Myntra,Tablet App,5,Positive,2024-03-20,77,False
REV-02418,PROD-KURTA-003,731,kurta,Flipkart,Mobile App,4,Positive,2022-05-10,27,True
REV-02419,PROD-JACKET-001,2931,Jacket,Nalli,Desktop Web,5,Positive,2023-05-24,105,True
REV-02420,PROD-ETHNIC-001,3893,Ethnic Dress,Ajio,Mobile App,3,Neutral,2023-03-13,43,True
REV-02421,PROD-DRESS-002,2632,Western Dress,Nalli,Mobile App,2,Negative,2023-06-06,51,True
REV-02422,PROD-KURTA-001,2281,kurta,Flipkart,Tablet App,5,Positive,2024-01-08,18,True
REV-02423,PROD-SET-001,2605,Set,Amazon,Desktop Web,5,Positive,2024-05-28,89,True
REV-02424,PROD-TOP-001,3294,Top,Amazon,Tablet App,1,Negative,2024-05-02,96,True
REV-02425,PROD-KURTA-003,2120,kurta,Nalli,Mobile App,5,Positive,2022-09-17,69,False
REV-02426,PROD-KURTA-001,4516,kurta,Myntra,Mobile App,5,Positive,2024-08-03,34,True
REV-02427,PROD-BOTTOM-001,857,Bottom,Myntra,Mobile Web,4,Positive,2024-11-24,79,True
REV-02428,PROD-BLOUSE-001,4473,Blouse,Ajio,Desktop Web,5,Positive,2023-06-27,89,False
REV-02429,PROD-BLOUSE-001,2553,Blouse,Nalli,Tablet App,5,Positive,2024-06-20,72,True
REV-02430,PROD-KURTA-003,2569,kurta,Amazon,Mobile App,4,Positive,2023-06-19,15,False
REV-02431,PROD-SET-002,480,Set,Ajio,Mobile Web,5,Positive,2023-01-05,31,True
REV-02432,PROD-KURTA-002,3887,kurta,Amazon,Tablet App,4,Positive,2022-05-25,87,True
REV-02433,PROD-DRESS-002,1697,Western Dress,Ajio,Mobile Web,5,Positive,2024-03-19,31,True
REV-02434,PROD-SET-002,2685,Set,Flipkart,Mobile App,3,Neutral,2023-06-17,48,True
REV-02435,PROD-KURTA-001,1114,kurta,Flipkart,Mobile Web,2,Negative,2023-09-09,22,True
REV-02436,PROD-TOP-002,2245,Top,Nalli,Tablet App,5,Positive,2024-02-08,55,True
REV-02437,PROD-ETHNIC-001,2148,Ethnic Dress,Myntra,Mobile App,2,Negative,2024-06-11,104,True
REV-02438,PROD-SAREE-001,4015,Saree,Ajio,Mobile Web,4,Positive,2024-01-16,68,True
REV-02439,PROD-JACKET-001,2613,Jacket,Myntra,Desktop Web,4,Positive,2023-09-24,100,False
REV-02440,PROD-SUIT-001,1987,Suit,Flipkart,Mobile Web,1,Negative,2022-09-25,102,True
REV-02441,PROD-BLOUSE-001,3431,Blouse,Flipkart,Mobile Web,5,Positive,2023-01-13,6,True
REV-02442,PROD-BLOUSE-001,1876,Blouse,Amazon,Mobile App,5,Positive,2023-12-12,88,True
REV-02443,PROD-SET-003,1433,Set,Myntra,Mobile Web,5,Positive,2022-08-31,23,True
REV-02444,PROD-ETHNIC-001,3883,Ethnic Dress,Flipkart,Tablet App,5,Positive,2024-09-06,17,True
REV-02445,PROD-SUIT-001,850,Suit,Amazon,Desktop Web,2,Negative,2022-02-26,35,True
REV-02446,PROD-KURTA-003,2058,kurta,Nalli,Tablet App,4,Positive,2024-10-27,7,True
REV-02447,PROD-LEHENGA-001,4824,Lehenga Choli,Nalli,Tablet App,1,Negative,2024-08-29,61,True
REV-02448,PROD-LEHENGA-001,1417,Lehenga Choli,Nalli,Mobile Web,3,Neutral,2022-06-12,56,True
REV-02449,PROD-TOP-001,2156,Top,Myntra,Tablet App,4,Positive,2024-04-16,9,True
REV-02450,PROD-SET-001,1671,Set,Nalli,Mobile Web,5,Positive,2022-04-20,29,True
REV-02451,PROD-SAREE-001,4823,Saree,Ajio,Mobile App,4,Positive,2023-12-10,59,False
REV-02452,PROD-SAREE-002,3019,Saree,Flipkart,Desktop Web,5,Positive,2022-12-12,39,True
REV-02453,PROD-SET-001,4125,Set,Flipkart,Mobile Web,5,Positive,2023-04-22,46,True
REV-02454,PROD-KURTA-002,2085,kurta,Flipkart,Mobile Web,2,Negative,2024-05-29,36,True
REV-02455,PROD-SAREE-001,629,Saree,Amazon,Desktop Web,5,Positive,2023-02-08,120,True
REV-02456,PROD-SET-002,2339,Set,Nalli,Tablet App,5,Positive,2024-07-05,87,False
REV-02457,PROD-KURTA-003,1690,kurta,Myntra,Mobile Web,4,Positive,2024-03-26,82,True
REV-02458,PROD-BOTTOM-002,4548,Bottom,Nalli,Tablet App,3,Neutral,2023-01-28,87,True
REV-02459,PROD-KURTA-003,104,kurta,Nalli,Mobile App,5,Positive,2023-12-26,102,True
REV-02460,PROD-SUIT-001,342,Suit,Flipkart,Mobile Web,5,Positive,2023-05-21,91,True
REV-02461,PROD-KURTA-002,2663,kurta,Nalli,Desktop Web,4,Positive,2023-04-16,34,False
REV-02462,PROD-DRESS-002,2504,Western Dress,Amazon,Mobile App,4,Positive,2023-04-16,109,True
REV-02463,PROD-DUPATTA-001,3609,Dupatta,Ajio,Mobile Web,2,Negative,2024-03-22,65,True
REV-02464,PROD-ETHNIC-001,2285,Ethnic Dress,Flipkart,Mobile Web,4,Positive,2022-12-19,117,True
REV-02465,PROD-TOP-001,4356,Top,Myntra,Mobile Web,4,Positive,2022-04-20,88,True
REV-02466,PROD-BOTTOM-002,3690,Bottom,Nalli,Mobile App,5,Positive,2023-03-22,1,True
REV-02467,PROD-DRESS-002,1205,Western Dress,Nalli,Tablet App,5,Positive,2022-09-10,64,False
REV-02468,PROD-TOP-001,4653,Top,Nalli,Tablet App,5,Positive,2024-03-01,75,False
REV-02469,PROD-DUPATTA-001,2508,Dupatta,Flipkart,Tablet App,5,Positive,2022-05-05,74,True
REV-02470,PROD-BOTTOM-002,1127,Bottom,Flipkart,Tablet App,3,Neutral,2024-07-09,29,True
REV-02471,PROD-KURTA-003,2070,kurta,Myntra,Mobile Web,5,Positive,2024-02-20,16,True
REV-02472,PROD-LEHENGA-001,1334,Lehenga Choli,Nalli,Desktop Web,5,Positive,2024-07-09,30,False
REV-02473,PROD-SET-001,4504,Set,Ajio,Mobile App,3,Neutral,2022-08-19,50,True
REV-02474,PROD-JACKET-001,4236,Jacket,Nalli,Mobile App,4,Positive,2022-12-20,91,False
REV-02475,PROD-LEHENGA-001,1194,Lehenga Choli,Amazon,Mobile App,5,Positive,2022-12-10,104,True
REV-02476,PROD-KURTA-001,18,kurta,Amazon,Mobile App,3,Neutral,2022-12-26,88,False
REV-02477,PROD-BLOUSE-001,939,Blouse,Amazon,Mobile App,4,Positive,2024-02-17,65,False
REV-02478,PROD-LEHENGA-001,3165,Lehenga Choli,Amazon,Mobile App,5,Positive,2024-09-11,70,True
REV-02479,PROD-TOP-002,762,Top,Flipkart,Mobile App,3,Neutral,2024-02-25,117,True
REV-02480,PROD-LEHENGA-001,1999,Lehenga Choli,Amazon,Mobile App,4,Positive,2023-10-16,100,True
REV-02481,PROD-TOP-001,1598,Top,Flipkart,Mobile Web,4,Positive,2022-10-11,52,False
REV-02482,PROD-SAREE-001,286,Saree,Amazon,Desktop Web,5,Positive,2022-07-20,93,True
REV-02483,PROD-BOTTOM-001,1495,Bottom,Amazon,Mobile Web,5,Positive,2024-04-07,104,True
REV-02484,PROD-SAREE-001,3585,Saree,Amazon,Mobile Web,5,Positive,2024-02-16,2,True
REV-02485,PROD-ETHNIC-001,3458,Ethnic Dress,Flipkart,Mobile App,4,Positive,2024-03-09,9,True
REV-02486,PROD-BLOUSE-001,709,Blouse,Amazon,Desktop Web,5,Positive,2023-09-05,36,True
REV-02487,PROD-BOTTOM-001,3268,Bottom,Nalli,Mobile Web,4,Positive,2022-07-25,98,False
REV-02488,PROD-BOTTOM-002,3009,Bottom,Nalli,Desktop Web,2,Negative,2022-01-31,55,True
REV-02489,PROD-LEHENGA-001,3096,Lehenga Choli,Nalli,Tablet App,4,Positive,2022-10-16,20,True
REV-02490,PROD-SUIT-001,4326,Suit,Myntra,Tablet App,4,Positive,2022-02-01,71,False
REV-02491,PROD-DUPATTA-001,3871,Dupatta,Nalli,Tablet App,5,Positive,2022-08-31,100,False
REV-02492,PROD-KURTA-003,4845,kurta,Ajio,Desktop Web,4,Positive,2024-01-30,46,True
REV-02493,PROD-KURTA-003,192,kurta,Nalli,Desktop Web,5,Positive,2024-02-12,16,True
REV-02494,PROD-KURTA-003,3724,kurta,Nalli,Desktop Web,3,Neutral,2024-01-05,48,True
REV-02495,PROD-TOP-002,4683,Top,Flipkart,Desktop Web,5,Positive,2022-01-12,120,True
REV-02496,PROD-BOTTOM-001,2576,Bottom,Amazon,Tablet App,4,Positive,2024-11-11,62,True
REV-02497,PROD-TOP-002,4000,Top,Flipkart,Tablet App,5,Positive,2022-10-10,77,True
REV-02498,PROD-KURTA-003,2297,kurta,Amazon,Tablet App,3,Neutral,2022-10-24,120,True
REV-02499,PROD-ETHNIC-001,1155,Ethnic Dress,Nalli,Tablet App,4,Positive,2022-11-30,42,False
REV-02500,PROD-JACKET-001,2166,Jacket,Flipkart,Mobile Web,2,Negative,2022-04-20,117,True
REV-02501,PROD-SET-001,2406,Set,Flipkart,Tablet App,5,Positive,2023-12-11,106,True
REV-02502,PROD-SAREE-001,1036,Saree,Amazon,Desktop Web,4,Positive,2024-11-01,16,True
REV-02503,PROD-BOTTOM-002,408,Bottom,Amazon,Tablet App,5,Positive,2022-02-06,28,True
REV-02504,PROD-ETHNIC-001,3764,Ethnic Dress,Myntra,Desktop Web,4,Positive,2022-04-19,105,True
REV-02505,PROD-TOP-001,1456,Top,Nalli,Desktop Web,5,Positive,2024-08-20,117,False
REV-02506,PROD-SUIT-001,42,Suit,Amazon,Mobile App,4,Positive,2023-07-28,62,False
REV-02507,PROD-DUPATTA-001,3708,Dupatta,Myntra,Mobile App,3,Neutral,2023-06-21,17,True
REV-02508,PROD-KURTA-003,52,kurta,Ajio,Mobile App,4,Positive,2024-02-04,7,True
REV-02509,PROD-LEHENGA-001,750,Lehenga Choli,Amazon,Mobile Web,5,Positive,2022-05-01,0,False
REV-02510,PROD-SET-003,706,Set,Flipkart,Desktop Web,5,Positive,2022-08-12,54,True
REV-02511,PROD-KURTA-002,3610,kurta,Amazon,Desktop Web,5,Positive,2023-04-11,25,True
REV-02512,PROD-KURTA-002,4864,kurta,Flipkart,Mobile App,4,Positive,2024-05-31,0,True
REV-02513,PROD-TOP-001,4131,Top,Nalli,Mobile Web,5,Positive,2022-06-27,71,True
REV-02514,PROD-TOP-002,4649,Top,Nalli,Tablet App,4,Positive,2022-10-16,52,False
REV-02515,PROD-LEHENGA-001,2824,Lehenga Choli,Myntra,Mobile Web,5,Positive,2024-04-24,35,True
REV-02516,PROD-SET-001,4217,Set,Myntra,Tablet App,4,Positive,2022-06-30,25,True
REV-02517,PROD-LEHENGA-001,291,Lehenga Choli,Flipkart,Mobile Web,3,Neutral,2022-05-25,5,True
REV-02518,PROD-SAREE-002,1817,Saree,Myntra,Mobile App,5,Positive,2024-04-05,59,True
REV-02519,PROD-DRESS-001,3587,Western Dress,Flipkart,Desktop Web,5,Positive,2024-01-08,43,True
REV-02520,PROD-ETHNIC-001,2237,Ethnic Dress,Nalli,Tablet App,4,Positive,2024-04-10,4,True
REV-02521,PROD-BOTTOM-001,2060,Bottom,Flipkart,Desktop Web,3,Neutral,2023-03-25,70,True
REV-02522,PROD-SET-003,3135,Set,Flipkart,Tablet App,4,Positive,2023-04-12,117,True
REV-02523,PROD-LEHENGA-001,435,Lehenga Choli,Ajio,Tablet App,2,Negative,2023-11-16,118,True
REV-02524,PROD-KURTA-002,2749,kurta,Flipkart,Mobile App,4,Positive,2024-07-08,46,True
REV-02525,PROD-SET-003,80,Set,Nalli,Mobile App,4,Positive,2023-01-10,69,True
REV-02526,PROD-SAREE-001,2536,Saree,Amazon,Mobile App,3,Neutral,2024-10-07,113,True
REV-02527,PROD-SET-001,3791,Set,Nalli,Tablet App,5,Positive,2022-07-25,12,False
REV-02528,PROD-KURTA-001,3647,kurta,Ajio,Mobile App,3,Neutral,2023-08-28,87,True
REV-02529,PROD-SET-003,3039,Set,Myntra,Mobile Web,5,Positive,2024-04-11,104,True
REV-02530,PROD-KURTA-003,678,kurta,Myntra,Desktop Web,5,Positive,2022-01-02,56,True
REV-02531,PROD-JACKET-001,87,Jacket,Myntra,Tablet App,4,Positive,2022-05-02,97,True
REV-02532,PROD-KURTA-003,1758,kurta,Myntra,Mobile Web,4,Positive,2023-11-22,102,False
REV-02533,PROD-TOP-001,263,Top,Ajio,Mobile Web,4,Positive,2023-11-27,5,True
REV-02534,PROD-SET-001,1058,Set,Ajio,Mobile App,5,Positive,2023-01-27,119,True
REV-02535,PROD-JACKET-001,1890,Jacket,Amazon,Mobile App,5,Positive,2022-02-27,1,True
REV-02536,PROD-TOP-002,2491,Top,Amazon,Desktop Web,5,Positive,2023-03-19,88,False
REV-02537,PROD-SET-001,1033,Set,Amazon,Desktop Web,1,Negative,2023-12-15,54,True
REV-02538,PROD-DUPATTA-001,528,Dupatta,Amazon,Mobile Web,5,Positive,2023-08-06,80,False
REV-02539,PROD-SET-001,1428,Set,Nalli,Mobile Web,5,Positive,2023-11-21,44,True
REV-02540,PROD-SAREE-002,1201,Saree,Amazon,Mobile Web,5,Positive,2023-11-29,49,True
REV-02541,PROD-KURTA-002,4665,kurta,Nalli,Mobile App,2,Negative,2024-09-24,82,True
REV-02542,PROD-BLOUSE-001,604,Blouse,Nalli,Tablet App,5,Positive,2022-05-01,91,True
REV-02543,PROD-BOTTOM-002,3924,Bottom,Nalli,Mobile Web,4,Positive,2023-05-10,88,True
REV-02544,PROD-DRESS-001,2513,Western Dress,Nalli,Mobile Web,5,Positive,2023-08-15,110,True
REV-02545,PROD-KURTA-001,3756,kurta,Ajio,Desktop Web,1,Negative,2024-10-02,42,True
REV-02546,PROD-KURTA-001,91,kurta,Amazon,Tablet App,4,Positive,2023-12-14,27,True
REV-02547,PROD-SAREE-001,1505,Saree,Flipkart,Mobile App,4,Positive,2024-03-12,58,False
REV-02548,PROD-TOP-001,1531,Top,Nalli,Desktop Web,3,Neutral,2022-05-06,28,True
REV-02549,PROD-TOP-002,572,Top,Amazon,Mobile App,4,Positive,2022-07-15,73,True
REV-02550,PROD-ETHNIC-001,2918,Ethnic Dress,Myntra,Mobile App,5,Positive,2022-04-06,81,False
REV-02551,PROD-LEHENGA-001,2075,Lehenga Choli,Myntra,Mobile App,5,Positive,2024-11-11,19,True
REV-02552,PROD-KURTA-003,1802,kurta,Myntra,Mobile App,4,Positive,2024-06-28,36,True
REV-02553,PROD-BOTTOM-001,2649,Bottom,Nalli,Desktop Web,4,Positive,2024-07-12,11,True
REV-02554,PROD-JACKET-001,2554,Jacket,Myntra,Tablet App,5,Positive,2024-05-17,5,True
REV-02555,PROD-DRESS-002,70,Western Dress,Myntra,Tablet App,4,Positive,2023-01-02,47,True
REV-02556,PROD-DUPATTA-001,3785,Dupatta,Ajio,Mobile App,3,Neutral,2023-06-08,88,False
REV-02557,PROD-SET-002,939,Set,Amazon,Mobile Web,1,Negative,2024-06-30,107,True
REV-02558,PROD-DRESS-002,1483,Western Dress,Myntra,Tablet App,5,Positive,2022-01-13,89,True
REV-02559,PROD-SET-001,554,Set,Flipkart,Mobile App,5,Positive,2022-12-17,66,False
REV-02560,PROD-BOTTOM-002,4633,Bottom,Amazon,Tablet App,5,Positive,2024-01-20,13,True
REV-02561,PROD-DUPATTA-001,2723,Dupatta,Nalli,Mobile App,4,Positive,2024-01-31,93,False
REV-02562,PROD-SAREE-001,3854,Saree,Myntra,Mobile App,5,Positive,2024-08-07,48,False
REV-02563,PROD-DUPATTA-001,2783,Dupatta,Myntra,Tablet App,2,Negative,2022-04-14,68,False
REV-02564,PROD-DRESS-001,4987,Western Dress,Myntra,Tablet App,2,Negative,2024-02-08,115,True
REV-02565,PROD-DUPATTA-001,438,Dupatta,Amazon,Desktop Web,4,Positive,2023-09-29,21,True
REV-02566,PROD-SET-003,4516,Set,Myntra,Mobile Web,1,Negative,2022-12-30,68,True
REV-02567,PROD-DRESS-002,485,Western Dress,Flipkart,Mobile App,3,Neutral,2022-11-15,35,True
REV-02568,PROD-BOTTOM-002,1079,Bottom,Nalli,Mobile App,5,Positive,2023-03-09,8,True
REV-02569,PROD-SAREE-002,84,Saree,Myntra,Mobile App,5,Positive,2023-02-06,16,True
REV-02570,PROD-DRESS-001,1223,Western Dress,Myntra,Desktop Web,5,Positive,2023-07-22,16,True
REV-02571,PROD-BOTTOM-002,846,Bottom,Myntra,Mobile Web,4,Positive,2022-09-18,91,True
REV-02572,PROD-KURTA-002,4124,kurta,Amazon,Tablet App,5,Positive,2022-09-25,42,True
REV-02573,PROD-ETHNIC-001,24,Ethnic Dress,Amazon,Mobile Web,4,Positive,2023-02-08,91,False
REV-02574,PROD-DRESS-002,3744,Western Dress,Ajio,Mobile Web,5,Positive,2024-06-20,50,False
REV-02575,PROD-SET-001,1082,Set,Amazon,Mobile App,5,Positive,2023-04-05,83,True
REV-02576,PROD-SUIT-001,3848,Suit,Flipkart,Tablet App,3,Neutral,2022-06-01,110,False
REV-02577,PROD-KURTA-002,4769,kurta,Nalli,Desktop Web,5,Positive,2022-11-22,15,True
REV-02578,PROD-TOP-001,548,Top,Nalli,Tablet App,4,Positive,2023-07-20,50,True
REV-02579,PROD-SET-002,971,Set,Ajio,Tablet App,5,Positive,2023-02-20,1,False
REV-02580,PROD-KURTA-002,3422,kurta,Ajio,Tablet App,4,Positive,2024-01-25,96,True
REV-02581,PROD-BLOUSE-001,1254,Blouse,Amazon,Tablet App,4,Positive,2024-03-17,46,True
REV-02582,PROD-KURTA-002,2087,kurta,Flipkart,Mobile App,4,Positive,2023-08-11,56,True
REV-02583,PROD-BLOUSE-001,4954,Blouse,Myntra,Desktop Web,5,Positive,2023-09-20,72,True
REV-02584,PROD-SAREE-002,1371,Saree,Ajio,Desktop Web,1,Negative,2024-02-11,16,True
REV-02585,PROD-BLOUSE-001,725,Blouse,Flipkart,Desktop Web,3,Neutral,2022-08-29,32,True
REV-02586,PROD-ETHNIC-001,4545,Ethnic Dress,Flipkart,Mobile Web,5,Positive,2023-12-05,86,True
REV-02587,PROD-SET-001,322,Set,Nalli,Tablet App,5,Positive,2024-11-17,76,False
REV-02588,PROD-SET-001,1209,Set,Myntra,Mobile Web,5,Positive,2024-04-14,116,True
REV-02589,PROD-SUIT-001,2160,Suit,Myntra,Desktop Web,5,Positive,2024-02-18,71,True
REV-02590,PROD-DRESS-002,3776,Western Dress,Myntra,Mobile Web,5,Positive,2023-07-31,85,True
REV-02591,PROD-SAREE-002,2012,Saree,Flipkart,Desktop Web,4,Positive,2023-04-06,104,True
REV-02592,PROD-DRESS-002,4334,Western Dress,Ajio,Tablet App,2,Negative,2024-01-20,3,True
REV-02593,PROD-TOP-001,3199,Top,Nalli,Mobile Web,4,Positive,2024-08-14,63,True
REV-02594,PROD-BOTTOM-001,2749,Bottom,Myntra,Mobile Web,4,Positive,2023-07-04,30,True
REV-02595,PROD-SAREE-002,3220,Saree,Ajio,Tablet App,5,Positive,2023-07-09,103,True
REV-02596,PROD-ETHNIC-001,1037,Ethnic Dress,Amazon,Desktop Web,4,Positive,2023-07-29,43,True
REV-02597,PROD-SAREE-002,4692,Saree,Flipkart,Mobile Web,1,Negative,2022-01-17,65,True
REV-02598,PROD-SAREE-001,4882,Saree,Myntra,Mobile Web,3,Neutral,2024-03-28,100,True
REV-02599,PROD-JACKET-001,3660,Jacket,Myntra,Mobile App,4,Positive,2023-09-11,109,True
REV-02600,PROD-KURTA-001,1120,kurta,Myntra,Mobile Web,4,Positive,2023-07-20,99,False
REV-02601,PROD-SET-001,1004,Set,Flipkart,Mobile App,4,Positive,2024-02-28,85,True
REV-02602,PROD-LEHENGA-001,1290,Lehenga Choli,Ajio,Mobile App,5,Positive,2023-05-23,38,True
REV-02603,PROD-TOP-002,3710,Top,Nalli,Tablet App,4,Positive,2022-04-25,28,True
REV-02604,PROD-DRESS-002,246,Western Dress,Nalli,Mobile App,3,Neutral,2022-02-07,63,False
REV-02605,PROD-SAREE-002,986,Saree,Amazon,Mobile Web,5,Positive,2022-10-18,93,False
REV-02606,PROD-BOTTOM-001,2608,Bottom,Myntra,Desktop Web,3,Neutral,2023-07-30,46,True
REV-02607,PROD-SET-003,3774,Set,Flipkart,Mobile Web,4,Positive,2024-11-01,108,True
REV-02608,PROD-KURTA-002,1341,kurta,Amazon,Tablet App,3,Neutral,2023-02-02,101,True
REV-02609,PROD-SET-002,3792,Set,Ajio,Desktop Web,4,Positive,2024-06-29,73,True
REV-02610,PROD-BLOUSE-001,1543,Blouse,Myntra,Tablet App,5,Positive,2024-04-12,0,True
REV-02611,PROD-TOP-001,2926,Top,Myntra,Tablet App,5,Positive,2022-04-06,119,False
REV-02612,PROD-KURTA-003,2667,kurta,Nalli,Mobile App,1,Negative,2024-01-23,4,True
REV-02613,PROD-SET-002,1049,Set,Amazon,Mobile Web,4,Positive,2022-12-31,23,True
REV-02614,PROD-BOTTOM-001,983,Bottom,Ajio,Mobile App,5,Positive,2023-02-04,77,True
REV-02615,PROD-DRESS-002,1783,Western Dress,Ajio,Mobile App,5,Positive,2022-09-10,63,True
REV-02616,PROD-KURTA-002,3098,kurta,Nalli,Mobile Web,3,Neutral,2023-02-10,44,True
REV-02617,PROD-DUPATTA-001,220,Dupatta,Nalli,Desktop Web,5,Positive,2022-12-27,73,True
REV-02618,PROD-DRESS-002,2886,Western Dress,Myntra,Desktop Web,4,Positive,2024-02-04,18,True
REV-02619,PROD-SET-002,1859,Set,Nalli,Desktop Web,5,Positive,2024-06-25,114,False
REV-02620,PROD-SUIT-001,2354,Suit,Flipkart,Tablet App,5,Positive,2022-01-03,88,True
REV-02621,PROD-SAREE-002,3468,Saree,Ajio,Mobile App,4,Positive,2023-04-10,64,True
REV-02622,PROD-KURTA-002,402,kurta,Nalli,Tablet App,4,Positive,2022-07-07,5,False
REV-02623,PROD-SET-003,990,Set,Nalli,Desktop Web,4,Positive,2024-10-16,106,True
REV-02624,PROD-BLOUSE-001,4026,Blouse,Amazon,Desktop Web,2,Negative,2022-01-29,50,True
REV-02625,PROD-SAREE-002,4574,Saree,Nalli,Desktop Web,5,Positive,2023-04-01,90,True
REV-02626,PROD-BOTTOM-002,2148,Bottom,Nalli,Mobile Web,5,Positive,2024-06-09,99,True
REV-02627,PROD-BOTTOM-002,2152,Bottom,Myntra,Desktop Web,4,Positive,2024-06-25,26,True
REV-02628,PROD-SET-002,4165,Set,Amazon,Mobile App,3,Neutral,2022-11-27,96,False
REV-02629,PROD-TOP-002,2836,Top,Nalli,Desktop Web,4,Positive,2022-11-12,91,True
REV-02630,PROD-SET-003,3318,Set,Amazon,Tablet App,5,Positive,2023-12-26,23,False
REV-02631,PROD-SAREE-001,3192,Saree,Myntra,Tablet App,4,Positive,2022-04-11,110,True
REV-02632,PROD-KURTA-003,4355,kurta,Amazon,Mobile Web,5,Positive,2022-08-23,50,True
REV-02633,PROD-TOP-001,52,Top,Ajio,Mobile Web,3,Neutral,2023-04-29,29,False
REV-02634,PROD-TOP-002,1217,Top,Amazon,Mobile App,5,Positive,2023-10-26,28,True
REV-02635,PROD-SET-003,4168,Set,Flipkart,Tablet App,4,Positive,2022-04-28,29,False
REV-02636,PROD-BOTTOM-002,519,Bottom,Flipkart,Mobile Web,5,Positive,2024-03-01,101,True
REV-02637,PROD-KURTA-002,4659,kurta,Amazon,Desktop Web,4,Positive,2023-05-30,119,True
REV-02638,PROD-SAREE-002,590,Saree,Amazon,Mobile Web,3,Neutral,2023-07-03,42,True
REV-02639,PROD-TOP-001,4721,Top,Ajio,Desktop Web,1,Negative,2022-07-07,75,True
REV-02640,PROD-BOTTOM-001,1515,Bottom,Amazon,Tablet App,4,Positive,2024-01-03,102,True
REV-02641,PROD-SET-002,3561,Set,Myntra,Mobile App,1,Negative,2022-12-12,9,False
REV-02642,PROD-BOTTOM-002,1227,Bottom,Flipkart,Mobile App,3,Neutral,2022-07-03,120,True
REV-02643,PROD-JACKET-001,3306,Jacket,Ajio,Tablet App,4,Positive,2024-05-30,51,True
REV-02644,PROD-JACKET-001,1767,Jacket,Amazon,Desktop Web,5,Positive,2024-08-29,54,True
REV-02645,PROD-BOTTOM-002,1081,Bottom,Ajio,Tablet App,4,Positive,2023-01-15,86,True
REV-02646,PROD-BOTTOM-001,4381,Bottom,Nalli,Tablet App,5,Positive,2024-12-22,83,False
REV-02647,PROD-ETHNIC-001,4684,Ethnic Dress,Flipkart,Desktop Web,4,Positive,2023-03-02,14,False
REV-02648,PROD-KURTA-003,2694,kurta,Flipkart,Desktop Web,5,Positive,2024-02-22,3,False
REV-02649,PROD-JACKET-001,1911,Jacket,Amazon,Desktop Web,5,Positive,2023-01-08,5,True
REV-02650,PROD-SET-001,193,Set,Flipkart,Tablet App,5,Positive,2023-12-22,103,True
REV-02651,PROD-TOP-001,2328,Top,Ajio,Mobile App,5,Positive,2024-07-23,91,True
REV-02652,PROD-KURTA-001,3242,kurta,Flipkart,Mobile Web,3,Neutral,2024-08-08,69,True
REV-02653,PROD-BOTTOM-002,4859,Bottom,Ajio,Mobile Web,4,Positive,2024-07-06,113,True
REV-02654,PROD-ETHNIC-001,2848,Ethnic Dress,Ajio,Mobile App,5,Positive,2024-02-29,32,True
REV-02655,PROD-KURTA-002,2892,kurta,Flipkart,Desktop Web,1,Negative,2023-05-16,60,True
REV-02656,PROD-KURTA-002,2232,kurta,Nalli,Tablet App,5,Positive,2024-03-01,78,True
REV-02657,PROD-BOTTOM-001,4633,Bottom,Flipkart,Desktop Web,4,Positive,2022-08-14,72,True
REV-02658,PROD-DRESS-002,3039,Western Dress,Nalli,Tablet App,4,Positive,2022-04-12,92,True
REV-02659,PROD-SET-003,1324,Set,Nalli,Desktop Web,4,Positive,2022-08-14,59,True
REV-02660,PROD-DRESS-001,642,Western Dress,Flipkart,Mobile Web,4,Positive,2023-04-26,117,False
REV-02661,PROD-SUIT-001,3224,Suit,Flipkart,Mobile Web,5,Positive,2023-11-18,52,True
REV-02662,PROD-DRESS-002,2145,Western Dress,Flipkart,Desktop Web,4,Positive,2023-11-08,39,True
REV-02663,PROD-KURTA-003,994,kurta,Ajio,Desktop Web,5,Positive,2023-09-18,96,False
REV-02664,PROD-DRESS-002,2260,Western Dress,Nalli,Tablet App,5,Positive,2023-06-14,36,True
REV-02665,PROD-JACKET-001,2162,Jacket,Amazon,Desktop Web,5,Positive,2024-04-19,18,True
REV-02666,PROD-KURTA-002,3442,kurta,Myntra,Tablet App,5,Positive,2024-10-22,92,True
REV-02667,PROD-JACKET-001,4280,Jacket,Nalli,Mobile Web,5,Positive,2024-12-27,12,True
REV-02668,PROD-SET-003,4678,Set,Ajio,Desktop Web,3,Neutral,2022-01-17,7,True
REV-02669,PROD-SET-001,3924,Set,Flipkart,Mobile Web,5,Positive,2022-03-30,115,False
REV-02670,PROD-SAREE-002,3036,Saree,Flipkart,Tablet App,3,Neutral,2024-04-25,102,False
REV-02671,PROD-SET-002,306,Set,Myntra,Mobile App,5,Positive,2022-09-15,5,True
REV-02672,PROD-TOP-001,3126,Top,Amazon,Desktop Web,5,Positive,2023-09-16,92,False
REV-02673,PROD-DRESS-002,1159,Western Dress,Flipkart,Mobile App,5,Positive,2022-02-26,17,True
REV-02674,PROD-DRESS-001,2731,Western Dress,Ajio,Mobile Web,5,Positive,2024-08-03,67,False
REV-02675,PROD-BLOUSE-001,3862,Blouse,Amazon,Tablet App,3,Neutral,2023-11-22,103,True
REV-02676,PROD-JACKET-001,2139,Jacket,Flipkart,Mobile Web,5,Positive,2022-05-21,24,True
REV-02677,PROD-SAREE-001,694,Saree,Amazon,Desktop Web,4,Positive,2023-03-30,119,False
REV-02678,PROD-LEHENGA-001,2430,Lehenga Choli,Myntra,Desktop Web,4,Positive,2023-02-24,106,True
REV-02679,PROD-SET-003,275,Set,Myntra,Desktop Web,5,Positive,2022-10-05,39,True
REV-02680,PROD-TOP-002,1704,Top,Amazon,Mobile App,3,Neutral,2024-04-12,38,True
REV-02681,PROD-BOTTOM-001,4133,Bottom,Ajio,Mobile App,5,Positive,2024-05-01,4,False
REV-02682,PROD-SAREE-001,4662,Saree,Flipkart,Tablet App,5,Positive,2022-10-16,96,False
REV-02683,PROD-KURTA-002,3992,kurta,Ajio,Mobile Web,3,Neutral,2022-07-03,8,True
REV-02684,PROD-TOP-001,2475,Top,Myntra,Mobile Web,3,Neutral,2022-03-18,7,True
REV-02685,PROD-DRESS-002,385,Western Dress,Myntra,Desktop Web,4,Positive,2024-01-21,104,False
REV-02686,PROD-SUIT-001,3202,Suit,Flipkart,Desktop Web,5,Positive,2024-05-14,57,True
REV-02687,PROD-SET-003,4263,Set,Myntra,Desktop Web,3,Neutral,2022-10-01,1,True
REV-02688,PROD-KURTA-001,4700,kurta,Amazon,Desktop Web,3,Neutral,2024-04-01,26,True
REV-02689,PROD-DRESS-002,2078,Western Dress,Ajio,Tablet App,1,Negative,2023-02-09,56,True
REV-02690,PROD-SET-001,3738,Set,Flipkart,Mobile App,5,Positive,2024-05-26,56,True
REV-02691,PROD-SET-002,2583,Set,Myntra,Mobile App,5,Positive,2023-12-13,22,True
REV-02692,PROD-SAREE-002,1418,Saree,Myntra,Mobile Web,4,Positive,2022-06-10,104,True
REV-02693,PROD-SET-003,2219,Set,Myntra,Mobile App,4,Positive,2023-03-20,16,False
REV-02694,PROD-TOP-002,745,Top,Ajio,Desktop Web,4,Positive,2022-02-03,20,True
REV-02695,PROD-TOP-002,480,Top,Ajio,Tablet App,2,Negative,2024-02-04,117,True
REV-02696,PROD-LEHENGA-001,3902,Lehenga Choli,Ajio,Mobile Web,4,Positive,2022-07-28,105,True
REV-02697,PROD-ETHNIC-001,2161,Ethnic Dress,Amazon,Tablet App,3,Neutral,2023-01-10,46,False
REV-02698,PROD-DRESS-002,1263,Western Dress,Ajio,Desktop Web,4,Positive,2024-06-21,43,False
REV-02699,PROD-KURTA-003,4906,kurta,Amazon,Mobile Web,3,Neutral,2023-10-11,49,True
REV-02700,PROD-LEHENGA-001,4155,Lehenga Choli,Myntra,Desktop Web,4,Positive,2023-06-06,62,True
REV-02701,PROD-DRESS-001,1527,Western Dress,Amazon,Desktop Web,4,Positive,2022-06-06,10,True
REV-02702,PROD-KURTA-002,4207,kurta,Amazon,Desktop Web,3,Neutral,2024-07-26,89,True
REV-02703,PROD-LEHENGA-001,606,Lehenga Choli,Ajio,Mobile App,4,Positive,2022-04-13,110,True
REV-02704,PROD-TOP-002,4901,Top,Myntra,Mobile Web,5,Positive,2023-04-07,13,False
REV-02705,PROD-SUIT-001,1460,Suit,Nalli,Mobile Web,5,Positive,2023-12-28,94,True
REV-02706,PROD-BOTTOM-002,1165,Bottom,Ajio,Tablet App,3,Neutral,2022-12-26,95,True
REV-02707,PROD-DRESS-002,1490,Western Dress,Myntra,Mobile App,4,Positive,2024-07-19,46,True
REV-02708,PROD-SET-002,1444,Set,Ajio,Mobile Web,3,Neutral,2024-02-09,87,True
REV-02709,PROD-JACKET-001,1576,Jacket,Myntra,Mobile App,5,Positive,2024-02-23,88,False
REV-02710,PROD-DRESS-001,2412,Western Dress,Flipkart,Tablet App,4,Positive,2023-08-17,112,True
REV-02711,PROD-TOP-002,4089,Top,Nalli,Mobile Web,4,Positive,2024-11-28,1,True
REV-02712,PROD-BOTTOM-001,85,Bottom,Flipkart,Tablet App,1,Negative,2022-12-07,98,False
REV-02713,PROD-SAREE-002,1553,Saree,Ajio,Tablet App,2,Negative,2023-10-04,32,False
REV-02714,PROD-SET-003,1311,Set,Nalli,Mobile Web,4,Positive,2023-03-05,53,True
REV-02715,PROD-TOP-001,3885,Top,Flipkart,Desktop Web,3,Neutral,2024-10-16,20,True
REV-02716,PROD-JACKET-001,660,Jacket,Ajio,Mobile Web,3,Neutral,2024-05-06,69,True
REV-02717,PROD-SET-002,228,Set,Flipkart,Desktop Web,5,Positive,2022-10-02,19,False
REV-02718,PROD-TOP-002,3363,Top,Myntra,Mobile App,3,Neutral,2023-10-23,19,False
REV-02719,PROD-SAREE-001,1906,Saree,Ajio,Desktop Web,4,Positive,2024-04-03,59,True
REV-02720,PROD-ETHNIC-001,1474,Ethnic Dress,Amazon,Tablet App,3,Neutral,2023-08-31,48,True
REV-02721,PROD-SAREE-001,222,Saree,Nalli,Mobile Web,5,Positive,2024-11-19,12,True
REV-02722,PROD-DRESS-001,4410,Western Dress,Amazon,Mobile App,5,Positive,2023-04-02,34,False
REV-02723,PROD-LEHENGA-001,1287,Lehenga Choli,Amazon,Mobile App,5,Positive,2023-04-05,22,True
REV-02724,PROD-SET-001,625,Set,Flipkart,Mobile Web,5,Positive,2022-12-21,65,True
REV-02725,PROD-SAREE-002,4452,Saree,Ajio,Tablet App,4,Positive,2024-06-10,51,True
REV-02726,PROD-KURTA-001,4349,kurta,Flipkart,Mobile Web,3,Neutral,2022-08-13,71,False
REV-02727,PROD-KURTA-002,1095,kurta,Amazon,Mobile App,4,Positive,2023-09-18,101,True
REV-02728,PROD-SET-003,4079,Set,Ajio,Tablet App,5,Positive,2024-10-26,31,True
REV-02729,PROD-DUPATTA-001,3291,Dupatta,Flipkart,Tablet App,4,Positive,2024-03-05,95,True
REV-02730,PROD-SET-001,1784,Set,Flipkart,Desktop Web,5,Positive,2022-09-22,14,False
REV-02731,PROD-SET-002,1187,Set,Myntra,Mobile App,5,Positive,2024-06-12,24,True
REV-02732,PROD-KURTA-001,373,kurta,Flipkart,Desktop Web,4,Positive,2022-05-11,78,True
REV-02733,PROD-LEHENGA-001,2306,Lehenga Choli,Ajio,Mobile App,4,Positive,2022-08-19,11,True
REV-02734,PROD-SUIT-001,4818,Suit,Nalli,Mobile Web,4,Positive,2024-04-12,73,False
REV-02735,PROD-SET-001,1632,Set,Amazon,Mobile App,5,Positive,2024-11-18,7,True
REV-02736,PROD-ETHNIC-001,1378,Ethnic Dress,Amazon,Mobile App,4,Positive,2022-02-12,0,True
REV-02737,PROD-DRESS-001,1585,Western Dress,Nalli,Tablet App,5,Positive,2023-11-21,24,True
REV-02738,PROD-KURTA-001,2676,kurta,Myntra,Mobile Web,4,Positive,2022-04-06,31,False
REV-02739,PROD-DRESS-002,2911,Western Dress,Nalli,Desktop Web,4,Positive,2022-01-04,118,True
REV-02740,PROD-SUIT-001,489,Suit,Ajio,Tablet App,3,Neutral,2022-05-08,68,True
REV-02741,PROD-SET-003,2000,Set,Myntra,Desktop Web,5,Positive,2024-06-12,108,False
REV-02742,PROD-DRESS-001,4993,Western Dress,Ajio,Desktop Web,5,Positive,2024-10-24,27,True
REV-02743,PROD-ETHNIC-001,4143,Ethnic Dress,Flipkart,Mobile App,5,Positive,2022-06-20,113,False
REV-02744,PROD-BLOUSE-001,859,Blouse,Myntra,Tablet App,3,Neutral,2024-07-20,70,True
REV-02745,PROD-SET-001,1556,Set,Myntra,Desktop Web,1,Negative,2022-06-02,25,True
REV-02746,PROD-SUIT-001,1834,Suit,Flipkart,Desktop Web,3,Neutral,2024-11-06,59,False
REV-02747,PROD-KURTA-003,163,kurta,Ajio,Tablet App,4,Positive,2023-10-29,63,True
REV-02748,PROD-SET-001,3033,Set,Nalli,Desktop Web,5,Positive,2024-05-15,0,False
REV-02749,PROD-DUPATTA-001,2027,Dupatta,Amazon,Desktop Web,3,Neutral,2023-06-30,59,False
REV-02750,PROD-BOTTOM-001,3774,Bottom,Nalli,Mobile App,5,Positive,2022-08-28,45,False
REV-02751,PROD-ETHNIC-001,2024,Ethnic Dress,Nalli,Mobile Web,5,Positive,2024-12-28,44,True
REV-02752,PROD-SET-003,1235,Set,Ajio,Tablet App,5,Positive,2022-02-04,47,True
REV-02753,PROD-LEHENGA-001,2900,Lehenga Choli,Nalli,Mobile App,4,Positive,2022-12-16,17,True
REV-02754,PROD-BOTTOM-001,4860,Bottom,Nalli,Desktop Web,4,Positive,2024-11-04,43,True
REV-02755,PROD-DRESS-002,74,Western Dress,Ajio,Mobile Web,5,Positive,2024-06-10,113,True
REV-02756,PROD-JACKET-001,3646,Jacket,Flipkart,Tablet App,5,Positive,2022-02-16,18,False
REV-02757,PROD-ETHNIC-001,516,Ethnic Dress,Ajio,Tablet App,4,Positive,2023-09-16,62,True
REV-02758,PROD-LEHENGA-001,2515,Lehenga Choli,Ajio,Mobile Web,1,Negative,2024-07-25,71,True
REV-02759,PROD-SUIT-001,3323,Suit,Flipkart,Mobile App,5,Positive,2023-08-06,65,True
REV-02760,PROD-SUIT-001,922,Suit,Ajio,Tablet App,5,Positive,2023-09-12,31,True
REV-02761,PROD-BOTTOM-001,1690,Bottom,Ajio,Mobile App,4,Positive,2023-12-05,48,True
REV-02762,PROD-JACKET-001,2376,Jacket,Flipkart,Mobile App,4,Positive,2023-06-28,101,False
REV-02763,PROD-SET-003,3232,Set,Amazon,Mobile Web,5,Positive,2024-11-20,21,True
REV-02764,PROD-KURTA-002,3758,kurta,Amazon,Tablet App,3,Neutral,2022-10-13,51,True
REV-02765,PROD-LEHENGA-001,149,Lehenga Choli,Nalli,Desktop Web,5,Positive,2022-05-06,34,False
REV-02766,PROD-TOP-001,1815,Top,Amazon,Desktop Web,4,Positive,2022-08-02,111,True
REV-02767,PROD-SAREE-001,4875,Saree,Ajio,Mobile Web,4,Positive,2023-05-01,106,True
REV-02768,PROD-LEHENGA-001,120,Lehenga Choli,Myntra,Tablet App,4,Positive,2023-04-30,100,True
REV-02769,PROD-KURTA-001,377,kurta,Flipkart,Tablet App,2,Negative,2023-03-12,97,True
REV-02770,PROD-SET-001,1666,Set,Amazon,Mobile Web,5,Positive,2023-12-30,49,True
REV-02771,PROD-SET-001,3591,Set,Nalli,Mobile Web,5,Positive,2023-01-28,55,True
REV-02772,PROD-JACKET-001,160,Jacket,Amazon,Tablet App,2,Negative,2024-09-09,20,True
REV-02773,PROD-KURTA-002,3504,kurta,Flipkart,Mobile App,2,Negative,2023-02-22,6,True
REV-02774,PROD-TOP-001,2065,Top,Myntra,Mobile App,5,Positive,2023-09-13,50,True
REV-02775,PROD-TOP-001,4577,Top,Ajio,Mobile Web,5,Positive,2024-05-14,21,True
REV-02776,PROD-KURTA-002,958,kurta,Flipkart,Mobile Web,4,Positive,2022-09-16,78,False
REV-02777,PROD-ETHNIC-001,2584,Ethnic Dress,Ajio,Desktop Web,5,Positive,2022-10-08,23,True
REV-02778,PROD-SET-001,1933,Set,Myntra,Mobile Web,5,Positive,2023-11-11,56,True
REV-02779,PROD-TOP-001,3186,Top,Flipkart,Mobile Web,4,Positive,2024-09-10,87,True
REV-02780,PROD-SAREE-002,2673,Saree,Myntra,Mobile App,5,Positive,2024-06-14,108,True
REV-02781,PROD-LEHENGA-001,4007,Lehenga Choli,Amazon,Desktop Web,4,Positive,2022-01-13,36,True
REV-02782,PROD-SAREE-002,4882,Saree,Amazon,Mobile App,4,Positive,2022-12-07,94,True
REV-02783,PROD-BLOUSE-001,749,Blouse,Amazon,Tablet App,3,Neutral,2023-01-14,30,True
REV-02784,PROD-BOTTOM-001,2218,Bottom,Nalli,Desktop Web,4,Positive,2024-05-21,79,True
REV-02785,PROD-LEHENGA-001,4540,Lehenga Choli,Flipkart,Desktop Web,4,Positive,2023-10-20,23,False
REV-02786,PROD-TOP-002,1147,Top,Flipkart,Mobile App,3,Neutral,2023-12-11,51,True
REV-02787,PROD-DUPATTA-001,689,Dupatta,Ajio,Mobile App,4,Positive,2024-01-25,7,True
REV-02788,PROD-KURTA-002,2976,kurta,Flipkart,Mobile App,4,Positive,2022-04-07,33,True
REV-02789,PROD-BOTTOM-001,1887,Bottom,Flipkart,Desktop Web,4,Positive,2024-08-23,45,True
REV-02790,PROD-TOP-002,2424,Top,Amazon,Tablet App,4,Positive,2024-12-19,15,True
REV-02791,PROD-JACKET-001,1634,Jacket,Flipkart,Mobile Web,4,Positive,2024-07-29,108,False
REV-02792,PROD-DRESS-001,4001,Western Dress,Nalli,Mobile App,2,Negative,2023-04-19,28,True
REV-02793,PROD-SET-001,682,Set,Amazon,Desktop Web,4,Positive,2024-05-12,30,False
REV-02794,PROD-SUIT-001,307,Suit,Nalli,Tablet App,5,Positive,2024-05-24,64,False
REV-02795,PROD-SET-003,2889,Set,Myntra,Tablet App,5,Positive,2022-05-20,69,True
REV-02796,PROD-DRESS-001,1507,Western Dress,Flipkart,Mobile App,1,Negative,2024-06-09,40,True
REV-02797,PROD-SET-001,3348,Set,Flipkart,Desktop Web,4,Positive,2023-09-19,118,True
REV-02798,PROD-DRESS-002,410,Western Dress,Amazon,Mobile App,4,Positive,2024-11-14,45,True
REV-02799,PROD-BOTTOM-002,3126,Bottom,Ajio,Mobile App,3,Neutral,2023-07-26,94,True
REV-02800,PROD-BOTTOM-001,4854,Bottom,Ajio,Mobile App,5,Positive,2022-11-29,39,True
REV-02801,PROD-DRESS-001,4815,Western Dress,Nalli,Mobile Web,5,Positive,2022-10-07,113,True
REV-02802,PROD-ETHNIC-001,432,Ethnic Dress,Nalli,Mobile App,4,Positive,2023-12-01,88,True
REV-02803,PROD-SET-001,3930,Set,Myntra,Mobile App,2,Negative,2023-11-28,68,True
REV-02804,PROD-SAREE-001,4427,Saree,Nalli,Tablet App,3,Neutral,2022-06-24,84,False
REV-02805,PROD-TOP-002,2416,Top,Ajio,Mobile Web,5,Positive,2022-12-15,94,False
REV-02806,PROD-DUPATTA-001,4775,Dupatta,Flipkart,Tablet App,4,Positive,2024-07-26,21,False
REV-02807,PROD-SAREE-002,2692,Saree,Nalli,Mobile Web,5,Positive,2024-10-01,96,False
REV-02808,PROD-SET-002,4853,Set,Amazon,Desktop Web,5,Positive,2022-08-16,18,True
REV-02809,PROD-BOTTOM-001,4414,Bottom,Nalli,Mobile App,5,Positive,2024-08-05,104,True
REV-02810,PROD-TOP-002,4985,Top,Ajio,Mobile App,4,Positive,2023-01-20,59,True
REV-02811,PROD-SAREE-001,2452,Saree,Flipkart,Mobile Web,5,Positive,2024-12-19,103,True
REV-02812,PROD-TOP-001,3486,Top,Ajio,Desktop Web,5,Positive,2023-02-27,66,True
REV-02813,PROD-DUPATTA-001,1783,Dupatta,Amazon,Desktop Web,3,Neutral,2023-01-09,67,False
REV-02814,PROD-SAREE-001,672,Saree,Nalli,Desktop Web,5,Positive,2022-08-22,78,True
REV-02815,PROD-LEHENGA-001,4723,Lehenga Choli,Amazon,Mobile App,2,Negative,2023-11-21,94,False
REV-02816,PROD-JACKET-001,864,Jacket,Ajio,Tablet App,5,Positive,2022-12-08,73,True
REV-02817,PROD-SAREE-002,3465,Saree,Nalli,Desktop Web,4,Positive,2024-05-20,28,True
REV-02818,PROD-KURTA-003,4134,kurta,Nalli,Mobile App,5,Positive,2023-10-04,96,True
REV-02819,PROD-KURTA-001,1599,kurta,Myntra,Tablet App,5,Positive,2023-10-15,2,True
REV-02820,PROD-SET-001,86,Set,Myntra,Desktop Web,5,Positive,2022-06-13,109,False
REV-02821,PROD-BOTTOM-002,2864,Bottom,Amazon,Desktop Web,4,Positive,2023-10-08,92,True
REV-02822,PROD-KURTA-002,2688,kurta,Nalli,Mobile App,5,Positive,2024-12-23,109,False
REV-02823,PROD-SET-001,500,Set,Myntra,Mobile Web,2,Negative,2023-11-03,27,True
REV-02824,PROD-DRESS-001,4350,Western Dress,Ajio,Desktop Web,4,Positive,2023-12-04,48,True
REV-02825,PROD-SET-002,1778,Set,Flipkart,Tablet App,5,Positive,2022-06-11,72,True
REV-02826,PROD-DRESS-001,59,Western Dress,Flipkart,Mobile Web,4,Positive,2022-05-04,111,True
REV-02827,PROD-KURTA-003,3690,kurta,Myntra,Mobile App,4,Positive,2023-08-21,83,True
REV-02828,PROD-BLOUSE-001,4791,Blouse,Ajio,Desktop Web,5,Positive,2023-05-06,45,True
REV-02829,PROD-SET-001,2017,Set,Ajio,Mobile App,3,Neutral,2023-08-18,84,True
REV-02830,PROD-DUPATTA-001,3983,Dupatta,Myntra,Tablet App,5,Positive,2024-08-23,3,True
REV-02831,PROD-LEHENGA-001,3358,Lehenga Choli,Amazon,Mobile Web,5,Positive,2024-02-14,117,True
REV-02832,PROD-TOP-002,3095,Top,Flipkart,Mobile Web,3,Neutral,2022-06-18,8,True
REV-02833,PROD-KURTA-003,3784,kurta,Flipkart,Desktop Web,2,Negative,2022-08-03,42,False
REV-02834,PROD-TOP-002,352,Top,Flipkart,Mobile App,4,Positive,2023-06-28,4,True
REV-02835,PROD-LEHENGA-001,4018,Lehenga Choli,Myntra,Mobile App,4,Positive,2022-10-05,33,True
REV-02836,PROD-BOTTOM-002,1101,Bottom,Nalli,Mobile App,4,Positive,2024-05-14,33,True
REV-02837,PROD-TOP-001,4744,Top,Myntra,Mobile Web,4,Positive,2024-12-19,101,True
REV-02838,PROD-KURTA-001,3428,kurta,Ajio,Tablet App,5,Positive,2022-04-02,33,False
REV-02839,PROD-KURTA-001,4143,kurta,Nalli,Mobile Web,5,Positive,2022-12-21,120,False
REV-02840,PROD-DUPATTA-001,2621,Dupatta,Flipkart,Mobile App,4,Positive,2023-07-07,109,True
REV-02841,PROD-SAREE-001,1113,Saree,Ajio,Mobile App,4,Positive,2024-07-18,58,True
REV-02842,PROD-DRESS-001,4529,Western Dress,Nalli,Mobile App,1,Negative,2024-05-20,100,True
REV-02843,PROD-BLOUSE-001,288,Blouse,Myntra,Mobile Web,5,Positive,2023-07-09,26,False
REV-02844,PROD-DUPATTA-001,4156,Dupatta,Ajio,Desktop Web,5,Positive,2022-05-14,70,True
REV-02845,PROD-BOTTOM-001,4195,Bottom,Myntra,Desktop Web,5,Positive,2024-01-06,27,True
REV-02846,PROD-TOP-002,115,Top,Flipkart,Mobile App,5,Positive,2024-07-09,29,True
REV-02847,PROD-SUIT-001,2860,Suit,Myntra,Tablet App,1,Negative,2022-08-19,2,True
REV-02848,PROD-LEHENGA-001,2857,Lehenga Choli,Flipkart,Desktop Web,3,Neutral,2022-09-30,5,True
REV-02849,PROD-KURTA-003,1906,kurta,Amazon,Mobile App,5,Positive,2022-12-15,92,True
REV-02850,PROD-BOTTOM-001,2200,Bottom,Flipkart,Mobile App,4,Positive,2022-01-15,2,True
REV-02851,PROD-BOTTOM-002,817,Bottom,Nalli,Desktop Web,5,Positive,2023-07-12,20,True
REV-02852,PROD-SAREE-002,4513,Saree,Amazon,Mobile App,5,Positive,2023-05-07,79,True
REV-02853,PROD-SUIT-001,1182,Suit,Flipkart,Tablet App,4,Positive,2022-10-23,3,False
REV-02854,PROD-LEHENGA-001,2096,Lehenga Choli,Nalli,Tablet App,4,Positive,2024-03-09,26,True
REV-02855,PROD-SET-003,2446,Set,Myntra,Desktop Web,4,Positive,2024-10-12,37,True
REV-02856,PROD-TOP-001,1413,Top,Ajio,Mobile App,5,Positive,2023-03-15,13,False
REV-02857,PROD-SUIT-001,2503,Suit,Ajio,Tablet App,2,Negative,2023-01-30,12,True
REV-02858,PROD-DRESS-001,1224,Western Dress,Nalli,Tablet App,2,Negative,2022-01-25,57,True
REV-02859,PROD-KURTA-002,288,kurta,Amazon,Mobile Web,5,Positive,2022-11-07,99,True
REV-02860,PROD-BLOUSE-001,1111,Blouse,Amazon,Mobile Web,5,Positive,2024-04-28,25,True
REV-02861,PROD-LEHENGA-001,2777,Lehenga Choli,Ajio,Tablet App,5,Positive,2022-01-21,77,True
REV-02862,PROD-KURTA-001,1994,kurta,Myntra,Mobile Web,2,Negative,2024-10-10,102,False
REV-02863,PROD-KURTA-001,1772,kurta,Nalli,Tablet App,1,Negative,2024-08-02,11,True
REV-02864,PROD-KURTA-002,1313,kurta,Amazon,Mobile App,5,Positive,2022-12-18,26,False
REV-02865,PROD-BLOUSE-001,3872,Blouse,Amazon,Tablet App,5,Positive,2024-11-09,63,True
REV-02866,PROD-SET-003,2591,Set,Flipkart,Tablet App,3,Neutral,2023-06-04,101,True
REV-02867,PROD-BOTTOM-002,4483,Bottom,Amazon,Tablet App,3,Neutral,2022-12-09,106,True
REV-02868,PROD-BOTTOM-001,3335,Bottom,Amazon,Desktop Web,4,Positive,2023-05-17,105,True
REV-02869,PROD-TOP-002,1505,Top,Flipkart,Desktop Web,4,Positive,2022-09-27,11,True
REV-02870,PROD-KURTA-001,1759,kurta,Nalli,Mobile Web,3,Neutral,2023-01-06,96,True
REV-02871,PROD-SET-002,4779,Set,Flipkart,Mobile Web,5,Positive,2022-02-04,94,True
REV-02872,PROD-BOTTOM-002,186,Bottom,Myntra,Desktop Web,5,Positive,2024-02-09,53,True
REV-02873,PROD-SAREE-001,3853,Saree,Ajio,Mobile App,3,Neutral,2022-09-25,83,True
REV-02874,PROD-SUIT-001,1098,Suit,Flipkart,Mobile Web,5,Positive,2022-02-19,105,True
REV-02875,PROD-JACKET-001,3132,Jacket,Amazon,Desktop Web,4,Positive,2022-08-18,13,True
REV-02876,PROD-JACKET-001,4400,Jacket,Nalli,Mobile App,5,Positive,2023-10-17,21,True
REV-02877,PROD-LEHENGA-001,4970,Lehenga Choli,Nalli,Tablet App,5,Positive,2023-08-08,32,True
REV-02878,PROD-LEHENGA-001,3452,Lehenga Choli,Myntra,Desktop Web,4,Positive,2024-11-18,59,True
REV-02879,PROD-KURTA-002,4306,kurta,Flipkart,Mobile Web,5,Positive,2024-10-21,58,True
REV-02880,PROD-KURTA-001,3591,kurta,Nalli,Mobile App,4,Positive,2023-04-18,72,True
REV-02881,PROD-JACKET-001,4647,Jacket,Myntra,Mobile App,2,Negative,2023-08-21,55,True
REV-02882,PROD-KURTA-002,1652,kurta,Ajio,Desktop Web,2,Negative,2024-12-19,106,True
REV-02883,PROD-SAREE-001,4427,Saree,Flipkart,Tablet App,5,Positive,2023-07-25,34,True
REV-02884,PROD-KURTA-002,1836,kurta,Nalli,Tablet App,4,Positive,2022-08-29,40,True
REV-02885,PROD-ETHNIC-001,1378,Ethnic Dress,Amazon,Desktop Web,3,Neutral,2022-01-20,25,True
REV-02886,PROD-SET-002,2694,Set,Amazon,Desktop Web,5,Positive,2024-01-06,97,True
REV-02887,PROD-KURTA-001,4494,kurta,Nalli,Tablet App,2,Negative,2022-02-07,31,True
REV-02888,PROD-BLOUSE-001,40,Blouse,Amazon,Mobile App,4,Positive,2022-08-16,15,True
REV-02889,PROD-SET-001,190,Set,Nalli,Mobile App,4,Positive,2022-01-06,49,False
REV-02890,PROD-SET-002,4051,Set,Myntra,Tablet App,5,Positive,2022-10-12,94,False
REV-02891,PROD-LEHENGA-001,367,Lehenga Choli,Ajio,Mobile App,5,Positive,2024-07-30,69,True
REV-02892,PROD-TOP-002,4487,Top,Ajio,Tablet App,4,Positive,2022-06-18,33,True
REV-02893,PROD-DRESS-002,4889,Western Dress,Nalli,Mobile Web,2,Negative,2022-02-17,87,True
REV-02894,PROD-DRESS-002,2002,Western Dress,Ajio,Mobile App,4,Positive,2022-07-18,118,True
REV-02895,PROD-DUPATTA-001,758,Dupatta,Nalli,Mobile Web,5,Positive,2023-10-14,88,True
REV-02896,PROD-SAREE-001,1230,Saree,Amazon,Desktop Web,4,Positive,2023-09-25,81,True
REV-02897,PROD-KURTA-001,2654,kurta,Myntra,Mobile Web,2,Negative,2023-02-21,52,True
REV-02898,PROD-KURTA-001,4709,kurta,Nalli,Mobile Web,4,Positive,2024-02-08,36,False
REV-02899,PROD-TOP-001,3618,Top,Myntra,Mobile App,5,Positive,2024-06-03,12,True
REV-02900,PROD-LEHENGA-001,1141,Lehenga Choli,Nalli,Mobile App,3,Neutral,2022-02-02,88,False
REV-02901,PROD-SET-002,4206,Set,Ajio,Mobile Web,5,Positive,2023-04-01,0,True
REV-02902,PROD-BLOUSE-001,2840,Blouse,Nalli,Mobile App,3,Neutral,2024-12-23,63,True
REV-02903,PROD-SAREE-001,1863,Saree,Flipkart,Desktop Web,5,Positive,2024-08-15,52,True
REV-02904,PROD-SET-003,2822,Set,Ajio,Mobile App,5,Positive,2023-04-01,1,True
REV-02905,PROD-KURTA-003,4588,kurta,Myntra,Mobile Web,3,Neutral,2022-07-13,13,False
REV-02906,PROD-SET-001,1448,Set,Flipkart,Mobile Web,5,Positive,2022-05-23,72,True
REV-02907,PROD-TOP-002,938,Top,Amazon,Mobile App,5,Positive,2024-03-25,59,False
REV-02908,PROD-SET-003,3494,Set,Ajio,Mobile App,4,Positive,2023-06-26,6,True
REV-02909,PROD-SET-002,1175,Set,Ajio,Mobile App,5,Positive,2024-12-05,3,True
REV-02910,PROD-SET-003,4652,Set,Ajio,Mobile App,4,Positive,2022-09-18,44,True
REV-02911,PROD-SET-002,4362,Set,Flipkart,Mobile App,1,Negative,2023-06-26,63,True
REV-02912,PROD-ETHNIC-001,2119,Ethnic Dress,Flipkart,Tablet App,5,Positive,2023-04-05,92,True
REV-02913,PROD-TOP-002,3603,Top,Ajio,Desktop Web,5,Positive,2022-10-23,109,True
REV-02914,PROD-BLOUSE-001,878,Blouse,Nalli,Mobile App,5,Positive,2022-02-21,42,True
REV-02915,PROD-KURTA-001,2533,kurta,Ajio,Desktop Web,4,Positive,2023-02-24,33,True
REV-02916,PROD-SAREE-002,681,Saree,Ajio,Tablet App,5,Positive,2024-05-13,68,True
REV-02917,PROD-SET-003,1034,Set,Ajio,Desktop Web,5,Positive,2022-07-27,50,True
REV-02918,PROD-KURTA-001,3174,kurta,Flipkart,Tablet App,4,Positive,2024-05-06,19,True
REV-02919,PROD-TOP-001,3349,Top,Nalli,Tablet App,5,Positive,2024-06-24,65,True
REV-02920,PROD-SUIT-001,660,Suit,Myntra,Mobile App,4,Positive,2024-08-14,81,True
REV-02921,PROD-SAREE-002,892,Saree,Nalli,Mobile Web,1,Negative,2024-04-25,64,False
REV-02922,PROD-BOTTOM-002,1029,Bottom,Myntra,Mobile Web,5,Positive,2022-10-26,110,True
REV-02923,PROD-DRESS-001,3435,Western Dress,Ajio,Desktop Web,4,Positive,2023-09-22,14,True
REV-02924,PROD-KURTA-003,2071,kurta,Nalli,Mobile Web,4,Positive,2024-06-05,20,True
REV-02925,PROD-TOP-001,141,Top,Ajio,Mobile Web,5,Positive,2022-12-19,102,True
REV-02926,PROD-KURTA-003,4040,kurta,Myntra,Mobile App,5,Positive,2022-07-27,67,True
REV-02927,PROD-BOTTOM-001,1913,Bottom,Flipkart,Desktop Web,4,Positive,2024-05-28,43,False
REV-02928,PROD-TOP-002,1465,Top,Amazon,Mobile Web,4,Positive,2024-10-26,75,True
REV-02929,PROD-LEHENGA-001,3320,Lehenga Choli,Flipkart,Mobile App,1,Negative,2024-04-09,44,True
REV-02930,PROD-SET-001,747,Set,Myntra,Mobile Web,5,Positive,2023-01-08,39,True
REV-02931,PROD-TOP-001,2025,Top,Amazon,Mobile App,3,Neutral,2023-01-17,90,True
REV-02932,PROD-KURTA-002,3473,kurta,Amazon,Desktop Web,4,Positive,2024-12-17,63,True
REV-02933,PROD-SET-001,3155,Set,Amazon,Mobile App,5,Positive,2024-10-31,25,True
REV-02934,PROD-KURTA-002,861,kurta,Nalli,Tablet App,5,Positive,2023-02-17,70,False
REV-02935,PROD-SUIT-001,657,Suit,Amazon,Mobile Web,5,Positive,2022-04-12,4,True
REV-02936,PROD-DRESS-001,957,Western Dress,Myntra,Mobile App,4,Positive,2024-08-30,96,True
REV-02937,PROD-SET-001,4545,Set,Ajio,Mobile App,5,Positive,2024-08-13,99,True
REV-02938,PROD-BLOUSE-001,2907,Blouse,Nalli,Mobile App,5,Positive,2022-11-15,92,False
REV-02939,PROD-TOP-001,3823,Top,Nalli,Mobile Web,3,Neutral,2023-08-07,111,True
REV-02940,PROD-KURTA-001,1688,kurta,Ajio,Mobile Web,5,Positive,2022-06-07,28,True
REV-02941,PROD-DUPATTA-001,186,Dupatta,Ajio,Desktop Web,3,Neutral,2022-09-02,71,False
REV-02942,PROD-BOTTOM-001,3864,Bottom,Myntra,Tablet App,4,Positive,2022-01-08,76,True
REV-02943,PROD-DRESS-002,867,Western Dress,Ajio,Mobile App,4,Positive,2024-04-30,70,False
REV-02944,PROD-SET-001,1267,Set,Myntra,Desktop Web,5,Positive,2024-08-20,86,False
REV-02945,PROD-JACKET-001,2059,Jacket,Ajio,Tablet App,5,Positive,2024-02-26,99,True
REV-02946,PROD-LEHENGA-001,1858,Lehenga Choli,Amazon,Tablet App,3,Neutral,2023-11-25,112,True
REV-02947,PROD-LEHENGA-001,1492,Lehenga Choli,Flipkart,Mobile App,5,Positive,2022-01-15,86,False
REV-02948,PROD-SAREE-002,4101,Saree,Amazon,Mobile App,5,Positive,2024-08-11,21,True
REV-02949,PROD-TOP-002,1748,Top,Ajio,Desktop Web,3,Neutral,2022-10-04,20,True
REV-02950,PROD-BLOUSE-001,4936,Blouse,Ajio,Mobile Web,5,Positive,2024-02-27,108,True
REV-02951,PROD-TOP-001,164,Top,Ajio,Tablet App,4,Positive,2024-08-24,87,True
REV-02952,PROD-KURTA-003,2015,kurta,Nalli,Mobile Web,4,Positive,2022-08-31,89,True
REV-02953,PROD-KURTA-003,3331,kurta,Flipkart,Desktop Web,4,Positive,2022-08-25,49,True
REV-02954,PROD-KURTA-001,1783,kurta,Myntra,Mobile Web,4,Positive,2022-01-20,5,False
REV-02955,PROD-TOP-001,2311,Top,Myntra,Mobile App,5,Positive,2022-11-17,79,False
REV-02956,PROD-DRESS-002,4439,Western Dress,Flipkart,Mobile App,5,Positive,2023-08-14,28,True
REV-02957,PROD-KURTA-001,3483,kurta,Nalli,Mobile App,4,Positive,2022-08-08,104,True
REV-02958,PROD-SAREE-001,1208,Saree,Amazon,Mobile Web,5,Positive,2022-04-06,116,True
REV-02959,PROD-BLOUSE-001,4507,Blouse,Ajio,Mobile Web,4,Positive,2024-01-17,51,True
REV-02960,PROD-DRESS-002,1907,Western Dress,Flipkart,Mobile App,5,Positive,2023-11-07,11,True
REV-02961,PROD-SAREE-001,2263,Saree,Ajio,Tablet App,1,Negative,2022-08-31,33,True
REV-02962,PROD-BOTTOM-002,1002,Bottom,Flipkart,Tablet App,4,Positive,2024-05-19,31,False
REV-02963,PROD-SAREE-001,1121,Saree,Nalli,Mobile App,4,Positive,2022-08-16,115,True
REV-02964,PROD-BOTTOM-002,1098,Bottom,Myntra,Mobile Web,4,Positive,2022-07-21,97,False
REV-02965,PROD-BOTTOM-002,2968,Bottom,Flipkart,Desktop Web,4,Positive,2023-12-01,48,True
REV-02966,PROD-SUIT-001,3141,Suit,Amazon,Desktop Web,4,Positive,2023-04-11,37,True
REV-02967,PROD-ETHNIC-001,2296,Ethnic Dress,Ajio,Tablet App,5,Positive,2024-01-28,59,True
REV-02968,PROD-KURTA-002,834,kurta,Amazon,Tablet App,4,Positive,2024-06-23,26,True
REV-02969,PROD-DUPATTA-001,3148,Dupatta,Flipkart,Tablet App,4,Positive,2024-01-11,68,True
REV-02970,PROD-BOTTOM-002,1774,Bottom,Amazon,Tablet App,5,Positive,2022-05-06,40,True
REV-02971,PROD-DRESS-002,3624,Western Dress,Flipkart,Mobile App,4,Positive,2023-01-16,107,True
REV-02972,PROD-DUPATTA-001,1484,Dupatta,Ajio,Mobile App,5,Positive,2024-07-29,20,False
REV-02973,PROD-SET-003,4327,Set,Ajio,Desktop Web,4,Positive,2024-03-18,114,True
REV-02974,PROD-SET-003,375,Set,Ajio,Tablet App,5,Positive,2023-09-07,54,True
REV-02975,PROD-SET-002,1695,Set,Myntra,Tablet App,1,Negative,2024-02-12,8,True
REV-02976,PROD-SAREE-001,3899,Saree,Ajio,Desktop Web,4,Positive,2024-04-01,45,False
REV-02977,PROD-SET-002,3533,Set,Nalli,Tablet App,4,Positive,2024-12-19,77,True
REV-02978,PROD-ETHNIC-001,2157,Ethnic Dress,Nalli,Tablet App,5,Positive,2022-03-03,75,True
REV-02979,PROD-SET-003,3036,Set,Myntra,Mobile Web,2,Negative,2023-11-17,0,True
REV-02980,PROD-KURTA-001,3886,kurta,Myntra,Tablet App,5,Positive,2022-10-24,95,True
REV-02981,PROD-SAREE-001,3515,Saree,Flipkart,Mobile App,5,Positive,2024-07-09,40,True
REV-02982,PROD-SAREE-001,3881,Saree,Nalli,Tablet App,4,Positive,2022-04-29,63,True
REV-02983,PROD-SAREE-002,631,Saree,Nalli,Mobile App,4,Positive,2024-06-12,30,False
REV-02984,PROD-TOP-001,3907,Top,Myntra,Tablet App,3,Neutral,2023-01-06,95,True
REV-02985,PROD-BOTTOM-001,489,Bottom,Myntra,Desktop Web,5,Positive,2023-01-05,120,True
REV-02986,PROD-BOTTOM-002,3808,Bottom,Flipkart,Tablet App,3,Neutral,2022-06-03,54,False
REV-02987,PROD-SET-001,3465,Set,Myntra,Mobile App,5,Positive,2022-08-07,99,True
REV-02988,PROD-SET-003,935,Set,Flipkart,Mobile Web,5,Positive,2024-02-01,107,False
REV-02989,PROD-BLOUSE-001,266,Blouse,Flipkart,Desktop Web,5,Positive,2023-04-22,120,True
REV-02990,PROD-ETHNIC-001,1699,Ethnic Dress,Nalli,Desktop Web,5,Positive,2022-01-17,23,True
REV-02991,PROD-SET-003,784,Set,Flipkart,Desktop Web,5,Positive,2022-01-29,86,True
REV-02992,PROD-TOP-001,497,Top,Ajio,Mobile App,4,Positive,2022-06-08,111,True
REV-02993,PROD-BOTTOM-001,1770,Bottom,Amazon,Tablet App,4,Positive,2022-02-09,118,True
REV-02994,PROD-BOTTOM-001,2806,Bottom,Amazon,Mobile App,5,Positive,2022-03-22,37,False
REV-02995,PROD-DRESS-001,3759,Western Dress,Myntra,Mobile Web,4,Positive,2024-04-26,117,True
REV-02996,PROD-BLOUSE-001,3610,Blouse,Myntra,Mobile Web,5,Positive,2022-08-20,100,True
REV-02997,PROD-ETHNIC-001,4424,Ethnic Dress,Myntra,Mobile App,5,Positive,2022-01-11,94,True
REV-02998,PROD-SAREE-001,2866,Saree,Nalli,Mobile Web,4,Positive,2022-11-17,13,False
REV-02999,PROD-DRESS-002,1043,Western Dress,Ajio,Desktop Web,5,Positive,2023-04-06,97,True
REV-03000,PROD-SET-003,1312,Set,Nalli,Mobile App,4,Positive,2022-06-28,105,True
